tipo_muerte,zona,subzona,distrito,circuito,codigo_subcircuito,subcircuito,codigo_provincia,provincia,codigo_canton,canton,coordenada_y,coordenada_x,area_hecho,lugar,tipo_lugar,fecha_infraccion,hora_infraccion,arma,tipo_arma,presunta_motivacion,presun_motiva_observada,probable_causa_motivada,edad,medida_edad,sexo,genero,etnia,estado_civil,nacionalidad,discapacidad,profesion_registro_civil,instruccion
ASESINATO,ZONA 7,EL ORO,MACHALA,9 DE MAYO,07D02C01S01,9 DE MAYO 1,07,EL ORO,0701,MACHALA,"-3,28012","-79,96541",URBANO,VÍA PÚBLICA,PUBLICO,2026/01/01,01:25:00,ARMA DE FUEGO,PISTOLA,DELINCUENCIA COMÚN,TRÁFICO INTERNO DE DROGAS (MICROTRÁFICO),HERIDA POR ARMA DE FUEGO,33,A,HOMBRE,MASCULINO,MESTIZO/A,SOLTERO,ECUADOR,NINGUNA,TRABAJADOR GENERAL,SIN_DATO
ASESINATO,ZONA 1,ESMERALDAS,ESMERALDAS,AIRE LIBRE,08D01C03S01,AIRE LIBRE 1,08,ESMERALDAS,0801,ESMERALDAS,"0,94912","-79,64844",URBANO,VÍA PÚBLICA,PUBLICO,2026/01/01,04:00:00,ARMA DE FUEGO,OTROS ARMA LARGA,DELINCUENCIA COMÚN,AMENAZA,HERIDA POR ARMA DE FUEGO,50,A,HOMBRE,MASCULINO,MESTIZO/A,SOLTERO,ECUADOR,NINGUNA,TRABAJADOR GENERAL,SIN_DATO
ASESINATO,ZONA 8,D.M. GUAYAQUIL,FLORIDA,JUAN MONTALVO,09D06C04S04,JUAN MONTALVO 4,09,GUAYAS,0901,GUAYAQUIL,"-2,11707","-79,91748",URBANO,VÍA PÚBLICA,PUBLICO,2026/01/01,02:25:00,ARMA DE FUEGO,PISTOLA,DELINCUENCIA COMÚN,AMENAZA,HERIDA POR ARMA DE FUEGO,30,A,HOMBRE,MASCULINO,MESTIZO/A,SOLTERO,ECUADOR,NINGUNA,BACHILLER CIENCIAS,SIN_DATO
ASESINATO,ZONA 8,D.M. GUAYAQUIL,PORTETE,PORTETE,09D04C04S04,PORTETE 4,09,GUAYAS,0901,GUAYAQUIL,"-2,19092","-79,92567",URBANO,CASA/VILLA,PRIVADO,2026/01/01,05:00:00,ARMA DE FUEGO,PISTOLA,DELINCUENCIA COMÚN,AMENAZA,HERIDA POR ARMA DE FUEGO,48,A,HOMBRE,MASCULINO,MESTIZO/A,SOLTERO,ECUADOR,NINGUNA,TRABAJADOR PRIMARIO,SIN_DATO
ASESINATO,ZONA 1,IMBABURA,CIUDAD BLANCA,LAS LOMAS,10D01C09S01,LAS LOMAS 1,10,IMBABURA,1001,IBARRA,"0,36572","-78,13879",URBANO,CASA/VILLA,PRIVADO,2026/01/01,05:30:00,ARMA DE FUEGO,PISTOLA,DELINCUENCIA COMÚN,AMENAZA,HERIDA POR ARMA DE FUEGO,30,A,HOMBRE,MASCULINO,MESTIZO/A,SOLTERO,ECUADOR,NINGUNA,AYUDANTE/JORNALERO,BASICA
ASESINATO,ZONA 8,D.M. GUAYAQUIL,PASCUALES,PASCUALES,09D07C06S03,PASCUALES 3,09,GUAYAS,0901,GUAYAQUIL,"-2,06972","-79,93666",URBANO,VÍA PÚBLICA,PUBLICO,2026/01/01,03:30:00,ARMA DE FUEGO,PISTOLA,DELINCUENCIA COMÚN,AMENAZA,HERIDA POR ARMA DE FUEGO,47,A,HOMBRE,MASCULINO,MESTIZO/A,CASADO,ECUADOR,NINGUNA,TRABAJADOR GENERAL,SIN_DATO
ASESINATO,ZONA 5,LOS RÍOS,BUENA FE,BUENA FE ESTE,12D06C04S01,BUENA FE ESTE 1,12,LOS RÍOS,1210,BUENA FE,"-0,89132","-79,48263",URBANO,CASA/VILLA,PRIVADO,2026/01/01,01:30:00,ARMA DE FUEGO,PISTOLA,DELINCUENCIA COMÚN,AMENAZA,HERIDA POR ARMA DE FUEGO,15,A,HOMBRE,MASCULINO,MESTIZO/A,SOLTERO,ECUADOR,NINGUNA,ESTADO PERSONAL,SIN_DATO
ASESINATO,ZONA 5,LOS RÍOS,BUENA FE,BUENA FE ESTE,12D06C04S01,BUENA FE ESTE 1,12,LOS RÍOS,1210,BUENA FE,"-0,89132","-79,48263",URBANO,CASA/VILLA,PRIVADO,2026/01/01,01:30:00,ARMA DE FUEGO,PISTOLA,DELINCUENCIA COMÚN,AMENAZA,HERIDA POR ARMA DE FUEGO,22,A,HOMBRE,MASCULINO,MESTIZO/A,SOLTERO,ECUADOR,NINGUNA,ESTADO PERSONAL,SIN_DATO
ASESINATO,ZONA 5,LOS RÍOS,BUENA FE,BUENA FE ESTE,12D06C04S02,BUENA FE ESTE 2,12,LOS RÍOS,1210,BUENA FE,"-0,90552","-79,49634",URBANO,VÍA PÚBLICA,PUBLICO,2026/01/01,01:30:00,ARMA DE FUEGO,PISTOLA,DELINCUENCIA COMÚN,AMENAZA,HERIDA POR ARMA DE FUEGO,46,A,HOMBRE,MASCULINO,MESTIZO/A,DIVORCIADO,ECUADOR,NINGUNA,ESTADO PERSONAL,SIN_DATO
ASESINATO,ZONA 5,LOS RÍOS,BUENA FE,PATRICIA PILAR,12D06C05S01,PATRICIA PILAR 1,12,LOS RÍOS,1210,BUENA FE,"-0,5696","-79,36672",URBANO,VÍA PÚBLICA,PUBLICO,2026/01/01,05:00:00,ARMA DE FUEGO,PISTOLA,DELINCUENCIA COMÚN,AMENAZA,HERIDA POR ARMA DE FUEGO,24,A,HOMBRE,MASCULINO,MESTIZO/A,SOLTERO,ECUADOR,NINGUNA,ESTADO PERSONAL,SIN_DATO
ASESINATO,ZONA 5,LOS RÍOS,BUENA FE,BUENA FE OESTE,12D06C03S01,BUENA FE OESTE 1,12,LOS RÍOS,1210,BUENA FE,"-0,88822","-79,49506",URBANO,CASA/VILLA,PRIVADO,2026/01/01,04:30:00,ARMA DE FUEGO,PISTOLA,DELINCUENCIA COMÚN,AMENAZA,HERIDA POR ARMA DE FUEGO,60,A,HOMBRE,MASCULINO,MESTIZO/A,SOLTERO,ECUADOR,NINGUNA,AYUDANTE/JORNALERO,NINGUNA
ASESINATO,ZONA 5,LOS RÍOS,BUENA FE,BUENA FE OESTE,12D06C03S01,BUENA FE OESTE 1,12,LOS RÍOS,1210,BUENA FE,"-0,88822","-79,49506",URBANO,CASA/VILLA,PRIVADO,2026/01/01,04:30:00,ARMA DE FUEGO,PISTOLA,DELINCUENCIA COMÚN,AMENAZA,HERIDA POR ARMA DE FUEGO,35,A,HOMBRE,MASCULINO,MESTIZO/A,SOLTERO,ECUADOR,NINGUNA,TRABAJADOR PRIMARIO,SIN_DATO
ASESINATO,ZONA 5,LOS RÍOS,QUEVEDO,GALO PLAZA,12D03C05S01,GALO PLAZA 1,12,LOS RÍOS,1205,QUEVEDO,"-1,00567","-79,47042",URBANO,VÍA PÚBLICA,PUBLICO,2026/01/01,04:20:00,ARMA DE FUEGO,PISTOLA,DELINCUENCIA COMÚN,AMENAZA,HERIDA POR ARMA DE FUEGO,15,A,HOMBRE,MASCULINO,AFRO,SOLTERO,ECUADOR,NINGUNA,ESTADO PERSONAL,SIN_DATO
ASESINATO,ZONA 7,EL ORO,HUAQUILLAS,ARENILLAS,07D05C02S01,ARENILLAS 1,07,EL ORO,0702,ARENILLAS,"-3,54765","-80,0721",RURAL,CASA/VILLA,PRIVADO,2026/01/01,05:30:00,ARMA BLANCA,CUCHILLO,DELINCUENCIA COMÚN,AMENAZA,HERIDA POR ARMA BLANCA,28,A,HOMBRE,MASCULINO,MESTIZO/A,SOLTERO,ECUADOR,NINGUNA,ESTADO PERSONAL,BASICA
ASESINATO,ZONA 7,EL ORO,HUAQUILLAS,ARENILLAS,07D05C02S01,ARENILLAS 1,07,EL ORO,0702,ARENILLAS,"-3,54765","-80,0721",RURAL,CASA/VILLA,PRIVADO,2026/01/01,05:30:00,ARMA BLANCA,CUCHILLO,DELINCUENCIA COMÚN,AMENAZA,HERIDA POR ARMA BLANCA,28,A,HOMBRE,MASCULINO,MESTIZO/A,SOLTERO,ECUADOR,NINGUNA,ESTADO PERSONAL,BASICA
ASESINATO,ZONA 5,LOS RÍOS,BABAHOYO,BARREIRO,12D01C04S01,BARREIRO 1,12,LOS RÍOS,1201,BABAHOYO,"-1,79507","-79,5297",URBANO,CASA/VILLA,PRIVADO,2026/01/01,01:55:00,ARMA DE FUEGO,PISTOLA,DELINCUENCIA COMÚN,AMENAZA,HERIDA POR ARMA DE FUEGO,21,A,HOMBRE,MASCULINO,MESTIZO/A,SOLTERO,ECUADOR,NINGUNA,ESTADO PERSONAL,SIN_DATO
ASESINATO,ZONA 7,EL ORO,PASAJE,OCHOA LEÓN,07D01C10S01,OCHOA LEÓN 1,07,EL ORO,0709,PASAJE,"-3,32615","-79,81107",URBANO,VÍA PÚBLICA,PUBLICO,2026/01/01,14:40:00,ARMA DE FUEGO,PISTOLA,DELINCUENCIA COMÚN,TRÁFICO INTERNO DE DROGAS (MICROTRÁFICO),HERIDA POR ARMA DE FUEGO,26,A,HOMBRE,MASCULINO,MESTIZO/A,SOLTERO,ECUADOR,NINGUNA,TRABAJADOR GENERAL,SIN_DATO
ASESINATO,ZONA 5,GUAYAS,EMPALME,EMPALME SUROESTE,09D15C04S01,EMPALME SUROESTE 1,09,GUAYAS,0908,EL EMPALME,"-1,04393","-79,64276",URBANO,CASA/VILLA,PRIVADO,2026/01/01,16:00:00,ARMA DE FUEGO,FUSIL,DELINCUENCIA COMÚN,TRÁFICO INTERNO DE DROGAS (MICROTRÁFICO),HERIDA POR ARMA DE FUEGO,20,A,MUJER,FEMENINO,MESTIZO/A,SOLTERO,ECUADOR,NINGUNA,ESTADO PERSONAL,SIN_DATO
ASESINATO,ZONA 5,GUAYAS,EMPALME,EMPALME SUROESTE,09D15C04S01,EMPALME SUROESTE 1,09,GUAYAS,0908,EL EMPALME,"-1,04393","-79,64276",URBANO,CASA/VILLA,PRIVADO,2026/01/01,16:00:00,ARMA DE FUEGO,FUSIL,DELINCUENCIA COMÚN,TRÁFICO INTERNO DE DROGAS (MICROTRÁFICO),HERIDA POR ARMA DE FUEGO,21,A,HOMBRE,MASCULINO,MESTIZO/A,SOLTERO,ECUADOR,NINGUNA,ESTADO PERSONAL,SIN_DATO
ASESINATO,ZONA 5,GUAYAS,EMPALME,EMPALME CENTRO,09D15C06S01,EMPALME CENTRO 1,09,GUAYAS,0908,EL EMPALME,"-1,03986","-79,63056",RURAL,VÍA PÚBLICA,PUBLICO,2026/01/01,16:45:00,ARMA DE FUEGO,PISTOLA,DELINCUENCIA COMÚN,AMENAZA,HERIDA POR ARMA DE FUEGO,20,A,HOMBRE,MASCULINO,MESTIZO/A,SOLTERO,ECUADOR,NINGUNA,SIN_DATO,SIN_DATO
ASESINATO,ZONA 8,D.M. GUAYAQUIL,SUR - DMG,CENTENARIO,09D01C05S04,CENTENARIO 4,09,GUAYAS,0901,GUAYAQUIL,"-2,2225","-79,89858",URBANO,VÍA PÚBLICA,PUBLICO,2026/01/02,03:40:00,ARMA DE FUEGO,PISTOLA,DELINCUENCIA COMÚN,AMENAZA,HERIDA POR ARMA DE FUEGO,37,A,HOMBRE,MASCULINO,MESTIZO/A,SOLTERO,ECUADOR,NINGUNA,ARTESANO/OFICIO,SIN_DATO
ASESINATO,ZONA 5,LOS RÍOS,BUENA FE,BUENA FE OESTE,12D06C03S02,BUENA FE OESTE 2,12,LOS RÍOS,1210,BUENA FE,"-0,89521","-79,49234",URBANO,CASA/VILLA,PRIVADO,2026/01/01,22:50:00,ARMA DE FUEGO,PISTOLA,DELINCUENCIA COMÚN,AMENAZA,HERIDA POR ARMA DE FUEGO,39,A,HOMBRE,MASCULINO,MESTIZO/A,SOLTERO,ECUADOR,NINGUNA,ESTADO PERSONAL,SIN_DATO
ASESINATO,ZONA 8,D.M. GUAYAQUIL,DURÁN,DIVINO NIÑO,09D24C06S04,DIVINO NIÑO 4,09,GUAYAS,0907,DURÁN,"-2,17181","-79,83499",URBANO,VÍA PÚBLICA,PUBLICO,2026/01/01,05:00:00,ARMA DE FUEGO,PISTOLA,DELINCUENCIA COMÚN,AMENAZA,HERIDA POR ARMA DE FUEGO,32,A,HOMBRE,MASCULINO,MESTIZO/A,SOLTERO,ECUADOR,NINGUNA,TRABAJADOR GENERAL,SIN_DATO
ASESINATO,ZONA 6,CAÑAR,LA TRONCAL,TRONCAL CENTRO,03D03C02S01,TRONCAL CENTRO 1,03,CAÑAR,0304,LA TRONCAL,"-2,34938","-79,31205",RURAL,MAR,PUBLICO,2026/01/01,01:00:00,ARMA DE FUEGO,PISTOLA,DELINCUENCIA COMÚN,AMENAZA,HERIDA POR ARMA DE FUEGO,32,A,HOMBRE,MASCULINO,MESTIZO/A,SOLTERO,ECUADOR,NINGUNA,ESTADO PERSONAL,SIN_DATO
ASESINATO,ZONA 7,EL ORO,PASAJE,BUENA VISTA,07D01C07S01,BUENA VISTA 1,07,EL ORO,0709,PASAJE,"-3,31029","-79,85178",RURAL,CASA/VILLA,PRIVADO,2026/01/01,18:00:00,ARMA BLANCA,MACHETE,VIOLENCIA COMUNITARIA,RIÑAS,HERIDA POR ARMA BLANCA,55,A,HOMBRE,MASCULINO,MESTIZO/A,SOLTERO,ECUADOR,NINGUNA,TRABAJADOR PRIMARIO,SIN_DATO
ASESINATO,ZONA 5,GUAYAS,BALZAR,PALESTINA,09D13C09S01,PALESTINA 1,09,GUAYAS,0913,PALESTINA,"-1,70455","-79,96473",URBANO,VÍA PÚBLICA,PUBLICO,2026/01/02,02:00:00,ARMA DE FUEGO,PISTOLA,DELINCUENCIA COMÚN,AMENAZA,HERIDA POR ARMA DE FUEGO,19,A,HOMBRE,MASCULINO,MESTIZO/A,SOLTERO,ECUADOR,NINGUNA,BACHILLER CIENCIAS,SIN_DATO
ASESINATO,ZONA 5,GUAYAS,BALZAR,PALESTINA,09D13C09S01,PALESTINA 1,09,GUAYAS,0913,PALESTINA,"-1,70455","-79,96473",URBANO,VÍA PÚBLICA,PUBLICO,2026/01/02,02:00:00,ARMA DE FUEGO,PISTOLA,DELINCUENCIA COMÚN,AMENAZA,HERIDA POR ARMA DE FUEGO,26,A,HOMBRE,MASCULINO,MESTIZO/A,SOLTERO,ECUADOR,NINGUNA,BACHILLER CIENCIAS,SIN_DATO
ASESINATO,ZONA 4,MANABÍ,MANTA,MARÍA AUXILIADORA,13D02C08S02,MARÍA AUXILIADORA 2,13,MANABÍ,1308,MANTA,"-0,98139","-80,71441",URBANO,VÍA PÚBLICA,PUBLICO,2026/01/02,02:00:00,ARMA DE FUEGO,PISTOLA,DELINCUENCIA COMÚN,AMENAZA,HERIDA POR ARMA DE FUEGO,16,A,MUJER,FEMENINO,MESTIZO/A,SOLTERO,ECUADOR,NINGUNA,SIN_DATO,SIN_DATO
ASESINATO,ZONA 4,MANABÍ,MANTA,MARÍA AUXILIADORA,13D02C08S02,MARÍA AUXILIADORA 2,13,MANABÍ,1308,MANTA,"-0,98139","-80,71441",URBANO,VÍA PÚBLICA,PUBLICO,2026/01/02,02:00:00,ARMA DE FUEGO,PISTOLA,DELINCUENCIA COMÚN,AMENAZA,HERIDA POR ARMA DE FUEGO,17,A,MUJER,FEMENINO,MESTIZO/A,SOLTERO,ECUADOR,NINGUNA,ESTADO PERSONAL,SIN_DATO
ASESINATO,ZONA 4,MANABÍ,MANTA,MARÍA AUXILIADORA,13D02C08S02,MARÍA AUXILIADORA 2,13,MANABÍ,1308,MANTA,"-0,98139","-80,71441",URBANO,VÍA PÚBLICA,PUBLICO,2026/01/02,02:00:00,ARMA DE FUEGO,PISTOLA,DELINCUENCIA COMÚN,AMENAZA,HERIDA POR ARMA DE FUEGO,20,A,HOMBRE,MASCULINO,MESTIZO/A,SOLTERO,ECUADOR,NINGUNA,ESTADO PERSONAL,SIN_DATO
ASESINATO,ZONA 4,MANABÍ,MANTA,MARÍA AUXILIADORA,13D02C08S02,MARÍA AUXILIADORA 2,13,MANABÍ,1308,MANTA,"-0,98139","-80,71441",URBANO,VÍA PÚBLICA,PUBLICO,2026/01/02,02:00:00,ARMA DE FUEGO,PISTOLA,DELINCUENCIA COMÚN,AMENAZA,HERIDA POR ARMA DE FUEGO,17,A,HOMBRE,MASCULINO,MESTIZO/A,SOLTERO,ECUADOR,NINGUNA,ESTADO PERSONAL,SIN_DATO
ASESINATO,ZONA 7,EL ORO,MACHALA,JAMBELI CENTRO,07D02C09S02,JAMBELI CENTRO 2,07,EL ORO,0701,MACHALA,"-3,25251","-79,98483",URBANO,VÍA PÚBLICA,PUBLICO,2026/01/01,23:10:00,ARMA BLANCA,CUCHILLO,DELINCUENCIA COMÚN,AMENAZA,HERIDA POR ARMA BLANCA,36,A,HOMBRE,MASCULINO,MESTIZO/A,SOLTERO,ECUADOR,NINGUNA,TRABAJADOR GENERAL,SIN_DATO
ASESINATO,ZONA 4,MANABÍ,PORTOVIEJO,EL FLORÓN,13D01C04S03,EL FLORÓN 3,13,MANABÍ,1301,PORTOVIEJO,"-1,06586","-80,45563",URBANO,VÍA PÚBLICA,PUBLICO,2026/01/02,14:00:00,ARMA DE FUEGO,PISTOLA,DELINCUENCIA COMÚN,TRÁFICO INTERNO DE DROGAS (MICROTRÁFICO),HERIDA POR ARMA DE FUEGO,47,A,HOMBRE,MASCULINO,MESTIZO/A,SOLTERO,ECUADOR,NINGUNA,ESTADO PERSONAL,SIN_DATO
ASESINATO,ZONA 5,GUAYAS,EMPALME,EMPALME CENTRO,09D15C06S01,EMPALME CENTRO 1,09,GUAYAS,0908,EL EMPALME,"-1,03831","-79,62971",URBANO,CASA/VILLA,PRIVADO,2026/01/02,12:00:00,ARMA DE FUEGO,OTROS ARMA CORTA,DELINCUENCIA COMÚN,AMENAZA,HERIDA POR ARMA DE FUEGO,54,A,HOMBRE,MASCULINO,MESTIZO/A,SOLTERO,ECUADOR,NINGUNA,AYUDANTE/JORNALERO,SIN_DATO
ASESINATO,ZONA 5,GUAYAS,EMPALME,EMPALME CENTRO,09D15C06S01,EMPALME CENTRO 1,09,GUAYAS,0908,EL EMPALME,"-1,04072","-79,63631",URBANO,VÍA PÚBLICA,PUBLICO,2026/01/02,16:00:00,ARMA DE FUEGO,OTROS ARMA CORTA,DELINCUENCIA COMÚN,AMENAZA,HERIDA POR ARMA DE FUEGO,27,A,HOMBRE,MASCULINO,MESTIZO/A,SOLTERO,ECUADOR,NINGUNA,ESTADO PERSONAL,SIN_DATO
ASESINATO,ZONA 8,D.M. GUAYAQUIL,NUEVA PROSPERINA,FORTIN,09D08C02S03,FORTIN 3,09,GUAYAS,0901,GUAYAQUIL,"-2,11144","-79,95816",URBANO,VÍA PÚBLICA,PUBLICO,2026/01/02,16:30:00,ARMA DE FUEGO,FUSIL,DELINCUENCIA COMÚN,TRÁFICO INTERNO DE DROGAS (MICROTRÁFICO),HERIDA POR ARMA DE FUEGO,18,A,MUJER,FEMENINO,NO DETERMINADO,SOLTERO,ECUADOR,NINGUNA,ESTADO PERSONAL,SIN_DATO
ASESINATO,ZONA 8,D.M. GUAYAQUIL,NUEVA PROSPERINA,FORTIN,09D08C02S03,FORTIN 3,09,GUAYAS,0901,GUAYAQUIL,"-2,11144","-79,95816",URBANO,VÍA PÚBLICA,PUBLICO,2026/01/02,16:30:00,ARMA DE FUEGO,FUSIL,DELINCUENCIA COMÚN,TRÁFICO INTERNO DE DROGAS (MICROTRÁFICO),HERIDA POR ARMA DE FUEGO,27,A,HOMBRE,MASCULINO,AFRO,SOLTERO,ECUADOR,NINGUNA,TRABAJADOR GENERAL,SIN_DATO
ASESINATO,ZONA 8,D.M. GUAYAQUIL,NUEVA PROSPERINA,FORTIN,09D08C02S03,FORTIN 3,09,GUAYAS,0901,GUAYAQUIL,"-2,11144","-79,95816",URBANO,VÍA PÚBLICA,PUBLICO,2026/01/02,16:30:00,ARMA DE FUEGO,FUSIL,DELINCUENCIA COMÚN,TRÁFICO INTERNO DE DROGAS (MICROTRÁFICO),HERIDA POR ARMA DE FUEGO,19,A,HOMBRE,MASCULINO,NO DETERMINADO,SOLTERO,ECUADOR,NINGUNA,ESTADO PERSONAL,SIN_DATO
ASESINATO,ZONA 8,D.M. GUAYAQUIL,NUEVA PROSPERINA,FORTIN,09D08C02S02,FORTIN 2,09,GUAYAS,0901,GUAYAQUIL,"-2,10533","-79,95534",URBANO,VÍA PÚBLICA,PUBLICO,2026/01/02,18:00:00,ARMA DE FUEGO,PISTOLA,DELINCUENCIA COMÚN,AMENAZA,HERIDA POR ARMA DE FUEGO,21,A,HOMBRE,MASCULINO,NO DETERMINADO,SOLTERO,ECUADOR,NINGUNA,BACHILLER CIENCIAS,SIN_DATO
ASESINATO,ZONA 8,D.M. GUAYAQUIL,NUEVA PROSPERINA,FORTIN,09D08C02S02,FORTIN 2,09,GUAYAS,0901,GUAYAQUIL,"-2,10533","-79,95534",URBANO,VÍA PÚBLICA,PUBLICO,2026/01/02,18:00:00,ARMA DE FUEGO,PISTOLA,DELINCUENCIA COMÚN,AMENAZA,HERIDA POR ARMA DE FUEGO,18,A,HOMBRE,MASCULINO,NO DETERMINADO,SOLTERO,ECUADOR,NINGUNA,ESTADO PERSONAL,SIN_DATO
ASESINATO,ZONA 5,LOS RÍOS,QUEVEDO,CONTROL,12D03C02S02,CONTROL 2,12,LOS RÍOS,1205,QUEVEDO,"-1,00377","-79,47676",URBANO,VÍA PÚBLICA,PUBLICO,2026/01/01,14:30:00,ARMA DE FUEGO,PISTOLA,DELINCUENCIA COMÚN,AMENAZA,HERIDA POR ARMA DE FUEGO,38,A,HOMBRE,MASCULINO,NO DETERMINADO,SOLTERO,ECUADOR,NINGUNA,ESTADO PERSONAL,SECUNDARIA
ASESINATO,ZONA 4,MANABÍ,BOLÍVAR JUNÍN,JUNÍN SUR,13D06C07S01,JUNÍN SUR 1,13,MANABÍ,1307,JUNÍN,"-0,93085","-80,20496",RURAL,CASA/VILLA,PRIVADO,2026/01/03,00:00:00,ARMA DE FUEGO,PISTOLA,DELINCUENCIA COMÚN,TRÁFICO INTERNO DE DROGAS (MICROTRÁFICO),HERIDA POR ARMA DE FUEGO,31,A,HOMBRE,MASCULINO,MESTIZO/A,SOLTERO,ECUADOR,NINGUNA,ARTESANO/OFICIO,SIN_DATO
ASESINATO,ZONA 8,D.M. GUAYAQUIL,PORTETE,SALINAS,09D04C03S01,SALINAS 1,09,GUAYAS,0901,GUAYAQUIL,"-2,20191","-79,91471",URBANO,VÍA PÚBLICA,PUBLICO,2026/01/02,23:25:00,ARMA DE FUEGO,OTROS ARMA CORTA,DELINCUENCIA COMÚN,AMENAZA,HERIDA POR ARMA DE FUEGO,28,A,HOMBRE,MASCULINO,MESTIZO/A,SOLTERO,ECUADOR,NINGUNA,BACHILLER CIENCIAS,SIN_DATO
ASESINATO,ZONA 8,D.M. GUAYAQUIL,ESTEROS,TRINITARIA NORTE,09D02C04S04,TRINITARIA NORTE 4,09,GUAYAS,0901,GUAYAQUIL,"-2,2324","-79,93198",URBANO,VÍA PÚBLICA,PUBLICO,2026/01/03,05:25:00,ARMA DE FUEGO,OTROS ARMA CORTA,DELINCUENCIA COMÚN,AMENAZA,HERIDA POR ARMA DE FUEGO,44,A,HOMBRE,MASCULINO,MESTIZO/A,SOLTERO,ECUADOR,NINGUNA,FARMACEUTICO,SIN_DATO
ASESINATO,ZONA 7,EL ORO,PASAJE,PROGRESO,07D01C13S01,PROGRESO 1,07,EL ORO,0709,PASAJE,"-3,2699","-79,73682",RURAL,CANCHAS DE USO MÚLTIPLE,PUBLICO,2026/01/01,02:48:00,ARMA DE FUEGO,PISTOLA,DELINCUENCIA COMÚN,AMENAZA,HERIDA POR ARMA DE FUEGO,18,A,HOMBRE,MASCULINO,MESTIZO/A,SOLTERO,ECUADOR,NINGUNA,ESTADO PERSONAL,SIN_DATO
ASESINATO,ZONA 8,D.M. GUAYAQUIL,PASCUALES,PASCUALES,09D07C06S03,PASCUALES 3,09,GUAYAS,0901,GUAYAQUIL,"-2,07006","-79,93173",URBANO,VÍA PÚBLICA,PUBLICO,2026/01/02,20:10:00,ARMA DE FUEGO,OTROS ARMA CORTA,DELINCUENCIA COMÚN,AMENAZA,HERIDA POR ARMA DE FUEGO,15,A,HOMBRE,MASCULINO,MESTIZO/A,SOLTERO,ECUADOR,NINGUNA,SIN_DATO,SIN_DATO
ASESINATO,ZONA 7,EL ORO,MACHALA,ROCAFUERTE,07D02C11S01,ROCAFUERTE 1,07,EL ORO,0701,MACHALA,"-3,26111","-79,96101",URBANO,HOSPITALES,PRIVADO,2026/01/02,18:40:00,ARMA DE FUEGO,PISTOLA,DELINCUENCIA COMÚN,AMENAZA,HERIDA POR ARMA DE FUEGO,35,A,HOMBRE,MASCULINO,MESTIZO/A,SOLTERO,ECUADOR,NINGUNA,BACHILLER TÉCNICO,SIN_DATO
ASESINATO,ZONA 6,AZUAY,CUENCA SUR,CAYAMBE,01D02C09S02,CAYAMBE 2,01,AZUAY,0101,CUENCA,"-2,88326","-79,02517",URBANO,VÍA PÚBLICA,PUBLICO,2026/01/02,18:30:00,ARMA DE FUEGO,PISTOLA,DELINCUENCIA COMÚN,AMENAZA,HERIDA POR ARMA DE FUEGO,34,A,HOMBRE,MASCULINO,MESTIZO/A,SOLTERO,ECUADOR,NINGUNA,ESTADO PERSONAL,SIN_DATO
ASESINATO,ZONA 1,SUCUMBÍOS,LAGO AGRIO,LAS PALMERAS,21D02C04S01,LAS PALMERAS 1,21,SUCUMBÍOS,2101,LAGO AGRIO,"0,09377","-76,88854",URBANO,PARQUEADEROS,PUBLICO,2026/01/02,19:50:00,ARMA DE FUEGO,PISTOLA,DELINCUENCIA COMÚN,AMENAZA,HERIDA POR ARMA DE FUEGO,31,A,HOMBRE,MASCULINO,MESTIZO/A,SOLTERO,ECUADOR,NINGUNA,BACHILLER TÉCNICO,SIN_DATO
ASESINATO,ZONA 5,LOS RÍOS,BUENA FE,PATRICIA PILAR,12D06C05S01,PATRICIA PILAR 1,12,LOS RÍOS,1210,BUENA FE,"-0,5695","-79,37133",URBANO,CASA/VILLA,PRIVADO,2026/01/02,10:00:00,ARMA DE FUEGO,PISTOLA,DELINCUENCIA COMÚN,AMENAZA,HERIDA POR ARMA DE FUEGO,38,A,HOMBRE,MASCULINO,AFRO,SOLTERO,ECUADOR,NINGUNA,AYUDANTE/JORNALERO,SIN_DATO
ASESINATO,ZONA 5,LOS RÍOS,BABAHOYO,MONTALVO,12D01C18S01,MONTALVO 1,12,LOS RÍOS,1203,MONTALVO,"-1,79369","-79,28652",URBANO,VÍA PÚBLICA,PUBLICO,2026/01/02,21:20:00,ARMA DE FUEGO,PISTOLA,DELINCUENCIA COMÚN,AMENAZA,HERIDA POR ARMA DE FUEGO,30,A,HOMBRE,MASCULINO,MESTIZO/A,SOLTERO,ECUADOR,NINGUNA,AYUDANTE/JORNALERO,SIN_DATO
ASESINATO,ZONA 6,AZUAY,PONCE ENRÍQUEZ,CAMILO PONCE ENRÍQUEZ,01D07C02S01,CAMILO PONCE ENRÍQUEZ 1,01,AZUAY,0115,CAMILO PONCE ENRÍQUEZ,"-3,06149","-79,75351",RURAL,VÍA PÚBLICA,PUBLICO,2026/01/02,05:30:00,ARMA BLANCA,MACHETE,DELINCUENCIA COMÚN,AMENAZA,HERIDA POR ARMA BLANCA,25,A,HOMBRE,MASCULINO,MESTIZO/A,NO DETERMINADO,NO DETERMINADO,NINGUNA,SIN_DATO,SIN_DATO
ASESINATO,ZONA 5,LOS RÍOS,BABAHOYO,UNIVERSIDAD,12D01C08S02,UNIVERSIDAD 2,12,LOS RÍOS,1201,BABAHOYO,"-1,80981","-79,5144",URBANO,VÍA PÚBLICA,PUBLICO,2026/01/02,20:20:00,ARMA DE FUEGO,REVOLVER,DELINCUENCIA COMÚN,AMENAZA,HERIDA POR ARMA DE FUEGO,24,A,HOMBRE,MASCULINO,OTROS,NO DETERMINADO,VENEZUELA,NINGUNA,SIN_DATO,SIN_DATO
ASESINATO,ZONA 2,ORELLANA,ORELLANA LORETO,LORETO,22D02C02S01,LORETO 1,22,ORELLANA,2204,LORETO,"-0,6785","-77,32559",RURAL,RÍO,PUBLICO,2026/01/02,07:00:00,ARMA DE FUEGO,PISTOLA,DELINCUENCIA COMÚN,AMENAZA,HERIDA POR ARMA DE FUEGO,30,A,HOMBRE,MASCULINO,AFRO,NO DETERMINADO,ECUADOR,NINGUNA,SIN_DATO,SIN_DATO
ASESINATO,ZONA 5,SANTA ELENA,SANTA ELENA,CHANDUY,24D01C01S01,CHANDUY 1,24,SANTA ELENA,2401,SANTA ELENA,"-2,39822","-80,69302",URBANO,VÍA PÚBLICA,PUBLICO,2026/01/02,21:45:00,ARMA DE FUEGO,PISTOLA,DELINCUENCIA COMÚN,TRÁFICO INTERNO DE DROGAS (MICROTRÁFICO),HERIDA POR ARMA DE FUEGO,44,A,HOMBRE,MASCULINO,MESTIZO/A,CASADO,ECUADOR,NINGUNA,TRABAJADOR GENERAL,BASICA
HOMICIDIO,ZONA 7,LOJA,ESPÍNDOLA,EL INGENIO,11D05C02S01,EL INGENIO 1,11,LOJA,1106,ESPÍNDOLA,"-4,41642","-79,4317",RURAL,CANCHAS DE USO MÚLTIPLE,PUBLICO,2026/01/01,04:00:00,OTROS,NINGUNA,VIOLENCIA COMUNITARIA,RIÑAS,HERIDAS CONTUSAS,44,A,HOMBRE,MASCULINO,MESTIZO/A,DIVORCIADO,ECUADOR,NINGUNA,TRABAJADOR PRIMARIO,SIN_DATO
HOMICIDIO,ZONA 1,ESMERALDAS,ATACAMES,MUISNE,08D03C02S03,MUISNE 3,08,ESMERALDAS,0803,MUISNE,"0,61523","-80,01546",URBANO,RÍO,PUBLICO,2026/01/01,05:00:00,CONSTRICTORA,SOGA,DELINCUENCIA COMÚN,ROBO A PERSONAS,ESTRANGULACION,50,A,HOMBRE,MASCULINO,MESTIZO/A,SOLTERO,COLOMBIA,NINGUNA,ESTADO PERSONAL,SIN_DATO
ASESINATO,ZONA 8,D.M. GUAYAQUIL,PROGRESO,POSORJA,09D10C02S01,POSORJA 1,09,GUAYAS,0901,GUAYAQUIL,"-2,70421","-80,26421",RURAL,VÍA PÚBLICA,PUBLICO,2026/01/02,02:00:00,ARMA BLANCA,CORTO PUNZANTE,DELINCUENCIA COMÚN,AMENAZA,HERIDA POR ARMA BLANCA,30,A,HOMBRE,MASCULINO,MESTIZO/A,NO DETERMINADO,NO DETERMINADO,NINGUNA,SIN_DATO,SIN_DATO
SICARIATO,ZONA 5,GUAYAS,NARANJAL BALAO,VILLA NUEVA,09D12C08S01,VILLA NUEVA 1,09,GUAYAS,0911,NARANJAL,"-2,56155","-79,60386",RURAL,FINCA,PRIVADO,2026/01/03,16:00:00,ARMA DE FUEGO,PISTOLA,DELINCUENCIA COMÚN,AMENAZA,HERIDA POR ARMA DE FUEGO,27,A,HOMBRE,MASCULINO,MESTIZO/A,CASADO,ECUADOR,NINGUNA,TRABAJADOR GENERAL,SIN_DATO
ASESINATO,ZONA 7,EL ORO,MACHALA,JAMBELI CENTRO,07D02C09S02,JAMBELI CENTRO 2,07,EL ORO,0701,MACHALA,"-3,24827","-79,97887",URBANO,CASA/VILLA,PRIVADO,2026/01/03,10:00:00,ARMA DE FUEGO,PISTOLA,DELINCUENCIA COMÚN,AMENAZA,HERIDA POR ARMA DE FUEGO,53,A,HOMBRE,MASCULINO,MESTIZO/A,CASADO,ECUADOR,NINGUNA,TRABAJADOR COMERCIAL,SIN_DATO
SICARIATO,ZONA 4,MANABÍ,PORTOVIEJO,COLON,13D01C01S02,COLON 2,13,MANABÍ,1301,PORTOVIEJO,"-1,13848","-80,39832",URBANO,VÍA PÚBLICA,PUBLICO,2026/01/03,17:40:00,ARMA DE FUEGO,PISTOLA,DELINCUENCIA COMÚN,TRÁFICO INTERNO DE DROGAS (MICROTRÁFICO),HERIDA POR ARMA DE FUEGO,37,A,HOMBRE,MASCULINO,MESTIZO/A,SOLTERO,ECUADOR,NINGUNA,TRABAJADOR GENERAL,SIN_DATO
HOMICIDIO,ZONA 9,D.M. QUITO,ELOY ALFARO - DMQ,SANTA ANITA,17D06C03S02,SANTA ANITA 2,17,PICHINCHA,1701,QUITO,"-0,26056","-78,53897",URBANO,VÍA PÚBLICA,PUBLICO,2026/01/03,20:30:00,ARMA DE FUEGO,PISTOLA,DELINCUENCIA COMÚN,AMENAZA,HERIDA POR ARMA DE FUEGO,42,A,HOMBRE,MASCULINO,MESTIZO/A,SOLTERO,ECUADOR,NINGUNA,AYUDANTE/JORNALERO,BASICA
ASESINATO,ZONA 8,D.M. GUAYAQUIL,DURÁN,DIVINO NIÑO,09D24C06S01,DIVINO NIÑO 1,09,GUAYAS,0907,DURÁN,"-2,17322","-79,82855",URBANO,VÍA PÚBLICA,PUBLICO,2026/01/03,16:00:00,ARMA DE FUEGO,PISTOLA,DELINCUENCIA COMÚN,AMENAZA,HERIDA POR ARMA DE FUEGO,17,A,HOMBRE,MASCULINO,MESTIZO/A,SOLTERO,ECUADOR,NINGUNA,SIN_DATO,SIN_DATO
ASESINATO,ZONA 8,D.M. GUAYAQUIL,PORTETE,CISNE,09D04C01S05,CISNE 5,09,GUAYAS,0901,GUAYAQUIL,"-2,21512","-79,92624",URBANO,VÍA PÚBLICA,PUBLICO,2026/01/03,15:00:00,ARMA DE FUEGO,PISTOLA,DELINCUENCIA COMÚN,AMENAZA,HERIDA POR ARMA DE FUEGO,22,A,HOMBRE,MASCULINO,MESTIZO/A,SOLTERO,ECUADOR,NINGUNA,BACHILLER CIENCIAS,SIN_DATO
ASESINATO,ZONA 8,D.M. GUAYAQUIL,DURÁN,DIVINO NIÑO,09D24C06S04,DIVINO NIÑO 4,09,GUAYAS,0907,DURÁN,"-2,16101","-79,83202",URBANO,VÍA PÚBLICA,PUBLICO,2026/01/03,23:20:00,ARMA DE FUEGO,PISTOLA,DELINCUENCIA COMÚN,AMENAZA,HERIDA POR ARMA DE FUEGO,45,A,HOMBRE,MASCULINO,MESTIZO/A,SOLTERO,ECUADOR,NINGUNA,TRABAJADOR GENERAL,SIN_DATO
ASESINATO,ZONA 8,D.M. GUAYAQUIL,NUEVA PROSPERINA,FLOR DE BASTIÓN,09D08C04S04,FLOR DE BASTIÓN 4,09,GUAYAS,0901,GUAYAQUIL,"-2,06522","-79,97726",URBANO,VÍA PÚBLICA,PUBLICO,2026/01/03,11:00:00,ARMA DE FUEGO,PISTOLA,DELINCUENCIA COMÚN,TRÁFICO INTERNO DE DROGAS (MICROTRÁFICO),HERIDA POR ARMA DE FUEGO,29,A,HOMBRE,MASCULINO,MESTIZO/A,SOLTERO,ECUADOR,NINGUNA,BACHILLER CIENCIAS,SIN_DATO
ASESINATO,ZONA 8,D.M. GUAYAQUIL,NUEVA PROSPERINA,PARAÍSO LA FLOR,09D08C03S03,PARAÍSO LA FLOR 3,09,GUAYAS,0901,GUAYAQUIL,"-2,09584","-79,97172",URBANO,VÍA PÚBLICA,PUBLICO,2026/01/03,17:00:00,ARMA DE FUEGO,PISTOLA,DELINCUENCIA COMÚN,TRÁFICO INTERNO DE DROGAS (MICROTRÁFICO),HERIDA POR ARMA DE FUEGO,18,A,HOMBRE,MASCULINO,MESTIZO/A,SOLTERO,ECUADOR,NINGUNA,ESTADO PERSONAL,SIN_DATO
ASESINATO,ZONA 5,GUAYAS,NARANJITO MARCELINO MARIDUEÑA,NARANJITO SUR,09D18C02S01,NARANJITO SUR 1,09,GUAYAS,0912,NARANJITO,"-2,16793","-79,45805",URBANO,VÍA PÚBLICA,PUBLICO,2026/01/03,11:40:00,ARMA DE FUEGO,PISTOLA,DELINCUENCIA COMÚN,TRÁFICO INTERNO DE DROGAS (MICROTRÁFICO),HERIDA POR ARMA DE FUEGO,48,A,HOMBRE,MASCULINO,MESTIZO/A,SOLTERO,ECUADOR,NINGUNA,TRABAJADOR GENERAL,SIN_DATO
ASESINATO,ZONA 8,D.M. GUAYAQUIL,NUEVA PROSPERINA,PARAÍSO LA FLOR,09D08C03S03,PARAÍSO LA FLOR 3,09,GUAYAS,0901,GUAYAQUIL,"-2,09584","-79,97172",URBANO,VÍA PÚBLICA,PUBLICO,2026/01/03,17:00:00,ARMA DE FUEGO,PISTOLA,DELINCUENCIA COMÚN,TRÁFICO INTERNO DE DROGAS (MICROTRÁFICO),HERIDA POR ARMA DE FUEGO,35,A,HOMBRE,MASCULINO,MESTIZO/A,SOLTERO,ECUADOR,NINGUNA,ESTADO PERSONAL,SIN_DATO
FEMICIDIO,ZONA 3,PASTAZA,PASTAZA,PUYO SUR,16D01C01S03,PUYO SUR 3,16,PASTAZA,1601,PASTAZA,"-1,50183","-78,00208",URBANO,CASA/VILLA,PRIVADO,2026/01/03,18:00:00,ARMA DE FUEGO,REVOLVER,VIOLENCIA COMUNITARIA,EMOCIONAL,HERIDA POR ARMA DE FUEGO,17,A,MUJER,FEMENINO,MESTIZO/A,SOLTERO,ECUADOR,NINGUNA,SIN_DATO,SIN_DATO
ASESINATO,ZONA 8,D.M. GUAYAQUIL,FLORIDA,MARTHA DE ROLDÓS,09D06C02S06,MARTHA DE ROLDÓS 6,09,GUAYAS,0901,GUAYAQUIL,"-2,15102","-79,92285",URBANO,VÍA PÚBLICA,PUBLICO,2026/01/03,19:00:00,ARMA DE FUEGO,PISTOLA,DELINCUENCIA COMÚN,TRÁFICO INTERNO DE DROGAS (MICROTRÁFICO),HERIDA POR ARMA DE FUEGO,30,A,HOMBRE,MASCULINO,MESTIZO/A,SOLTERO,ECUADOR,NINGUNA,ESTADO PERSONAL,SIN_DATO
ASESINATO,ZONA 8,D.M. GUAYAQUIL,NUEVA PROSPERINA,PARAÍSO LA FLOR,09D08C03S01,PARAÍSO LA FLOR 1,09,GUAYAS,0901,GUAYAQUIL,"-2,10384","-79,95572",URBANO,TERRENO BALDÍO,PUBLICO,2026/01/03,18:00:00,ARMA DE FUEGO,PISTOLA,DELINCUENCIA COMÚN,AMENAZA,HERIDA POR ARMA DE FUEGO,SIN_DATO,SIN_DATO,HOMBRE,MASCULINO,MESTIZO/A,NO DETERMINADO,NO DETERMINADO,NINGUNA,SIN_DATO,SIN_DATO
ASESINATO,ZONA 8,D.M. GUAYAQUIL,PASCUALES,PASCUALES,09D07C06S03,PASCUALES 3,09,GUAYAS,0901,GUAYAQUIL,"-2,06955","-79,93772",URBANO,VÍA PÚBLICA,PUBLICO,2026/01/03,20:40:00,ARMA DE FUEGO,PISTOLA,DELINCUENCIA COMÚN,AMENAZA,HERIDA POR ARMA DE FUEGO,17,A,HOMBRE,MASCULINO,MESTIZO/A,SOLTERO,ECUADOR,NINGUNA,ESTADO PERSONAL,SIN_DATO
ASESINATO,ZONA 8,D.M. GUAYAQUIL,SUR - DMG,GUASMO,09D01C01S01,GUASMO 1,09,GUAYAS,0901,GUAYAQUIL,"-2,28502","-79,87656",URBANO,VÍA PÚBLICA,PUBLICO,2026/01/03,21:50:00,ARMA DE FUEGO,PISTOLA,DELINCUENCIA COMÚN,AMENAZA,HERIDA POR ARMA DE FUEGO,34,A,HOMBRE,MASCULINO,MESTIZO/A,SOLTERO,ECUADOR,NINGUNA,ESTADO PERSONAL,SIN_DATO
ASESINATO,ZONA 8,D.M. GUAYAQUIL,NUEVA PROSPERINA,FORTIN,09D08C02S02,FORTIN 2,09,GUAYAS,0901,GUAYAQUIL,"-2,10573","-79,95507",URBANO,VÍA PÚBLICA,PUBLICO,2026/01/03,13:30:00,ARMA DE FUEGO,PISTOLA,DELINCUENCIA COMÚN,ROBO A PERSONAS,HERIDA POR ARMA DE FUEGO,26,A,HOMBRE,MASCULINO,MESTIZO/A,SOLTERO,ECUADOR,NINGUNA,ESTADO PERSONAL,SIN_DATO
ASESINATO,ZONA 5,LOS RÍOS,QUEVEDO,LA MERCED,12D03C04S01,LA MERCED 1,12,LOS RÍOS,1205,QUEVEDO,"-1,00656","-79,45632",URBANO,VÍA PÚBLICA,PUBLICO,2026/01/03,21:50:00,ARMA DE FUEGO,PISTOLA,DELINCUENCIA COMÚN,AMENAZA,HERIDA POR ARMA DE FUEGO,49,A,HOMBRE,MASCULINO,MESTIZO/A,SOLTERO,ECUADOR,NINGUNA,TRABAJADOR GENERAL,NINGUNA
ASESINATO,ZONA 8,D.M. GUAYAQUIL,9 DE OCTUBRE,GARAY,09D03C04S04,GARAY 4,09,GUAYAS,0901,GUAYAQUIL,"-2,19772","-79,90634",URBANO,VÍA PÚBLICA,PUBLICO,2026/01/04,00:42:00,ARMA DE FUEGO,PISTOLA,DELINCUENCIA COMÚN,AMENAZA,HERIDA POR ARMA DE FUEGO,29,A,HOMBRE,MASCULINO,MESTIZO/A,SOLTERO,ECUADOR,NINGUNA,TRABAJADOR GENERAL,SIN_DATO
ASESINATO,ZONA 8,D.M. GUAYAQUIL,9 DE OCTUBRE,GARAY,09D03C04S04,GARAY 4,09,GUAYAS,0901,GUAYAQUIL,"-2,19772","-79,90634",URBANO,VÍA PÚBLICA,PUBLICO,2026/01/04,00:42:00,ARMA DE FUEGO,PISTOLA,DELINCUENCIA COMÚN,AMENAZA,HERIDA POR ARMA DE FUEGO,37,A,MUJER,FEMENINO,MESTIZO/A,SOLTERO,ECUADOR,NINGUNA,TRABAJADOR GENERAL,SIN_DATO
ASESINATO,ZONA 5,LOS RÍOS,PUEBLO VIEJO,PUEBLO VIEJO,12D02C01S01,PUEBLO VIEJO 1,12,LOS RÍOS,1204,PUEBLOVIEJO,"-1,54915","-79,53268",URBANO,VÍA PÚBLICA,PUBLICO,2026/01/04,07:10:00,ARMA DE FUEGO,REVOLVER,DELINCUENCIA COMÚN,AMENAZA,HERIDA POR ARMA DE FUEGO,35,A,HOMBRE,MASCULINO,MESTIZO/A,SOLTERO,ECUADOR,NINGUNA,ESTADO PERSONAL,SIN_DATO
ASESINATO,ZONA 5,LOS RÍOS,PUEBLO VIEJO,RICAURTE,12D02C05S01,RICAURTE 1,12,LOS RÍOS,1206,URDANETA,"-1,58956","-79,42222",RURAL,CASA/VILLA,PRIVADO,2026/01/04,04:00:00,ARMA DE FUEGO,PISTOLA,DELINCUENCIA COMÚN,AMENAZA,HERIDA POR ARMA DE FUEGO,35,A,HOMBRE,MASCULINO,MESTIZO/A,CASADO,ECUADOR,NINGUNA,ESTADO PERSONAL,SIN_DATO
ASESINATO,ZONA 3,TUNGURAHUA,AMBATO SUR,SANTA ROSA,18D02C10S01,SANTA ROSA 1,18,TUNGURAHUA,1801,AMBATO,"-1,28287","-78,64763",RURAL,TERRENO BALDÍO,PUBLICO,2026/01/04,01:25:00,ARMA DE FUEGO,PISTOLA,DELINCUENCIA COMÚN,ROBO DE CARROS,HERIDA POR ARMA DE FUEGO,38,A,HOMBRE,MASCULINO,MESTIZO/A,CASADO,ECUADOR,NINGUNA,TRABAJADOR COMERCIAL,BASICA
ASESINATO,ZONA 8,D.M. GUAYAQUIL,PASCUALES,MUCHO LOTE,09D07C04S01,MUCHO LOTE 1,09,GUAYAS,0901,GUAYAQUIL,"-2,08741","-79,91559",URBANO,VÍA PÚBLICA,PUBLICO,2026/01/04,12:00:00,ARMA DE FUEGO,PISTOLA,DELINCUENCIA COMÚN,AMENAZA,HERIDA POR ARMA DE FUEGO,28,A,HOMBRE,MASCULINO,MESTIZO/A,SOLTERO,ECUADOR,NINGUNA,ESTADO PERSONAL,BASICA
ASESINATO,ZONA 5,LOS RÍOS,PUEBLO VIEJO,RICAURTE,12D02C05S01,RICAURTE 1,12,LOS RÍOS,1206,URDANETA,"-1,60089","-79,42388",RURAL,FINCA,PRIVADO,2026/01/04,04:00:00,ARMA DE FUEGO,PISTOLA,DELINCUENCIA COMÚN,AMENAZA,HERIDA POR ARMA DE FUEGO,37,A,HOMBRE,MASCULINO,MESTIZO/A,NO DETERMINADO,ECUADOR,NINGUNA,ESTADO PERSONAL,SIN_DATO
ASESINATO,ZONA 5,SANTA ELENA,LIBERTAD SALINAS,ANCONCITO,24D02C08S01,ANCONCITO 1,24,SANTA ELENA,2403,SALINAS,"-2,32228","-80,88402",URBANO,VÍA PÚBLICA,PUBLICO,2026/01/04,17:45:00,ARMA DE FUEGO,PISTOLA,DELINCUENCIA COMÚN,AMENAZA,HERIDA POR ARMA DE FUEGO,19,A,HOMBRE,MASCULINO,MESTIZO/A,SOLTERO,ECUADOR,PSICOLOGICA,TRABAJADOR GENERAL,SIN_DATO
ASESINATO,ZONA 8,D.M. GUAYAQUIL,ESTEROS,TRINITARIA NORTE,09D02C04S03,TRINITARIA NORTE 3,09,GUAYAS,0901,GUAYAQUIL,"-2,23749","-79,92673",URBANO,VÍA PÚBLICA,PUBLICO,2026/01/04,15:00:00,ARMA DE FUEGO,PISTOLA,DELINCUENCIA COMÚN,AMENAZA,HERIDA POR ARMA DE FUEGO,30,A,HOMBRE,MASCULINO,MESTIZO/A,SOLTERO,ECUADOR,NINGUNA,SERVIDOR PÚBLICO,BACHILLERATO
ASESINATO,ZONA 5,LOS RÍOS,PUEBLO VIEJO,SAN JUAN,12D02C02S01,SAN JUAN 1,12,LOS RÍOS,1204,PUEBLOVIEJO,"-1,64132","-79,58435",RURAL,CASA/VILLA,PRIVADO,2026/01/04,17:50:00,ARMA DE FUEGO,OTROS ARMA LARGA,DELINCUENCIA COMÚN,AMENAZA,HERIDA POR ARMA DE FUEGO,54,A,HOMBRE,MASCULINO,MESTIZO/A,NO DETERMINADO,ECUADOR,NINGUNA,TRABAJADOR GENERAL,BASICA
ASESINATO,ZONA 5,LOS RÍOS,VENTANAS,VENTANAS CENTRO,12D04C05S01,VENTANAS CENTRO 1,12,LOS RÍOS,1207,VENTANAS,"-1,44524","-79,45859",URBANO,VÍA PÚBLICA,PUBLICO,2026/01/04,18:00:00,ARMA DE FUEGO,PISTOLA,DELINCUENCIA COMÚN,AMENAZA,HERIDA POR ARMA DE FUEGO,18,A,HOMBRE,MASCULINO,MESTIZO/A,NO DETERMINADO,ECUADOR,NINGUNA,ESTADO PERSONAL,SIN_DATO
ASESINATO,ZONA 5,GUAYAS,MILAGRO,ROBERTO ASTUDILLO,09D17C15S01,ROBERTO ASTUDILLO 1,09,GUAYAS,0910,MILAGRO,"-2,14902","-79,46267",RURAL,FINCA,PRIVADO,2026/01/04,16:40:00,ARMA DE FUEGO,PISTOLA,DELINCUENCIA COMÚN,AMENAZA,HERIDA POR ARMA DE FUEGO,22,A,HOMBRE,MASCULINO,MESTIZO/A,SOLTERO,ECUADOR,NINGUNA,ESTADO PERSONAL,SIN_DATO
ASESINATO,ZONA 5,GUAYAS,MILAGRO,ROBERTO ASTUDILLO,09D17C15S01,ROBERTO ASTUDILLO 1,09,GUAYAS,0910,MILAGRO,"-2,14902","-79,46267",RURAL,FINCA,PRIVADO,2026/01/04,16:40:00,ARMA DE FUEGO,PISTOLA,DELINCUENCIA COMÚN,AMENAZA,HERIDA POR ARMA DE FUEGO,22,A,HOMBRE,MASCULINO,MESTIZO/A,SOLTERO,ECUADOR,NINGUNA,BACHILLER CIENCIAS,SIN_DATO
ASESINATO,ZONA 8,D.M. GUAYAQUIL,DURÁN,DIVINO NIÑO,09D24C06S03,DIVINO NIÑO 3,09,GUAYAS,0907,DURÁN,"-2,15823","-79,81718",URBANO,VÍA PÚBLICA,PUBLICO,2026/01/04,18:00:00,ARMA DE FUEGO,PISTOLA,DELINCUENCIA COMÚN,TRÁFICO INTERNO DE DROGAS (MICROTRÁFICO),HERIDA POR ARMA DE FUEGO,19,A,HOMBRE,MASCULINO,MESTIZO/A,SOLTERO,ECUADOR,NINGUNA,TRABAJADOR COMERCIAL,SIN_DATO
ASESINATO,ZONA 8,D.M. GUAYAQUIL,SUR - DMG,7 LAGOS,09D01C04S04,7 LAGOS 4,09,GUAYAS,0901,GUAYAQUIL,"-2,24288","-79,89175",URBANO,VÍA PÚBLICA,PUBLICO,2026/01/04,22:30:00,ARMA DE FUEGO,PISTOLA,DELINCUENCIA COMÚN,AMENAZA,HERIDA POR ARMA DE FUEGO,17,A,HOMBRE,MASCULINO,MESTIZO/A,SOLTERO,ECUADOR,NINGUNA,ESTADO PERSONAL,SIN_DATO
ASESINATO,ZONA 7,LOJA,MACARÁ,MACARÁ,11D07C01S02,MACARÁ 2,11,LOJA,1108,MACARÁ,"-4,38831","-79,9473",RURAL,VÍA PÚBLICA,PUBLICO,2026/01/04,09:25:00,ARMA BLANCA,CUCHILLO,VIOLENCIA COMUNITARIA,RIÑAS,HERIDA POR ARMA BLANCA,32,A,HOMBRE,MASCULINO,MESTIZO/A,SOLTERO,ECUADOR,NINGUNA,ESTADO PERSONAL,PRIMARIA
ASESINATO,ZONA 8,D.M. GUAYAQUIL,DURÁN,CENTRO,09D24C02S01,CENTRO 1,09,GUAYAS,0907,DURÁN,"-2,17724","-79,83448",URBANO,VÍA PÚBLICA,PUBLICO,2026/01/04,19:00:00,ARMA DE FUEGO,PISTOLA,DELINCUENCIA COMÚN,AMENAZA,HERIDA POR ARMA DE FUEGO,24,A,HOMBRE,MASCULINO,MESTIZO/A,SOLTERO,ECUADOR,NINGUNA,MAESTRO DE OBRA/CONSTRUCCIÓN,SIN_DATO
ASESINATO,ZONA 8,D.M. GUAYAQUIL,DURÁN,CENTRO,09D24C02S01,CENTRO 1,09,GUAYAS,0907,DURÁN,"-2,17724","-79,83448",URBANO,VÍA PÚBLICA,PUBLICO,2026/01/04,19:00:00,ARMA DE FUEGO,PISTOLA,DELINCUENCIA COMÚN,AMENAZA,HERIDA POR ARMA DE FUEGO,17,A,HOMBRE,MASCULINO,MESTIZO/A,SOLTERO,ECUADOR,NINGUNA,SIN_DATO,SIN_DATO
ASESINATO,ZONA 8,D.M. GUAYAQUIL,DURÁN,CENTRO,09D24C02S01,CENTRO 1,09,GUAYAS,0907,DURÁN,"-2,17724","-79,83448",URBANO,VÍA PÚBLICA,PUBLICO,2026/01/04,19:00:00,ARMA DE FUEGO,PISTOLA,DELINCUENCIA COMÚN,AMENAZA,HERIDA POR ARMA DE FUEGO,33,A,HOMBRE,MASCULINO,MESTIZO/A,NO DETERMINADO,PERU,NINGUNA,SIN_DATO,SIN_DATO
ASESINATO,ZONA 8,D.M. GUAYAQUIL,DURÁN,DIVINO NIÑO,09D24C06S01,DIVINO NIÑO 1,09,GUAYAS,0907,DURÁN,"-2,17155","-79,81748",URBANO,VÍA PÚBLICA,PUBLICO,2026/01/05,04:00:00,ARMA DE FUEGO,PISTOLA,DELINCUENCIA COMÚN,AMENAZA,HERIDA POR ARMA DE FUEGO,28,A,HOMBRE,MASCULINO,MESTIZO/A,SOLTERO,ECUADOR,NINGUNA,ESTADO PERSONAL,SIN_DATO
ASESINATO,ZONA 5,LOS RÍOS,PUEBLO VIEJO,RICAURTE,12D02C05S01,RICAURTE 1,12,LOS RÍOS,1206,URDANETA,"-1,56963","-79,46732",RURAL,VÍA PÚBLICA,PUBLICO,2026/01/04,03:30:00,ARMA DE FUEGO,CARTUCHERA,DELINCUENCIA COMÚN,AMENAZA,HERIDA POR ARMA DE FUEGO,39,A,HOMBRE,MASCULINO,OTROS,SOLTERO,ECUADOR,NINGUNA,AYUDANTE/JORNALERO,SIN_DATO
ASESINATO,ZONA 8,D.M. GUAYAQUIL,PASCUALES,ORQUÍDEAS,09D07C05S02,ORQUÍDEAS 2,09,GUAYAS,0901,GUAYAQUIL,"-2,08357","-79,89988",URBANO,VÍA PÚBLICA,PUBLICO,2026/01/04,19:40:00,ARMA DE FUEGO,PISTOLA,DELINCUENCIA COMÚN,TRÁFICO INTERNO DE DROGAS (MICROTRÁFICO),HERIDA POR ARMA DE FUEGO,43,A,HOMBRE,TRANSGENERO MASCULINO,MESTIZO/A,SOLTERO,ECUADOR,NINGUNA,ESTADO PERSONAL,BACHILLERATO
ASESINATO,ZONA 5,LOS RÍOS,BABAHOYO,TERMINAL TERRESTRE,12D01C06S01,TERMINAL TERRESTRE 1,12,LOS RÍOS,1201,BABAHOYO,"-1,80612","-79,54103",URBANO,VÍA PÚBLICA,PUBLICO,2026/01/04,16:30:00,ARMA DE FUEGO,OTRO,DELINCUENCIA COMÚN,AMENAZA,HERIDA POR ARMA DE FUEGO,30,A,HOMBRE,MASCULINO,MESTIZO/A,SOLTERO,ECUADOR,NINGUNA,ESTADO PERSONAL,BACHILLERATO
ASESINATO,ZONA 8,D.M. GUAYAQUIL,PORTETE,CHALA,09D04C02S02,CHALA 2,09,GUAYAS,0901,GUAYAQUIL,"-2,20285","-79,92577",URBANO,VÍA PÚBLICA,PUBLICO,2026/01/04,22:50:00,ARMA DE FUEGO,PISTOLA,DELINCUENCIA COMÚN,TRÁFICO INTERNO DE DROGAS (MICROTRÁFICO),HERIDA POR ARMA DE FUEGO,23,A,HOMBRE,MASCULINO,MESTIZO/A,SOLTERO,ECUADOR,NINGUNA,ESTADO PERSONAL,SIN_DATO
ASESINATO,ZONA 8,D.M. GUAYAQUIL,PROGRESO,POSORJA,09D10C02S01,POSORJA 1,09,GUAYAS,0901,GUAYAQUIL,"-2,70429","-80,26453",RURAL,VÍA PÚBLICA,PUBLICO,2026/01/05,01:00:00,ARMA DE FUEGO,OTROS ARMA CORTA,DELINCUENCIA COMÚN,AMENAZA,HERIDA POR ARMA DE FUEGO,17,A,HOMBRE,MASCULINO,MESTIZO/A,SOLTERO,ECUADOR,NINGUNA,SIN_DATO,SIN_DATO
ASESINATO,ZONA 8,D.M. GUAYAQUIL,PROGRESO,POSORJA,09D10C02S01,POSORJA 1,09,GUAYAS,0901,GUAYAQUIL,"-2,70429","-80,26453",RURAL,VÍA PÚBLICA,PUBLICO,2026/01/05,01:00:00,ARMA DE FUEGO,OTROS ARMA CORTA,DELINCUENCIA COMÚN,AMENAZA,HERIDA POR ARMA DE FUEGO,17,A,HOMBRE,MASCULINO,MESTIZO/A,SOLTERO,ECUADOR,NINGUNA,ESTADO PERSONAL,SIN_DATO
ASESINATO,ZONA 4,MANABÍ,MANTA,LEONIDAS PROAÑO,13D02C16S01,LEONIDAS PROAÑO 1,13,MANABÍ,1309,MONTECRISTI,"-1,00196","-80,69425",URBANO,CASA/VILLA,PRIVADO,2026/01/04,20:00:00,ARMA DE FUEGO,PISTOLA,DELINCUENCIA COMÚN,AMENAZA,HERIDA POR ARMA DE FUEGO,64,A,HOMBRE,MASCULINO,MESTIZO/A,CASADO,ECUADOR,NINGUNA,TRABAJADOR GENERAL,SIN_DATO
ASESINATO,ZONA 4,MANABÍ,MANTA,LA PRADERA,13D02C02S03,LA PRADERA 3,13,MANABÍ,1308,MANTA,"-0,97915","-80,68577",URBANO,VÍA PÚBLICA,PUBLICO,2026/01/04,23:00:00,ARMA DE FUEGO,PISTOLA,DELINCUENCIA COMÚN,TRÁFICO INTERNO DE DROGAS (MICROTRÁFICO),HERIDA POR ARMA DE FUEGO,34,A,HOMBRE,MASCULINO,MESTIZO/A,SOLTERO,ECUADOR,NINGUNA,ESTADO PERSONAL,SIN_DATO
ASESINATO,ZONA 4,STO DGO DE LOS TSÁCHILAS,SANTO DOMINGO ESTE,JULIO MORENO,23D01C17S01,JULIO MORENO 1,23,STO DGO DE LOS TSÁCHILAS,2301,SANTO DOMINGO,"-0,35106","-79,18742",RURAL,VÍA PÚBLICA,PUBLICO,2026/01/05,00:10:00,ARMA DE FUEGO,PISTOLA,DELINCUENCIA COMÚN,AMENAZA,HERIDA POR ARMA DE FUEGO,47,A,HOMBRE,MASCULINO,MESTIZO/A,SOLTERO,ECUADOR,NINGUNA,TRABAJADOR GENERAL,SIN_DATO
ASESINATO,ZONA 8,D.M. GUAYAQUIL,PASCUALES,SAN FRANCISCO,09D07C07S02,SAN FRANCISCO 2,09,GUAYAS,0901,GUAYAQUIL,"-2,05292","-79,94452",URBANO,CENTROS DE REHABILITACIÓN SOCIAL,PRIVADO,2026/01/02,17:00:00,CONSTRICTORA,PRENDA TEXTIL,DELINCUENCIA COMÚN,AMENAZA,AHORCADURA,32,A,HOMBRE,MASCULINO,MESTIZO/A,SOLTERO,ECUADOR,NINGUNA,ESTADO PERSONAL,SIN_DATO
ASESINATO,ZONA 7,EL ORO,MACHALA,RAYITO DE LUZ,07D02C04S02,RAYITO DE LUZ 2,07,EL ORO,0701,MACHALA,"-3,26507","-79,92709",URBANO,VÍA PÚBLICA,PUBLICO,2026/01/05,11:20:00,ARMA DE FUEGO,PISTOLA,DELINCUENCIA COMÚN,TRÁFICO INTERNO DE DROGAS (MICROTRÁFICO),HERIDA POR ARMA DE FUEGO,46,A,HOMBRE,MASCULINO,MESTIZO/A,CASADO,ECUADOR,NINGUNA,CHOFER/CONDUCTOR,SIN_DATO
ASESINATO,ZONA 8,D.M. GUAYAQUIL,SUR - DMG,7 LAGOS,09D01C04S03,7 LAGOS 3,09,GUAYAS,0901,GUAYAQUIL,"-2,24802","-79,88393",URBANO,VÍA PÚBLICA,PUBLICO,2026/01/05,01:14:00,ARMA DE FUEGO,PISTOLA,DELINCUENCIA COMÚN,TRÁFICO INTERNO DE DROGAS (MICROTRÁFICO),HERIDA POR ARMA DE FUEGO,24,A,HOMBRE,MASCULINO,MESTIZO/A,SOLTERO,ECUADOR,NINGUNA,TRABAJADOR GENERAL,SIN_DATO
ASESINATO,ZONA 8,D.M. GUAYAQUIL,ESTEROS,MALVINAS SUR,09D02C02S01,MALVINAS SUR 1,09,GUAYAS,0901,GUAYAQUIL,"-2,23068","-79,89967",URBANO,VÍA PÚBLICA,PUBLICO,2026/01/05,11:15:00,ARMA DE FUEGO,PISTOLA,DELINCUENCIA COMÚN,AMENAZA,HERIDA POR ARMA DE FUEGO,44,A,HOMBRE,MASCULINO,MESTIZO/A,CASADO,ECUADOR,NINGUNA,ESTADO PERSONAL,SUPERIOR
ASESINATO,ZONA 8,D.M. GUAYAQUIL,NUEVA PROSPERINA,PARAÍSO LA FLOR,09D08C03S03,PARAÍSO LA FLOR 3,09,GUAYAS,0901,GUAYAQUIL,"-2,09584","-79,97172",URBANO,VÍA PÚBLICA,PUBLICO,2026/01/03,17:00:00,ARMA DE FUEGO,PISTOLA,DELINCUENCIA COMÚN,TRÁFICO INTERNO DE DROGAS (MICROTRÁFICO),HERIDA POR ARMA DE FUEGO,36,A,HOMBRE,MASCULINO,MESTIZO/A,SOLTERO,ECUADOR,NINGUNA,ESTADO PERSONAL,SIN_DATO
ASESINATO,ZONA 8,D.M. GUAYAQUIL,PROGRESO,PROGRESO,09D10C03S01,PROGRESO 1,09,GUAYAS,0901,GUAYAQUIL,"-2,2047","-80,10349",URBANO,LAGUNA - LAGO,PUBLICO,2026/01/04,11:30:00,ARMA DE FUEGO,PISTOLA,DELINCUENCIA COMÚN,AMENAZA,HERIDA POR ARMA DE FUEGO,SIN_DATO,SIN_DATO,HOMBRE,MASCULINO,MESTIZO/A,NO DETERMINADO,NO DETERMINADO,NINGUNA,SIN_DATO,SIN_DATO
ASESINATO,ZONA 8,D.M. GUAYAQUIL,MODELO,KENNEDY,09D05C06S01,KENNEDY 1,09,GUAYAS,0901,GUAYAQUIL,"-2,18489","-79,88966",URBANO,VÍA PÚBLICA,PUBLICO,2026/01/05,00:40:00,ARMA DE FUEGO,OTRO,DELINCUENCIA COMÚN,AMENAZA,HERIDA POR ARMA DE FUEGO,40,A,HOMBRE,MASCULINO,MESTIZO/A,NO DETERMINADO,NO DETERMINADO,NINGUNA,SIN_DATO,SIN_DATO
ASESINATO,ZONA 8,D.M. GUAYAQUIL,PROGRESO,PROGRESO,09D10C03S01,PROGRESO 1,09,GUAYAS,0901,GUAYAQUIL,"-2,2047","-80,10349",URBANO,LAGUNA - LAGO,PUBLICO,2026/01/04,11:30:00,ARMA DE FUEGO,PISTOLA,DELINCUENCIA COMÚN,AMENAZA,HERIDA POR ARMA DE FUEGO,SIN_DATO,SIN_DATO,HOMBRE,MASCULINO,MESTIZO/A,NO DETERMINADO,NO DETERMINADO,NINGUNA,SIN_DATO,SIN_DATO
ASESINATO,ZONA 7,EL ORO,MACHALA,EL CAMBIO,07D02C12S01,EL CAMBIO 1,07,EL ORO,0701,MACHALA,"-3,28471","-79,90641",URBANO,VÍA PÚBLICA,PUBLICO,2026/01/05,18:30:00,ARMA DE FUEGO,PISTOLA,DELINCUENCIA COMÚN,TRÁFICO INTERNO DE DROGAS (MICROTRÁFICO),HERIDA POR ARMA DE FUEGO,22,A,HOMBRE,MASCULINO,MESTIZO/A,SOLTERO,ECUADOR,NINGUNA,BACHILLER TÉCNICO,SIN_DATO
ASESINATO,ZONA 7,EL ORO,PASAJE,BAJO ALTO,07D01C04S01,BAJO ALTO 1,07,EL ORO,0706,EL GUABO,"-3,22547","-79,8274",RURAL,VÍA PÚBLICA,PUBLICO,2026/01/05,19:30:00,ARMA DE FUEGO,PISTOLA,DELINCUENCIA COMÚN,AMENAZA,HERIDA POR ARMA DE FUEGO,31,A,HOMBRE,MASCULINO,MESTIZO/A,SOLTERO,ECUADOR,NINGUNA,BACHILLER CIENCIAS,SIN_DATO
ASESINATO,ZONA 8,D.M. GUAYAQUIL,NUEVA PROSPERINA,PARAÍSO LA FLOR,09D08C03S02,PARAÍSO LA FLOR 2,09,GUAYAS,0901,GUAYAQUIL,"-2,09993","-79,96029",URBANO,VÍA PÚBLICA,PUBLICO,2026/01/05,02:50:00,ARMA BLANCA,OTRO,DELINCUENCIA COMÚN,TRÁFICO INTERNO DE DROGAS (MICROTRÁFICO),HERIDA POR ARMA BLANCA,16,A,MUJER,FEMENINO,MESTIZO/A,SOLTERO,ECUADOR,NINGUNA,SIN_DATO,SIN_DATO
ASESINATO,ZONA 8,D.M. GUAYAQUIL,9 DE OCTUBRE,VENEZUELA,09D03C05S02,VENEZUELA 2,09,GUAYAS,0901,GUAYAQUIL,"-2,20197","-79,89613",URBANO,VÍA PÚBLICA,PUBLICO,2026/01/05,15:47:00,ARMA DE FUEGO,PISTOLA,DELINCUENCIA COMÚN,TRÁFICO INTERNO DE DROGAS (MICROTRÁFICO),HERIDA POR ARMA DE FUEGO,19,A,HOMBRE,MASCULINO,MESTIZO/A,SOLTERO,ECUADOR,NINGUNA,ESTADO PERSONAL,SIN_DATO
ASESINATO,ZONA 1,SUCUMBÍOS,SHUSHUFINDI,LA PRIMAVERA,21D04C01S01,LA PRIMAVERA 1,21,SUCUMBÍOS,2104,SHUSHUFINDI,"-0,18573","-76,65121",URBANO,VÍA PÚBLICA,PUBLICO,2026/01/05,19:30:00,ARMA DE FUEGO,PISTOLA,DELINCUENCIA COMÚN,AMENAZA,HERIDA POR ARMA DE FUEGO,25,A,HOMBRE,MASCULINO,MESTIZO/A,SOLTERO,ECUADOR,NINGUNA,ESTADO PERSONAL,SIN_DATO
ASESINATO,ZONA 7,EL ORO,PASAJE,BAJO ALTO,07D01C04S01,BAJO ALTO 1,07,EL ORO,0706,EL GUABO,"-3,25066","-79,85351",URBANO,VÍA PÚBLICA,PUBLICO,2026/01/05,15:45:00,ARMA DE FUEGO,PISTOLA,DELINCUENCIA COMÚN,AMENAZA,HERIDA POR ARMA DE FUEGO,27,A,HOMBRE,MASCULINO,OTROS,SOLTERO,ECUADOR,NINGUNA,TRABAJADOR PRIMARIO,SIN_DATO
ASESINATO,ZONA 4,MANABÍ,PAJÁN,MONUMENTOS,13D09C01S01,MONUMENTOS 1,13,MANABÍ,1310,PAJÁN,"-1,54247","-80,42339",RURAL,RÍO,PUBLICO,2026/01/05,14:00:00,ARMA DE FUEGO,PISTOLA,DELINCUENCIA COMÚN,TRÁFICO INTERNO DE DROGAS (MICROTRÁFICO),HERIDA POR ARMA DE FUEGO,22,A,HOMBRE,MASCULINO,MESTIZO/A,SOLTERO,ECUADOR,NINGUNA,SIN_DATO,SIN_DATO
ASESINATO,ZONA 5,GUAYAS,NARANJAL BALAO,VILLA NUEVA,09D12C08S01,VILLA NUEVA 1,09,GUAYAS,0911,NARANJAL,"-2,58828","-79,52886",RURAL,CASA/VILLA,PRIVADO,2026/01/06,01:40:00,ARMA DE FUEGO,PISTOLA,DELINCUENCIA COMÚN,AMENAZA,HERIDA POR ARMA DE FUEGO,23,A,HOMBRE,MASCULINO,AFRO,SOLTERO,ECUADOR,NINGUNA,ESTADO PERSONAL,SIN_DATO
ASESINATO,ZONA 5,GUAYAS,NARANJAL BALAO,VILLA NUEVA,09D12C08S01,VILLA NUEVA 1,09,GUAYAS,0911,NARANJAL,"-2,58828","-79,52886",RURAL,CASA/VILLA,PRIVADO,2026/01/06,01:40:00,ARMA DE FUEGO,PISTOLA,DELINCUENCIA COMÚN,AMENAZA,HERIDA POR ARMA DE FUEGO,27,A,HOMBRE,MASCULINO,AFRO,SOLTERO,ECUADOR,NINGUNA,ESTADO PERSONAL,SIN_DATO
ASESINATO,ZONA 5,GUAYAS,NARANJAL BALAO,VILLA NUEVA,09D12C08S01,VILLA NUEVA 1,09,GUAYAS,0911,NARANJAL,"-2,58828","-79,52886",RURAL,CASA/VILLA,PRIVADO,2026/01/06,01:40:00,ARMA DE FUEGO,PISTOLA,DELINCUENCIA COMÚN,AMENAZA,HERIDA POR ARMA DE FUEGO,21,A,HOMBRE,MASCULINO,AFRO,SOLTERO,ECUADOR,NINGUNA,ESTADO PERSONAL,SIN_DATO
ASESINATO,ZONA 7,EL ORO,PASAJE,LAS PRADERAS,07D01C09S01,LAS PRADERAS 1,07,EL ORO,0709,PASAJE,"-3,33381","-79,80704",URBANO,VÍA PÚBLICA,PUBLICO,2026/01/05,21:05:00,ARMA DE FUEGO,PISTOLA,DELINCUENCIA COMÚN,AMENAZA,HERIDA POR ARMA DE FUEGO,29,A,HOMBRE,MASCULINO,MESTIZO/A,CASADO,ECUADOR,NINGUNA,TRABAJADOR GENERAL,SIN_DATO
ASESINATO,ZONA 5,GUAYAS,NARANJAL BALAO,VILLA NUEVA,09D12C08S01,VILLA NUEVA 1,09,GUAYAS,0911,NARANJAL,"-2,58828","-79,52886",RURAL,CASA/VILLA,PRIVADO,2026/01/06,01:40:00,ARMA DE FUEGO,PISTOLA,DELINCUENCIA COMÚN,AMENAZA,HERIDA POR ARMA DE FUEGO,23,A,HOMBRE,MASCULINO,AFRO,SOLTERO,ECUADOR,NINGUNA,TRABAJADOR GENERAL,SIN_DATO
ASESINATO,ZONA 8,D.M. GUAYAQUIL,PROGRESO,PROGRESO,09D10C03S01,PROGRESO 1,09,GUAYAS,0901,GUAYAQUIL,"-2,20653","-80,16228",URBANO,HACIENDAS,PRIVADO,2026/01/06,04:30:00,ARMA DE FUEGO,OTROS ARMA CORTA,DELINCUENCIA COMÚN,ROBO A DOMICILIOS,HERIDA POR ARMA DE FUEGO,25,A,HOMBRE,MASCULINO,MESTIZO/A,NO DETERMINADO,NO DETERMINADO,NINGUNA,SIN_DATO,SIN_DATO
ASESINATO,ZONA 5,LOS RÍOS,BABAHOYO,PUERTA NEGRA,12D01C02S01,PUERTA NEGRA 1,12,LOS RÍOS,1201,BABAHOYO,"-1,86019","-79,42524",RURAL,CASA/VILLA,PRIVADO,2026/01/06,02:30:00,ARMA DE FUEGO,OTROS ARMA CORTA,DELINCUENCIA COMÚN,AMENAZA,HERIDA POR ARMA DE FUEGO,29,A,HOMBRE,MASCULINO,MESTIZO/A,SOLTERO,ECUADOR,NINGUNA,BACHILLER CIENCIAS,SIN_DATO
ASESINATO,ZONA 5,LOS RÍOS,BABAHOYO,MONTALVO,12D01C18S01,MONTALVO 1,12,LOS RÍOS,1203,MONTALVO,"-1,79267","-79,28587",URBANO,LOCALES DE NECESIDADES BÁSICAS,PRIVADO,2026/01/05,20:55:00,ARMA DE FUEGO,PISTOLA,DELINCUENCIA COMÚN,AMENAZA,HERIDA POR ARMA DE FUEGO,57,A,MUJER,FEMENINO,MESTIZO/A,CASADO,ECUADOR,NINGUNA,TRABAJADOR COMERCIAL,SIN_DATO
ASESINATO,ZONA 8,D.M. GUAYAQUIL,PORTETE,SUBURBIO,09D04C06S02,SUBURBIO 2,09,GUAYAS,0901,GUAYAQUIL,"-2,22675","-79,94366",URBANO,CASA/VILLA,PRIVADO,2026/01/05,23:45:00,ARMA DE FUEGO,PISTOLA,DELINCUENCIA COMÚN,TRÁFICO INTERNO DE DROGAS (MICROTRÁFICO),HERIDA POR ARMA DE FUEGO,53,A,HOMBRE,MASCULINO,MESTIZO/A,CASADO,ECUADOR,NINGUNA,BACHILLER CIENCIAS,SIN_DATO
ASESINATO,ZONA 5,LOS RÍOS,VINCES,AUGUSTO VALENCIA,12D05C07S01,AUGUSTO VALENCIA 1,12,LOS RÍOS,1208,VINCES,"-1,55602","-79,75121",URBANO,VÍA PÚBLICA,PUBLICO,2026/01/05,16:00:00,ARMA DE FUEGO,PISTOLA,DELINCUENCIA COMÚN,AMENAZA,HERIDA POR ARMA DE FUEGO,35,A,HOMBRE,MASCULINO,MONTUBIO/A,SOLTERO,ECUADOR,NINGUNA,AYUDANTE/JORNALERO,NINGUNA
ASESINATO,ZONA 8,D.M. GUAYAQUIL,PORTETE,SUBURBIO,09D04C06S02,SUBURBIO 2,09,GUAYAS,0901,GUAYAQUIL,"-2,22675","-79,94366",URBANO,CASA/VILLA,PRIVADO,2026/01/05,23:45:00,ARMA DE FUEGO,PISTOLA,DELINCUENCIA COMÚN,TRÁFICO INTERNO DE DROGAS (MICROTRÁFICO),HERIDA POR ARMA DE FUEGO,34,A,MUJER,FEMENINO,MESTIZO/A,SOLTERO,ECUADOR,NINGUNA,ESTADO PERSONAL,SIN_DATO
ASESINATO,ZONA 5,GUAYAS,SALITRE,VERNAZA,09D20C03S01,VERNAZA 1,09,GUAYAS,0919,SALITRE,"-1,75547","-79,78089",RURAL,VÍA PÚBLICA,PUBLICO,2026/01/06,07:00:00,ARMA DE FUEGO,PISTOLA,DELINCUENCIA COMÚN,ROBO A PERSONAS,HERIDA POR ARMA DE FUEGO,38,A,HOMBRE,MASCULINO,MESTIZO/A,SOLTERO,ECUADOR,NINGUNA,ESTADO PERSONAL,SIN_DATO
ASESINATO,ZONA 8,D.M. GUAYAQUIL,DURÁN,DIVINO NIÑO,09D24C06S04,DIVINO NIÑO 4,09,GUAYAS,0907,DURÁN,"-2,16947","-79,8288",URBANO,CASA/VILLA,PRIVADO,2026/01/06,11:30:00,ARMA DE FUEGO,PISTOLA,DELINCUENCIA COMÚN,AMENAZA,HERIDA POR ARMA DE FUEGO,60,A,HOMBRE,MASCULINO,MESTIZO/A,CASADO,ECUADOR,NINGUNA,ESTADO PERSONAL,SIN_DATO
ASESINATO,ZONA 8,D.M. GUAYAQUIL,DURÁN,DIVINO NIÑO,09D24C06S04,DIVINO NIÑO 4,09,GUAYAS,0907,DURÁN,"-2,16947","-79,8288",URBANO,CASA/VILLA,PRIVADO,2026/01/06,11:30:00,ARMA DE FUEGO,PISTOLA,DELINCUENCIA COMÚN,AMENAZA,HERIDA POR ARMA DE FUEGO,19,A,MUJER,FEMENINO,MESTIZO/A,SOLTERO,ECUADOR,NINGUNA,BACHILLER CIENCIAS,SIN_DATO
ASESINATO,ZONA 5,GUAYAS,PEDRO CARBO,LOMAS DE SARGENTILLO,09D14C05S01,LOMAS DE SARGENTILLO 1,09,GUAYAS,0924,LOMAS DE SARGENTILLO,"-1,87398","-80,10503",URBANO,VÍA PÚBLICA,PUBLICO,2026/01/06,07:30:00,ARMA DE FUEGO,PISTOLA,DELINCUENCIA COMÚN,AMENAZA,HERIDA POR ARMA DE FUEGO,24,A,HOMBRE,MASCULINO,MESTIZO/A,SOLTERO,ECUADOR,NINGUNA,BACHILLER CIENCIAS,SIN_DATO
ASESINATO,ZONA 7,EL ORO,MACHALA,RAYITO DE LUZ,07D02C04S01,RAYITO DE LUZ 1,07,EL ORO,0701,MACHALA,"-3,26503","-79,93723",URBANO,VÍA PÚBLICA,PUBLICO,2026/01/06,10:30:00,ARMA DE FUEGO,PISTOLA,DELINCUENCIA COMÚN,AMENAZA,HERIDA POR ARMA DE FUEGO,42,A,HOMBRE,MASCULINO,MESTIZO/A,SOLTERO,ECUADOR,NINGUNA,TRABAJADOR COMERCIAL,BASICA
ASESINATO,ZONA 7,EL ORO,HUAQUILLAS,ARENILLAS,07D05C02S01,ARENILLAS 1,07,EL ORO,0702,ARENILLAS,"-3,53761","-80,07431",RURAL,TERRENO BALDÍO,PUBLICO,2026/01/06,02:30:00,ARMA DE FUEGO,PISTOLA,DELINCUENCIA COMÚN,AMENAZA,HERIDA POR ARMA DE FUEGO,24,A,HOMBRE,MASCULINO,MESTIZO/A,SOLTERO,ECUADOR,NINGUNA,ESTADO PERSONAL,SIN_DATO
ASESINATO,ZONA 8,D.M. GUAYAQUIL,9 DE OCTUBRE,GARAY,09D03C04S04,GARAY 4,09,GUAYAS,0901,GUAYAQUIL,"-2,19403","-79,90363",URBANO,VÍA PÚBLICA,PUBLICO,2026/01/06,15:30:00,ARMA DE FUEGO,PISTOLA,DELINCUENCIA COMÚN,ROBO A PERSONAS,HERIDA POR ARMA DE FUEGO,30,A,HOMBRE,MASCULINO,MESTIZO/A,SOLTERO,ECUADOR,NINGUNA,ESTADO PERSONAL,BACHILLERATO
ASESINATO,ZONA 4,MANABÍ,PORTOVIEJO,COLON,13D01C01S01,COLON 1,13,MANABÍ,1301,PORTOVIEJO,"-1,10445","-80,40867",URBANO,VÍA PÚBLICA,PUBLICO,2026/01/06,18:00:00,ARMA DE FUEGO,FUSIL,DELINCUENCIA COMÚN,AMENAZA,HERIDA POR ARMA DE FUEGO,38,A,MUJER,FEMENINO,MESTIZO/A,CASADO,ECUADOR,NINGUNA,TRABAJADOR GENERAL,SIN_DATO
ASESINATO,ZONA 8,D.M. GUAYAQUIL,PASCUALES,PASCUALES,09D07C06S03,PASCUALES 3,09,GUAYAS,0901,GUAYAQUIL,"-2,07239","-79,93682",URBANO,VÍA PÚBLICA,PUBLICO,2026/01/06,08:00:00,ARMA DE FUEGO,PISTOLA,DELINCUENCIA COMÚN,TRÁFICO INTERNO DE DROGAS (MICROTRÁFICO),HERIDA POR ARMA DE FUEGO,25,A,HOMBRE,MASCULINO,MESTIZO/A,SOLTERO,ECUADOR,NINGUNA,TRABAJADOR GENERAL,SIN_DATO
ASESINATO,ZONA 8,D.M. GUAYAQUIL,SUR - DMG,FLORESTA,09D01C03S02,FLORESTA 2,09,GUAYAS,0901,GUAYAQUIL,"-2,25845","-79,88136",URBANO,VÍA PÚBLICA,PUBLICO,2026/01/06,14:00:00,ARMA DE FUEGO,PISTOLA,DELINCUENCIA COMÚN,AMENAZA,HERIDA POR ARMA DE FUEGO,SIN_DATO,SIN_DATO,HOMBRE,MASCULINO,MESTIZO/A,SOLTERO,OTROS,NINGUNA,SIN_DATO,SIN_DATO
ASESINATO,ZONA 4,MANABÍ,MANTA,MONTECRISTI,13D02C19S02,MONTECRISTI 2,13,MANABÍ,1309,MONTECRISTI,"-1,04361","-80,65803",URBANO,VÍA PÚBLICA,PUBLICO,2026/01/06,07:00:00,ARMA DE FUEGO,PISTOLA,DELINCUENCIA COMÚN,AMENAZA,HERIDA POR ARMA DE FUEGO,41,A,HOMBRE,MASCULINO,MESTIZO/A,SOLTERO,ECUADOR,NINGUNA,TRABAJADOR GENERAL,SIN_DATO
HOMICIDIO,ZONA 9,D.M. QUITO,LA DELICIA,POMASQUI,17D03C14S02,POMASQUI 2,17,PICHINCHA,1701,QUITO,"-0,07294","-78,47761",URBANO,VÍA PÚBLICA,PUBLICO,2026/01/06,23:12:00,ARMA BLANCA,CUCHILLO,DELINCUENCIA COMÚN,AMENAZA,HERIDA POR ARMA BLANCA,69,A,HOMBRE,MASCULINO,MESTIZO/A,DIVORCIADO,ECUADOR,NINGUNA,ARTESANO/OFICIO,SIN_DATO
ASESINATO,ZONA 8,D.M. GUAYAQUIL,DURÁN,ARBOLITO,09D24C07S03,ARBOLITO 3,09,GUAYAS,0907,DURÁN,"-2,14754","-79,82988",URBANO,CASA/VILLA,PRIVADO,2026/01/06,21:00:00,ARMA DE FUEGO,PISTOLA,DELINCUENCIA COMÚN,TRÁFICO INTERNO DE DROGAS (MICROTRÁFICO),HERIDA POR ARMA DE FUEGO,81,A,MUJER,FEMENINO,MESTIZO/A,SOLTERO,ECUADOR,NINGUNA,ESTADO PERSONAL,SIN_DATO
ASESINATO,ZONA 8,D.M. GUAYAQUIL,DURÁN,ARBOLITO,09D24C07S03,ARBOLITO 3,09,GUAYAS,0907,DURÁN,"-2,14754","-79,82988",URBANO,CASA/VILLA,PRIVADO,2026/01/06,21:00:00,ARMA DE FUEGO,PISTOLA,DELINCUENCIA COMÚN,TRÁFICO INTERNO DE DROGAS (MICROTRÁFICO),HERIDA POR ARMA DE FUEGO,73,A,MUJER,FEMENINO,MESTIZO/A,SOLTERO,ECUADOR,NINGUNA,ESTADO PERSONAL,SIN_DATO
ASESINATO,ZONA 8,D.M. GUAYAQUIL,DURÁN,ARBOLITO,09D24C07S03,ARBOLITO 3,09,GUAYAS,0907,DURÁN,"-2,14754","-79,82988",URBANO,CASA/VILLA,PRIVADO,2026/01/06,21:00:00,ARMA DE FUEGO,PISTOLA,DELINCUENCIA COMÚN,TRÁFICO INTERNO DE DROGAS (MICROTRÁFICO),HERIDA POR ARMA DE FUEGO,24,A,MUJER,FEMENINO,MESTIZO/A,SOLTERO,ECUADOR,NINGUNA,ESTADO PERSONAL,SIN_DATO
ASESINATO,ZONA 5,LOS RÍOS,PUEBLO VIEJO,RICAURTE,12D02C05S01,RICAURTE 1,12,LOS RÍOS,1206,URDANETA,"-1,57217","-79,46654",URBANO,VÍA PÚBLICA,PUBLICO,2026/01/06,17:40:00,ARMA DE FUEGO,PISTOLA,DELINCUENCIA COMÚN,AMENAZA,HERIDA POR ARMA DE FUEGO,58,A,HOMBRE,MASCULINO,MESTIZO/A,SOLTERO,ECUADOR,NINGUNA,AYUDANTE/JORNALERO,PRIMARIA
HOMICIDIO,ZONA 9,D.M. QUITO,EUGENIO ESPEJO,DAMMER,17D05C07S01,DAMMER 1,17,PICHINCHA,1701,QUITO,"-0,15209","-78,47239",URBANO,CENTROS DE REHABILITACIÓN SOCIAL,PRIVADO,2026/01/07,03:00:00,OTROS,NINGUNA,DELINCUENCIA COMÚN,AMENAZA,ESTRANGULACION,47,A,HOMBRE,MASCULINO,MESTIZO/A,CASADO,ECUADOR,NINGUNA,TRABAJADOR GENERAL,SIN_DATO
ASESINATO,ZONA 5,LOS RÍOS,PUEBLO VIEJO,SAN JUAN,12D02C02S02,SAN JUAN 2,12,LOS RÍOS,1204,PUEBLOVIEJO,"-1,62714","-79,55436",RURAL,VÍA PÚBLICA,PUBLICO,2026/01/06,21:30:00,ARMA DE FUEGO,PISTOLA,DELINCUENCIA COMÚN,AMENAZA,HERIDA POR ARMA DE FUEGO,23,A,HOMBRE,MASCULINO,MESTIZO/A,SOLTERO,ECUADOR,NINGUNA,ESTADO PERSONAL,SIN_DATO
ASESINATO,ZONA 5,LOS RÍOS,PUEBLO VIEJO,SAN JUAN,12D02C02S02,SAN JUAN 2,12,LOS RÍOS,1204,PUEBLOVIEJO,"-1,62714","-79,55436",RURAL,VÍA PÚBLICA,PUBLICO,2026/01/06,21:30:00,ARMA DE FUEGO,PISTOLA,DELINCUENCIA COMÚN,AMENAZA,HERIDA POR ARMA DE FUEGO,26,A,HOMBRE,MASCULINO,MESTIZO/A,SOLTERO,ECUADOR,NINGUNA,AYUDANTE/JORNALERO,SIN_DATO
ASESINATO,ZONA 4,MANABÍ,MANTA,LA PRADERA,13D02C02S02,LA PRADERA 2,13,MANABÍ,1308,MANTA,"-0,97672","-80,68851",URBANO,VÍA PÚBLICA,PUBLICO,2026/01/06,20:00:00,ARMA DE FUEGO,PISTOLA,DELINCUENCIA COMÚN,AMENAZA,HERIDA POR ARMA DE FUEGO,52,A,HOMBRE,MASCULINO,MESTIZO/A,EN UNION DE HECHO,ECUADOR,NINGUNA,CHOFER/CONDUCTOR,SIN_DATO
ASESINATO,ZONA 4,MANABÍ,MANTA,CUBA,13D02C10S01,CUBA 1,13,MANABÍ,1308,MANTA,"-0,97965","-80,70077",URBANO,CASA/VILLA,PRIVADO,2026/01/07,00:30:00,ARMA DE FUEGO,PISTOLA,VIOLENCIA COMUNITARIA,RIÑAS,HERIDA POR ARMA DE FUEGO,32,A,MUJER,FEMENINO,MESTIZO/A,SOLTERO,ECUADOR,NINGUNA,ESTADO PERSONAL,SIN_DATO
ASESINATO,ZONA 8,D.M. GUAYAQUIL,PASCUALES,BASTIÓN POPULAR SUR,09D07C02S02,BASTIÓN POPULAR SUR 2,09,GUAYAS,0901,GUAYAQUIL,"-2,09362","-79,92342",URBANO,VÍA PÚBLICA,PUBLICO,2026/01/06,16:20:00,ARMA DE FUEGO,OTROS ARMA CORTA,DELINCUENCIA COMÚN,AMENAZA,HERIDA POR ARMA DE FUEGO,25,A,HOMBRE,MASCULINO,MULATO/A,NO DETERMINADO,NO DETERMINADO,NINGUNA,SIN_DATO,SIN_DATO
ASESINATO,ZONA 8,D.M. GUAYAQUIL,PASCUALES,BASTIÓN POPULAR NORTE,09D07C03S01,BASTIÓN POPULAR NORTE 1,09,GUAYAS,0901,GUAYAQUIL,"-2,08623","-79,92768",URBANO,VÍA PÚBLICA,PUBLICO,2026/01/06,15:00:00,ARMA DE FUEGO,PISTOLA,DELINCUENCIA COMÚN,AMENAZA,HERIDA POR ARMA DE FUEGO,23,A,HOMBRE,MASCULINO,MESTIZO/A,SOLTERO,ECUADOR,NINGUNA,ESTADO PERSONAL,SIN_DATO
ASESINATO,ZONA 8,D.M. GUAYAQUIL,PORTETE,SALINAS,09D04C03S01,SALINAS 1,09,GUAYAS,0901,GUAYAQUIL,"-2,19846","-79,91437",URBANO,VÍA PÚBLICA,PUBLICO,2026/01/06,20:00:00,ARMA DE FUEGO,OTROS ARMA CORTA,DELINCUENCIA COMÚN,AMENAZA,HERIDA POR ARMA DE FUEGO,20,A,HOMBRE,MASCULINO,MESTIZO/A,SOLTERO,ECUADOR,NINGUNA,BACHILLER TÉCNICO,SIN_DATO
ASESINATO,ZONA 5,GUAYAS,PLAYAS,PLAYAS,09D22C01S01,PLAYAS 1,09,GUAYAS,0921,PLAYAS,"-2,62815","-80,39267",URBANO,VÍA PÚBLICA,PUBLICO,2026/01/06,15:55:00,ARMA DE FUEGO,PISTOLA,DELINCUENCIA COMÚN,AMENAZA,HERIDA POR ARMA DE FUEGO,22,A,HOMBRE,MASCULINO,MESTIZO/A,NO DETERMINADO,OTROS,NINGUNA,SIN_DATO,SIN_DATO
ASESINATO,ZONA 8,D.M. GUAYAQUIL,SAMBORONDÓN,SAMBORONDÓN,09D23C01S05,SAMBORONDÓN 5,09,GUAYAS,0916,SAMBORONDÓN,"-1,95409","-79,72596",URBANO,VÍA PÚBLICA,PUBLICO,2026/01/07,01:30:00,ARMA DE FUEGO,PISTOLA,DELINCUENCIA COMÚN,AMENAZA,HERIDA POR ARMA DE FUEGO,51,A,HOMBRE,MASCULINO,MESTIZO/A,SOLTERO,ECUADOR,NINGUNA,ESTADO PERSONAL,SIN_DATO
ASESINATO,ZONA 5,GUAYAS,PLAYAS,GENERAL VILLAMIL,09D22C02S02,GENERAL VILLAMIL 2,09,GUAYAS,0921,PLAYAS,"-2,64333","-80,37707",URBANO,CASA/VILLA,PRIVADO,2026/01/07,04:50:00,ARMA DE FUEGO,PISTOLA,DELINCUENCIA COMÚN,AMENAZA,HERIDA POR ARMA DE FUEGO,18,A,HOMBRE,MASCULINO,MESTIZO/A,SOLTERO,ECUADOR,NINGUNA,TRABAJADOR GENERAL,SIN_DATO
ASESINATO,ZONA 8,D.M. GUAYAQUIL,SAMBORONDÓN,SAMBORONDÓN,09D23C01S05,SAMBORONDÓN 5,09,GUAYAS,0916,SAMBORONDÓN,"-1,95409","-79,72596",URBANO,VÍA PÚBLICA,PUBLICO,2026/01/07,01:30:00,ARMA DE FUEGO,PISTOLA,DELINCUENCIA COMÚN,AMENAZA,HERIDA POR ARMA DE FUEGO,22,A,HOMBRE,MASCULINO,MESTIZO/A,SOLTERO,ECUADOR,NINGUNA,SIN_DATO,SIN_DATO
ASESINATO,ZONA 8,D.M. GUAYAQUIL,SAMBORONDÓN,SAMBORONDÓN,09D23C01S05,SAMBORONDÓN 5,09,GUAYAS,0916,SAMBORONDÓN,"-1,95409","-79,72596",URBANO,VÍA PÚBLICA,PUBLICO,2026/01/07,01:30:00,ARMA DE FUEGO,PISTOLA,DELINCUENCIA COMÚN,AMENAZA,HERIDA POR ARMA DE FUEGO,15,A,HOMBRE,MASCULINO,MESTIZO/A,SOLTERO,ECUADOR,NINGUNA,SIN_DATO,SIN_DATO
ASESINATO,ZONA 7,EL ORO,HUAQUILLAS,UNIÓN LOJANA,07D05C05S01,UNIÓN LOJANA 1,07,EL ORO,0707,HUAQUILLAS,"-3,47628","-80,19971",URBANO,CASA/VILLA,PRIVADO,2026/01/06,22:34:00,ARMA DE FUEGO,PISTOLA,DELINCUENCIA COMÚN,AMENAZA,HERIDA POR ARMA DE FUEGO,25,A,HOMBRE,MASCULINO,MESTIZO/A,SOLTERO,ECUADOR,NINGUNA,ESTADO PERSONAL,SIN_DATO
ASESINATO,ZONA 8,D.M. GUAYAQUIL,SAMBORONDÓN,SAMBORONDÓN,09D23C01S05,SAMBORONDÓN 5,09,GUAYAS,0916,SAMBORONDÓN,"-1,95409","-79,72596",URBANO,VÍA PÚBLICA,PUBLICO,2026/01/07,01:30:00,ARMA DE FUEGO,PISTOLA,DELINCUENCIA COMÚN,AMENAZA,HERIDA POR ARMA DE FUEGO,26,A,HOMBRE,MASCULINO,MESTIZO/A,SOLTERO,ECUADOR,NINGUNA,ESTADO PERSONAL,SIN_DATO
ASESINATO,ZONA 8,D.M. GUAYAQUIL,9 DE OCTUBRE,ANTEPARA,09D03C06S03,ANTEPARA 3,09,GUAYAS,0901,GUAYAQUIL,"-2,20975","-79,91292",URBANO,HOSPITALES,PRIVADO,2026/01/06,22:30:00,ARMA DE FUEGO,PISTOLA,DELINCUENCIA COMÚN,ROBO A PERSONAS,HERIDA POR ARMA DE FUEGO,46,A,HOMBRE,MASCULINO,MESTIZO/A,SOLTERO,ECUADOR,NINGUNA,TRABAJADOR COMERCIAL,SIN_DATO
ASESINATO,ZONA 5,GUAYAS,BALZAR,LA GUAYAQUIL,09D13C02S01,LA GUAYAQUIL 1,09,GUAYAS,0904,BALZAR,"-1,16344","-79,72996",RURAL,FINCA,PRIVADO,2026/01/07,07:45:00,ARMA DE FUEGO,OTROS ARMA CORTA,DELINCUENCIA COMÚN,AMENAZA,HERIDA POR ARMA DE FUEGO,32,A,HOMBRE,MASCULINO,MESTIZO/A,SOLTERO,ECUADOR,NINGUNA,INGENIERO/ARQUITECTO,SIN_DATO
ASESINATO,ZONA 4,MANABÍ,MANTA,LA PRADERA,13D02C02S03,LA PRADERA 3,13,MANABÍ,1308,MANTA,"-0,98345","-80,68865",URBANO,TRANSPORTE PRIVADO,PRIVADO,2026/01/07,07:30:00,ARMA DE FUEGO,PISTOLA,DELINCUENCIA COMÚN,AMENAZA,HERIDA POR ARMA DE FUEGO,21,A,HOMBRE,MASCULINO,MESTIZO/A,SOLTERO,ECUADOR,NINGUNA,ESTADO PERSONAL,SIN_DATO
ASESINATO,ZONA 3,COTOPAXI,LATACUNGA,GUAYTACAMA,05D01C18S02,GUAYTACAMA 2,05,COTOPAXI,0501,LATACUNGA,"-0,87178","-78,63212",URBANO,CENTROS DE REHABILITACIÓN SOCIAL,PRIVADO,2026/01/06,13:30:00,OTROS,NINGUNA,DELINCUENCIA COMÚN,AMENAZA,ESTRANGULACION,38,A,HOMBRE,MASCULINO,MESTIZO/A,SOLTERO,ECUADOR,NINGUNA,ESTADO PERSONAL,BACHILLERATO
ASESINATO,ZONA 8,D.M. GUAYAQUIL,9 DE OCTUBRE,CHILE,09D03C01S04,CHILE 4,09,GUAYAS,0901,GUAYAQUIL,"-2,1962","-79,88942",URBANO,VÍA PÚBLICA,PUBLICO,2026/01/06,20:00:00,ARMA DE FUEGO,PISTOLA,DELINCUENCIA COMÚN,AMENAZA,HERIDA POR ARMA DE FUEGO,64,A,HOMBRE,MASCULINO,MESTIZO/A,CASADO,ECUADOR,NINGUNA,SERVIDOR PÚBLICO,SIN_DATO
ASESINATO,ZONA 8,D.M. GUAYAQUIL,9 DE OCTUBRE,CHILE,09D03C01S04,CHILE 4,09,GUAYAS,0901,GUAYAQUIL,"-2,1962","-79,88942",URBANO,HOSPITALES,PRIVADO,2026/01/06,20:00:00,ARMA DE FUEGO,PISTOLA,DELINCUENCIA COMÚN,AMENAZA,HERIDA POR ARMA DE FUEGO,46,A,HOMBRE,MASCULINO,MESTIZO/A,SOLTERO,ECUADOR,NINGUNA,TRABAJADOR COMERCIAL,BACHILLERATO
ASESINATO,ZONA 8,D.M. GUAYAQUIL,FLORIDA,JUAN MONTALVO,09D06C04S05,JUAN MONTALVO 5,09,GUAYAS,0901,GUAYAQUIL,"-2,12399","-79,92234",URBANO,VÍA PÚBLICA,PUBLICO,2026/01/06,21:00:00,ARMA DE FUEGO,PISTOLA,DELINCUENCIA COMÚN,AMENAZA,HERIDA POR ARMA DE FUEGO,31,A,HOMBRE,MASCULINO,MESTIZO/A,SOLTERO,ECUADOR,NINGUNA,ESTADO PERSONAL,SIN_DATO
ASESINATO,ZONA 8,D.M. GUAYAQUIL,FLORIDA,JUAN MONTALVO,09D06C04S05,JUAN MONTALVO 5,09,GUAYAS,0901,GUAYAQUIL,"-2,12399","-79,92234",URBANO,HOSPITALES,PRIVADO,2026/01/06,21:00:00,ARMA DE FUEGO,PISTOLA,DELINCUENCIA COMÚN,AMENAZA,HERIDA POR ARMA DE FUEGO,25,A,HOMBRE,MASCULINO,MESTIZO/A,SOLTERO,ECUADOR,NINGUNA,BACHILLER CIENCIAS,SIN_DATO
ASESINATO,ZONA 8,D.M. GUAYAQUIL,CEIBOS,PUERTO HONDO,09D09C02S03,PUERTO HONDO 3,09,GUAYAS,0901,GUAYAQUIL,"-2,19875","-80,07407",URBANO,CASA/VILLA,PRIVADO,2026/01/07,20:00:00,ARMA DE FUEGO,PISTOLA,DELINCUENCIA COMÚN,AMENAZA,HERIDA POR ARMA DE FUEGO,28,A,HOMBRE,MASCULINO,MESTIZO/A,SOLTERO,ECUADOR,NINGUNA,TECNICO MECANICO,SIN_DATO
ASESINATO,ZONA 8,D.M. GUAYAQUIL,PORTETE,SALINAS,09D04C03S01,SALINAS 1,09,GUAYAS,0901,GUAYAQUIL,"-2,19846","-79,91437",URBANO,VÍA PÚBLICA,PUBLICO,2026/01/06,20:00:00,ARMA DE FUEGO,PISTOLA,DELINCUENCIA COMÚN,AMENAZA,HERIDA POR ARMA DE FUEGO,22,A,HOMBRE,MASCULINO,MESTIZO/A,SOLTERO,ECUADOR,NINGUNA,ESTADO PERSONAL,SIN_DATO
ASESINATO,ZONA 4,MANABÍ,MANTA,JARAMIJO,13D02C20S02,JARAMIJO 2,13,MANABÍ,1321,JARAMIJÓ,"-0,94915","-80,63816",URBANO,CASA/VILLA,PRIVADO,2026/01/07,14:50:00,ARMA DE FUEGO,PISTOLA,DELINCUENCIA COMÚN,AMENAZA,HERIDA POR ARMA DE FUEGO,49,A,HOMBRE,MASCULINO,MESTIZO/A,CASADO,ECUADOR,NINGUNA,TRABAJADOR PRIMARIO,SIN_DATO
ASESINATO,ZONA 8,D.M. GUAYAQUIL,PASCUALES,SAN FRANCISCO,09D07C07S02,SAN FRANCISCO 2,09,GUAYAS,0901,GUAYAQUIL,"-2,05292","-79,94452",URBANO,CENTROS DE REHABILITACIÓN SOCIAL,PRIVADO,2026/01/04,08:00:00,OTROS,NINGUNA,VIOLENCIA COMUNITARIA,RIÑAS,AHORCADURA,22,A,HOMBRE,MASCULINO,MONTUBIO/A,SOLTERO,ECUADOR,NINGUNA,BACHILLER CIENCIAS,SIN_DATO
HOMICIDIO,ZONA 9,D.M. QUITO,EUGENIO ESPEJO,IÑAQUITO,17D05C10S03,IÑAQUITO 3,17,PICHINCHA,1701,QUITO,"-0,18404","-78,47953",URBANO,OTROS LOCALES COMERCIALES,PRIVADO,2026/01/07,13:20:00,ARMA DE FUEGO,OTROS ARMA CORTA,DELINCUENCIA COMÚN,ROBO A PERSONAS,HERIDA POR ARMA DE FUEGO,57,A,HOMBRE,MASCULINO,MESTIZO/A,SOLTERO,ECUADOR,NINGUNA,SERVIDOR PÚBLICO,SIN_DATO
ASESINATO,ZONA 8,D.M. GUAYAQUIL,DURÁN,DIVINO NIÑO,09D24C06S03,DIVINO NIÑO 3,09,GUAYAS,0907,DURÁN,"-2,1593","-79,82255",URBANO,VÍA PÚBLICA,PUBLICO,2026/01/07,16:00:00,ARMA DE FUEGO,PISTOLA,DELINCUENCIA COMÚN,AMENAZA,HERIDA POR ARMA DE FUEGO,62,A,MUJER,FEMENINO,MESTIZO/A,SOLTERO,ECUADOR,NINGUNA,ESTADO PERSONAL,SIN_DATO
ASESINATO,ZONA 8,D.M. GUAYAQUIL,DURÁN,DIVINO NIÑO,09D24C06S03,DIVINO NIÑO 3,09,GUAYAS,0907,DURÁN,"-2,1593","-79,82255",URBANO,VÍA PÚBLICA,PUBLICO,2026/01/07,16:00:00,ARMA DE FUEGO,PISTOLA,DELINCUENCIA COMÚN,AMENAZA,HERIDA POR ARMA DE FUEGO,34,A,MUJER,FEMENINO,MESTIZO/A,SOLTERO,ECUADOR,NINGUNA,ESTADO PERSONAL,SIN_DATO
ASESINATO,ZONA 8,D.M. GUAYAQUIL,DURÁN,DIVINO NIÑO,09D24C06S03,DIVINO NIÑO 3,09,GUAYAS,0907,DURÁN,"-2,1593","-79,82255",URBANO,VÍA PÚBLICA,PUBLICO,2026/01/07,16:00:00,ARMA DE FUEGO,PISTOLA,DELINCUENCIA COMÚN,AMENAZA,HERIDA POR ARMA DE FUEGO,23,A,HOMBRE,MASCULINO,MESTIZO/A,SOLTERO,ECUADOR,NINGUNA,ESTADO PERSONAL,SIN_DATO
ASESINATO,ZONA 8,D.M. GUAYAQUIL,DURÁN,ARBOLITO,09D24C07S03,ARBOLITO 3,09,GUAYAS,0907,DURÁN,"-2,1484","-79,83541",URBANO,CASA/VILLA,PRIVADO,2026/01/07,11:00:00,ARMA DE FUEGO,PISTOLA,DELINCUENCIA COMÚN,AMENAZA,HERIDA POR ARMA DE FUEGO,19,A,MUJER,FEMENINO,MESTIZO/A,SOLTERO,ECUADOR,NINGUNA,ESTADO PERSONAL,SIN_DATO
ASESINATO,ZONA 8,D.M. GUAYAQUIL,SAMBORONDÓN,SAMBORONDÓN,09D23C01S02,SAMBORONDÓN 2,09,GUAYAS,0916,SAMBORONDÓN,"-2,10174","-79,86567",URBANO,CANCHAS DE USO MÚLTIPLE,PUBLICO,2026/01/07,21:24:00,ARMA DE FUEGO,PISTOLA,DELINCUENCIA COMÚN,AMENAZA,HERIDA POR ARMA DE FUEGO,33,A,HOMBRE,MASCULINO,MESTIZO/A,SOLTERO,ECUADOR,NINGUNA,ESTADO PERSONAL,SIN_DATO
ASESINATO,ZONA 8,D.M. GUAYAQUIL,SAMBORONDÓN,SAMBORONDÓN,09D23C01S02,SAMBORONDÓN 2,09,GUAYAS,0916,SAMBORONDÓN,"-2,10174","-79,86567",URBANO,CANCHAS DE USO MÚLTIPLE,PUBLICO,2026/01/07,21:24:00,ARMA DE FUEGO,PISTOLA,DELINCUENCIA COMÚN,AMENAZA,HERIDA POR ARMA DE FUEGO,29,A,HOMBRE,MASCULINO,MESTIZO/A,SOLTERO,ECUADOR,NINGUNA,ESTADO PERSONAL,BASICA
ASESINATO,ZONA 8,D.M. GUAYAQUIL,SAMBORONDÓN,SAMBORONDÓN,09D23C01S02,SAMBORONDÓN 2,09,GUAYAS,0916,SAMBORONDÓN,"-2,10174","-79,86567",URBANO,CANCHAS DE USO MÚLTIPLE,PUBLICO,2026/01/07,21:24:00,ARMA DE FUEGO,PISTOLA,DELINCUENCIA COMÚN,AMENAZA,HERIDA POR ARMA DE FUEGO,40,A,HOMBRE,MASCULINO,MESTIZO/A,SOLTERO,ECUADOR,NINGUNA,TECNÓLOGO,SIN_DATO
ASESINATO,ZONA 7,ZAMORA CHINCHIPE,YANTZAZA,PANGUI,19D04C03S01,PANGUI 1,19,ZAMORA CHINCHIPE,1906,EL PANGUI,"-3,65239","-78,57295",RURAL,RÍO,PUBLICO,2026/01/07,01:30:00,ARMA DE FUEGO,PISTOLA,DELINCUENCIA COMÚN,AMENAZA,HERIDA POR ARMA DE FUEGO,23,A,HOMBRE,MASCULINO,MESTIZO/A,SOLTERO,ECUADOR,NINGUNA,ESTADO PERSONAL,PRIMARIA
ASESINATO,ZONA 8,D.M. GUAYAQUIL,CEIBOS,CHONGON,09D09C03S01,CHONGON 1,09,GUAYAS,0901,GUAYAQUIL,"-2,23321","-80,07752",URBANO,VÍA PÚBLICA,PUBLICO,2026/01/07,19:20:00,ARMA DE FUEGO,PISTOLA,DELINCUENCIA COMÚN,AMENAZA,HERIDA POR ARMA DE FUEGO,17,A,HOMBRE,MASCULINO,MESTIZO/A,SOLTERO,ECUADOR,NINGUNA,ESTADO PERSONAL,SIN_DATO
ASESINATO,ZONA 8,D.M. GUAYAQUIL,SUR - DMG,GUASMO,09D01C01S01,GUASMO 1,09,GUAYAS,0901,GUAYAQUIL,"-2,27859","-79,87931",URBANO,VÍA PÚBLICA,PUBLICO,2026/01/07,10:35:00,ARMA DE FUEGO,OTROS ARMA CORTA,DELINCUENCIA COMÚN,AMENAZA,HERIDA POR ARMA DE FUEGO,16,A,HOMBRE,MASCULINO,MULATO/A,SOLTERO,ECUADOR,NINGUNA,SIN_DATO,SIN_DATO
ASESINATO,ZONA 8,D.M. GUAYAQUIL,FLORIDA,MARTHA DE ROLDÓS,09D06C02S02,MARTHA DE ROLDÓS 2,09,GUAYAS,0901,GUAYAQUIL,"-2,14572","-79,92575",URBANO,VÍA PÚBLICA,PUBLICO,2026/01/07,14:25:00,ARMA DE FUEGO,PISTOLA,DELINCUENCIA COMÚN,TRÁFICO INTERNO DE DROGAS (MICROTRÁFICO),HERIDA POR ARMA DE FUEGO,35,A,HOMBRE,MASCULINO,MESTIZO/A,NO DETERMINADO,COLOMBIA,NINGUNA,SIN_DATO,SIN_DATO
ASESINATO,ZONA 8,D.M. GUAYAQUIL,FLORIDA,MARTHA DE ROLDÓS,09D06C02S02,MARTHA DE ROLDÓS 2,09,GUAYAS,0901,GUAYAQUIL,"-2,14572","-79,92575",URBANO,VÍA PÚBLICA,PUBLICO,2026/01/07,14:25:00,ARMA DE FUEGO,PISTOLA,DELINCUENCIA COMÚN,TRÁFICO INTERNO DE DROGAS (MICROTRÁFICO),HERIDA POR ARMA DE FUEGO,31,A,HOMBRE,MASCULINO,MESTIZO/A,SOLTERO,VENEZUELA,NINGUNA,ESTADO PERSONAL,SIN_DATO
ASESINATO,ZONA 8,D.M. GUAYAQUIL,NUEVA PROSPERINA,NUEVA PROSPERINA,09D08C01S02,NUEVA PROSPERINA 2,09,GUAYAS,0901,GUAYAQUIL,"-2,1239","-79,95937",URBANO,VÍA PÚBLICA,PUBLICO,2026/01/07,22:45:00,ARMA DE FUEGO,OTROS ARMA CORTA,DELINCUENCIA COMÚN,AMENAZA,HERIDA POR ARMA DE FUEGO,SIN_DATO,SIN_DATO,HOMBRE,MASCULINO,MESTIZO/A,NO DETERMINADO,NO DETERMINADO,NINGUNA,SIN_DATO,SIN_DATO
ASESINATO,ZONA 8,D.M. GUAYAQUIL,9 DE OCTUBRE,GARAY,09D03C04S02,GARAY 2,09,GUAYAS,0901,GUAYAQUIL,"-2,19402","-79,89236",URBANO,VÍA PÚBLICA,PUBLICO,2026/01/07,22:00:00,ARMA DE FUEGO,PISTOLA,DELINCUENCIA COMÚN,AMENAZA,HERIDA POR ARMA DE FUEGO,25,A,HOMBRE,MASCULINO,MESTIZO/A,SOLTERO,ECUADOR,NINGUNA,ESTADO PERSONAL,SIN_DATO
ASESINATO,ZONA 8,D.M. GUAYAQUIL,NUEVA PROSPERINA,PARAÍSO LA FLOR,09D08C03S03,PARAÍSO LA FLOR 3,09,GUAYAS,0901,GUAYAQUIL,"-2,09627","-79,97129",URBANO,VÍA PÚBLICA,PUBLICO,2026/01/08,04:50:00,ARMA DE FUEGO,OTROS ARMA CORTA,DELINCUENCIA COMÚN,TRÁFICO INTERNO DE DROGAS (MICROTRÁFICO),HERIDA POR ARMA DE FUEGO,30,A,HOMBRE,MASCULINO,MESTIZO/A,SOLTERO,ECUADOR,NINGUNA,TRABAJADOR GENERAL,SIN_DATO
ASESINATO,ZONA 5,LOS RÍOS,BABAHOYO,PUERTA NEGRA,12D01C02S01,PUERTA NEGRA 1,12,LOS RÍOS,1201,BABAHOYO,"-1,84802","-79,43511",RURAL,VÍA PÚBLICA,PUBLICO,2026/01/07,14:05:00,ARMA DE FUEGO,PISTOLA,DELINCUENCIA COMÚN,AMENAZA,HERIDA POR ARMA DE FUEGO,35,A,HOMBRE,MASCULINO,MESTIZO/A,SOLTERO,ECUADOR,NINGUNA,ESTADO PERSONAL,SIN_DATO
ASESINATO,ZONA 8,D.M. GUAYAQUIL,ESTEROS,MALVINAS SUR,09D02C02S02,MALVINAS SUR 2,09,GUAYAS,0901,GUAYAQUIL,"-2,22978","-79,90967",URBANO,VÍA PÚBLICA,PUBLICO,2026/01/08,00:30:00,ARMA DE FUEGO,PISTOLA,DELINCUENCIA COMÚN,TRÁFICO INTERNO DE DROGAS (MICROTRÁFICO),HERIDA POR ARMA DE FUEGO,14,A,HOMBRE,MASCULINO,MESTIZO/A,SOLTERO,ECUADOR,NINGUNA,SIN_DATO,SIN_DATO
ASESINATO,ZONA 4,MANABÍ,CHONE,SAN ANDRÉS,13D07C03S01,SAN ANDRÉS 1,13,MANABÍ,1303,CHONE,"-0,6933","-80,09124",URBANO,VÍA PÚBLICA,PUBLICO,2026/01/07,22:30:00,ARMA BLANCA,CUCHILLO,DELINCUENCIA COMÚN,TRÁFICO INTERNO DE DROGAS (MICROTRÁFICO),HERIDA POR ARMA BLANCA,57,A,HOMBRE,MASCULINO,MESTIZO/A,SOLTERO,ECUADOR,NINGUNA,TRABAJADOR GENERAL,SECUNDARIA
ASESINATO,ZONA 4,MANABÍ,MANTA,MONTECRISTI,13D02C19S01,MONTECRISTI 1,13,MANABÍ,1309,MONTECRISTI,"-1,00195","-80,70963",URBANO,VÍA PÚBLICA,PUBLICO,2026/01/06,21:00:00,ARMA DE FUEGO,PISTOLA,DELINCUENCIA COMÚN,AMENAZA,HERIDA POR ARMA DE FUEGO,19,A,HOMBRE,MASCULINO,MESTIZO/A,SOLTERO,ECUADOR,NINGUNA,SIN_DATO,SIN_DATO
ASESINATO,ZONA 8,D.M. GUAYAQUIL,ESTEROS,MALVINAS SUR,09D02C02S02,MALVINAS SUR 2,09,GUAYAS,0901,GUAYAQUIL,"-2,22978","-79,90967",URBANO,VÍA PÚBLICA,PUBLICO,2026/01/08,00:30:00,ARMA DE FUEGO,PISTOLA,DELINCUENCIA COMÚN,TRÁFICO INTERNO DE DROGAS (MICROTRÁFICO),HERIDA POR ARMA DE FUEGO,17,A,HOMBRE,MASCULINO,MESTIZO/A,SOLTERO,ECUADOR,NINGUNA,ESTADO PERSONAL,SIN_DATO
ASESINATO,ZONA 5,GUAYAS,PLAYAS,GENERAL VILLAMIL,09D22C02S02,GENERAL VILLAMIL 2,09,GUAYAS,0921,PLAYAS,"-2,62426","-80,38559",URBANO,VÍA PÚBLICA,PUBLICO,2026/01/07,13:00:00,ARMA DE FUEGO,PISTOLA,DELINCUENCIA COMÚN,AMENAZA,HERIDA POR ARMA DE FUEGO,41,A,HOMBRE,MASCULINO,MESTIZO/A,SOLTERO,ECUADOR,NINGUNA,ESTADO PERSONAL,SIN_DATO
ASESINATO,ZONA 4,MANABÍ,SUCRE,SAN VICENTE,13D11C05S01,SAN VICENTE 1,13,MANABÍ,1322,SAN VICENTE,"-0,59175","-80,40492",URBANO,VÍA PÚBLICA,PUBLICO,2026/01/07,17:00:00,ARMA DE FUEGO,PISTOLA,DELINCUENCIA COMÚN,TRÁFICO INTERNO DE DROGAS (MICROTRÁFICO),HERIDA POR ARMA DE FUEGO,52,A,HOMBRE,MASCULINO,MESTIZO/A,SOLTERO,ECUADOR,NINGUNA,TRABAJADOR GENERAL,SIN_DATO
ASESINATO,ZONA 5,LOS RÍOS,BABAHOYO,MONTALVO,12D01C18S01,MONTALVO 1,12,LOS RÍOS,1203,MONTALVO,"-1,78328","-79,28338",URBANO,BARES,PRIVADO,2026/01/07,20:50:00,ARMA DE FUEGO,PISTOLA,DELINCUENCIA COMÚN,AMENAZA,HERIDA POR ARMA DE FUEGO,27,A,HOMBRE,MASCULINO,MESTIZO/A,SOLTERO,ECUADOR,NINGUNA,TRABAJADOR PRIMARIO,SIN_DATO
ASESINATO,ZONA 5,LOS RÍOS,BABAHOYO,MONTALVO,12D01C18S01,MONTALVO 1,12,LOS RÍOS,1203,MONTALVO,"-1,78328","-79,28338",URBANO,BARES,PRIVADO,2026/01/07,20:50:00,ARMA DE FUEGO,PISTOLA,DELINCUENCIA COMÚN,AMENAZA,HERIDA POR ARMA DE FUEGO,35,A,HOMBRE,MASCULINO,MESTIZO/A,SOLTERO,ECUADOR,NINGUNA,SERVIDOR PÚBLICO,SIN_DATO
ASESINATO,ZONA 7,EL ORO,PASAJE,PRIVILEGIO,07D01C03S01,PRIVILEGIO 1,07,EL ORO,0706,EL GUABO,"-3,24758","-79,8332",URBANO,CASA/VILLA,PRIVADO,2026/01/06,19:45:00,ARMA DE FUEGO,PISTOLA,DELINCUENCIA COMÚN,AMENAZA,HERIDA POR ARMA DE FUEGO,23,A,HOMBRE,MASCULINO,MESTIZO/A,SOLTERO,ECUADOR,NINGUNA,ESTADO PERSONAL,SIN_DATO
ASESINATO,ZONA 7,EL ORO,MACHALA,EL CAMBIO,07D02C12S01,EL CAMBIO 1,07,EL ORO,0701,MACHALA,"-3,26844","-79,8885",RURAL,INTERIOR DE VEHÍCULO PARTICULAR,PRIVADO,2026/01/08,02:00:00,ARMA DE FUEGO,PISTOLA,DELINCUENCIA COMÚN,TRÁFICO INTERNO DE DROGAS (MICROTRÁFICO),HERIDA POR ARMA DE FUEGO,SIN_DATO,SIN_DATO,HOMBRE,MASCULINO,MESTIZO/A,NO DETERMINADO,VENEZUELA,NINGUNA,SIN_DATO,SIN_DATO
ASESINATO,ZONA 5,LOS RÍOS,VENTANAS,VENTANAS NORTE,12D04C04S01,VENTANAS NORTE 1,12,LOS RÍOS,1207,VENTANAS,"-1,44033","-79,46761",URBANO,TERRENO BALDÍO,PUBLICO,2026/01/08,05:00:00,ARMA BLANCA,CUCHILLO,DELINCUENCIA COMÚN,ROBO A PERSONAS,HERIDA POR ARMA BLANCA,24,A,HOMBRE,MASCULINO,MESTIZO/A,NO DETERMINADO,VENEZUELA,NINGUNA,SIN_DATO,SIN_DATO
ASESINATO,ZONA 8,D.M. GUAYAQUIL,PASCUALES,PASCUALES,09D07C06S04,PASCUALES 4,09,GUAYAS,0901,GUAYAQUIL,"-2,07326","-79,94043",URBANO,TERMINALES TERRESTRES,PUBLICO,2026/01/08,08:30:00,ARMA DE FUEGO,PISTOLA,DELINCUENCIA COMÚN,AMENAZA,HERIDA POR ARMA DE FUEGO,23,A,HOMBRE,MASCULINO,MESTIZO/A,NO DETERMINADO,VENEZUELA,NINGUNA,SIN_DATO,SIN_DATO
ASESINATO,ZONA 8,D.M. GUAYAQUIL,ESTEROS,MALVINAS SUR,09D02C02S03,MALVINAS SUR 3,09,GUAYAS,0901,GUAYAQUIL,"-2,23851","-79,91151",URBANO,VÍA PÚBLICA,PUBLICO,2026/01/08,14:50:00,ARMA DE FUEGO,PISTOLA,DELINCUENCIA COMÚN,AMENAZA,HERIDA POR ARMA DE FUEGO,21,A,MUJER,FEMENINO,AFRO,SOLTERO,ECUADOR,NINGUNA,BACHILLER CIENCIAS,SIN_DATO
ASESINATO,ZONA 8,D.M. GUAYAQUIL,SUR - DMG,GUASMO,09D01C01S01,GUASMO 1,09,GUAYAS,0901,GUAYAQUIL,"-2,27525","-79,87579",URBANO,VÍA PÚBLICA,PUBLICO,2026/01/08,13:40:00,ARMA DE FUEGO,PISTOLA,DELINCUENCIA COMÚN,AMENAZA,HERIDA POR ARMA DE FUEGO,18,A,HOMBRE,MASCULINO,MESTIZO/A,SOLTERO,ECUADOR,NINGUNA,ESTADO PERSONAL,SIN_DATO
ASESINATO,ZONA 5,LOS RÍOS,BABAHOYO,LA UNIÓN,12D01C09S01,LA UNIÓN 1,12,LOS RÍOS,1201,BABAHOYO,"-1,70843","-79,39454",RURAL,VÍA PÚBLICA,PUBLICO,2026/01/08,20:28:00,ARMA DE FUEGO,OTRO,DELINCUENCIA COMÚN,AMENAZA,HERIDA POR ARMA DE FUEGO,19,A,HOMBRE,MASCULINO,MESTIZO/A,SOLTERO,ECUADOR,NINGUNA,ESTADO PERSONAL,SIN_DATO
ASESINATO,ZONA 8,D.M. GUAYAQUIL,PASCUALES,SAN FRANCISCO,09D07C07S02,SAN FRANCISCO 2,09,GUAYAS,0901,GUAYAQUIL,"-2,07044","-79,9422",URBANO,VÍA PÚBLICA,PUBLICO,2026/01/08,19:40:00,ARMA DE FUEGO,PISTOLA,DELINCUENCIA COMÚN,TRÁFICO INTERNO DE DROGAS (MICROTRÁFICO),HERIDA POR ARMA DE FUEGO,29,A,HOMBRE,MASCULINO,MESTIZO/A,SOLTERO,ECUADOR,NINGUNA,ESTADO PERSONAL,SIN_DATO
ASESINATO,ZONA 5,LOS RÍOS,BABAHOYO,ISLA DE BEJUCAL,12D01C16S01,ISLA DE BEJUCAL 1,12,LOS RÍOS,1202,BABA,"-1,67559","-79,64601",RURAL,VÍA PÚBLICA,PUBLICO,2026/01/08,15:35:00,ARMA DE FUEGO,PISTOLA,DELINCUENCIA COMÚN,AMENAZA,HERIDA POR ARMA DE FUEGO,52,A,HOMBRE,MASCULINO,MESTIZO/A,SOLTERO,ECUADOR,NINGUNA,TRABAJADOR GENERAL,SIN_DATO
ASESINATO,ZONA 8,D.M. GUAYAQUIL,SUR - DMG,GUASMO,09D01C01S01,GUASMO 1,09,GUAYAS,0901,GUAYAQUIL,"-2,28359","-79,87423",URBANO,VÍA PÚBLICA,PUBLICO,2026/01/08,15:45:00,ARMA DE FUEGO,PISTOLA,DELINCUENCIA COMÚN,AMENAZA,HERIDA POR ARMA DE FUEGO,46,A,HOMBRE,MASCULINO,AFRO,DIVORCIADO,ECUADOR,NINGUNA,ESTADO PERSONAL,SIN_DATO
ASESINATO,ZONA 8,D.M. GUAYAQUIL,9 DE OCTUBRE,ANTEPARA,09D03C06S03,ANTEPARA 3,09,GUAYAS,0901,GUAYAQUIL,"-2,21232","-79,9146",URBANO,VÍA PÚBLICA,PUBLICO,2026/01/08,20:00:00,ARMA DE FUEGO,PISTOLA,DELINCUENCIA COMÚN,AMENAZA,HERIDA POR ARMA DE FUEGO,16,A,HOMBRE,MASCULINO,MESTIZO/A,SOLTERO,ECUADOR,NINGUNA,SIN_DATO,SIN_DATO
ASESINATO,ZONA 8,D.M. GUAYAQUIL,FLORIDA,SAMANES,09D06C03S03,SAMANES 3,09,GUAYAS,0901,GUAYAQUIL,"-2,12034","-79,90975",URBANO,PARQUES Y PLAZAS,PUBLICO,2026/01/08,19:30:00,ARMA DE FUEGO,PISTOLA,DELINCUENCIA COMÚN,AMENAZA,HERIDA POR ARMA DE FUEGO,SIN_DATO,SIN_DATO,HOMBRE,MASCULINO,NO DETERMINADO,NO DETERMINADO,COLOMBIA,NINGUNA,SIN_DATO,SIN_DATO
ASESINATO,ZONA 3,PASTAZA,PASTAZA,PUYO SUR,16D01C01S02,PUYO SUR 2,16,PASTAZA,1601,PASTAZA,"-1,48747","-77,99419",URBANO,VÍA PÚBLICA,PUBLICO,2026/01/08,22:45:00,ARMA DE FUEGO,PISTOLA,DELINCUENCIA COMÚN,AMENAZA,HERIDA POR ARMA DE FUEGO,21,A,HOMBRE,MASCULINO,MESTIZO/A,SOLTERO,ECUADOR,NINGUNA,SIN_DATO,SIN_DATO
ASESINATO,ZONA 3,PASTAZA,PASTAZA,PUYO SUR,16D01C01S02,PUYO SUR 2,16,PASTAZA,1601,PASTAZA,"-1,48747","-77,99419",URBANO,VÍA PÚBLICA,PUBLICO,2026/01/08,22:40:00,ARMA DE FUEGO,PISTOLA,DELINCUENCIA COMÚN,AMENAZA,HERIDA POR ARMA DE FUEGO,33,A,HOMBRE,MASCULINO,MESTIZO/A,SOLTERO,ECUADOR,NINGUNA,AYUDANTE/JORNALERO,BASICA
ASESINATO,ZONA 8,D.M. GUAYAQUIL,FLORIDA,JUAN MONTALVO,09D06C04S04,JUAN MONTALVO 4,09,GUAYAS,0901,GUAYAQUIL,"-2,11691","-79,91586",URBANO,VÍA PÚBLICA,PUBLICO,2026/01/09,00:30:00,ARMA DE FUEGO,PISTOLA,DELINCUENCIA COMÚN,AMENAZA,HERIDA POR ARMA DE FUEGO,SIN_DATO,SIN_DATO,HOMBRE,MASCULINO,NO DETERMINADO,NO DETERMINADO,NO DETERMINADO,NINGUNA,SIN_DATO,SIN_DATO
ASESINATO,ZONA 7,EL ORO,MACHALA,19 DE NOVIEMBRE,07D02C08S01,19 DE NOVIEMBRE 1,07,EL ORO,0701,MACHALA,"-3,24562","-79,96683",URBANO,CASA/VILLA,PRIVADO,2026/01/08,23:39:00,ARMA DE FUEGO,FUSIL,DELINCUENCIA COMÚN,TRÁFICO INTERNO DE DROGAS (MICROTRÁFICO),HERIDA POR ARMA DE FUEGO,40,A,MUJER,FEMENINO,MESTIZO/A,DIVORCIADO,ECUADOR,NINGUNA,ESTADO PERSONAL,BACHILLERATO
ASESINATO,ZONA 5,LOS RÍOS,VINCES,VINCES SUR,12D05C06S01,VINCES SUR 1,12,LOS RÍOS,1208,VINCES,"-1,58383","-79,75117",RURAL,VÍA PÚBLICA,PUBLICO,2026/01/08,18:00:00,ARMA DE FUEGO,PISTOLA,DELINCUENCIA COMÚN,AMENAZA,HERIDA POR ARMA DE FUEGO,43,A,HOMBRE,MASCULINO,MESTIZO/A,SOLTERO,ECUADOR,NINGUNA,ESTADO PERSONAL,SIN_DATO
ASESINATO,ZONA 5,LOS RÍOS,BUENA FE,BUENA FE ESTE,12D06C04S01,BUENA FE ESTE 1,12,LOS RÍOS,1210,BUENA FE,"-0,88622","-79,48459",RURAL,FINCA,PRIVADO,2026/01/08,15:00:00,ARMA DE FUEGO,PISTOLA,DELINCUENCIA COMÚN,AMENAZA,HERIDA POR ARMA DE FUEGO,55,A,HOMBRE,MASCULINO,MESTIZO/A,SOLTERO,ECUADOR,NINGUNA,TRABAJADOR GENERAL,SIN_DATO
ASESINATO,ZONA 5,LOS RÍOS,BUENA FE,PATRICIA PILAR,12D06C05S01,PATRICIA PILAR 1,12,LOS RÍOS,1210,BUENA FE,"-0,57465","-79,37035",URBANO,VÍA PÚBLICA,PUBLICO,2026/01/08,22:00:00,ARMA DE FUEGO,PISTOLA,DELINCUENCIA COMÚN,AMENAZA,HERIDA POR ARMA DE FUEGO,28,A,HOMBRE,MASCULINO,MESTIZO/A,CASADO,ECUADOR,NINGUNA,CAJERO,SIN_DATO
ASESINATO,ZONA 7,EL ORO,MACHALA,19 DE NOVIEMBRE,07D02C08S01,19 DE NOVIEMBRE 1,07,EL ORO,0701,MACHALA,"-3,24562","-79,96683",URBANO,CASA/VILLA,PRIVADO,2026/01/08,23:39:00,ARMA DE FUEGO,FUSIL,DELINCUENCIA COMÚN,TRÁFICO INTERNO DE DROGAS (MICROTRÁFICO),HERIDA POR ARMA DE FUEGO,13,A,MUJER,FEMENINO,MESTIZO/A,SOLTERO,ECUADOR,NINGUNA,SIN_DATO,SIN_DATO
ASESINATO,ZONA 7,EL ORO,MACHALA,19 DE NOVIEMBRE,07D02C08S01,19 DE NOVIEMBRE 1,07,EL ORO,0701,MACHALA,"-3,24562","-79,96683",URBANO,CASA/VILLA,PRIVADO,2026/01/08,23:39:00,ARMA DE FUEGO,FUSIL,DELINCUENCIA COMÚN,TRÁFICO INTERNO DE DROGAS (MICROTRÁFICO),HERIDA POR ARMA DE FUEGO,17,A,HOMBRE,MASCULINO,MESTIZO/A,SOLTERO,ECUADOR,NINGUNA,SIN_DATO,SIN_DATO
ASESINATO,ZONA 5,LOS RÍOS,BUENA FE,PATRICIA PILAR,12D06C05S01,PATRICIA PILAR 1,12,LOS RÍOS,1210,BUENA FE,"-0,57465","-79,37035",URBANO,VÍA PÚBLICA,PUBLICO,2026/01/08,22:00:00,ARMA DE FUEGO,PISTOLA,DELINCUENCIA COMÚN,AMENAZA,HERIDA POR ARMA DE FUEGO,39,A,MUJER,FEMENINO,MESTIZO/A,SOLTERO,ECUADOR,NINGUNA,ESTADO PERSONAL,BASICA
ASESINATO,ZONA 7,EL ORO,MACHALA,19 DE NOVIEMBRE,07D02C08S01,19 DE NOVIEMBRE 1,07,EL ORO,0701,MACHALA,"-3,24562","-79,96683",URBANO,CASA/VILLA,PRIVADO,2026/01/08,23:39:00,ARMA DE FUEGO,FUSIL,DELINCUENCIA COMÚN,TRÁFICO INTERNO DE DROGAS (MICROTRÁFICO),HERIDA POR ARMA DE FUEGO,41,A,HOMBRE,MASCULINO,MESTIZO/A,SOLTERO,ECUADOR,NINGUNA,TRABAJADOR COMERCIAL,SIN_DATO
ASESINATO,ZONA 6,CAÑAR,LA TRONCAL,TRONCAL CENTRO,03D03C02S01,TRONCAL CENTRO 1,03,CAÑAR,0304,LA TRONCAL,"-2,34938","-79,31205",RURAL,MAR,PUBLICO,2026/01/09,07:00:00,ARMA DE FUEGO,PISTOLA,DELINCUENCIA COMÚN,TRÁFICO INTERNO DE DROGAS (MICROTRÁFICO),HERIDA POR ARMA DE FUEGO,20,A,HOMBRE,MASCULINO,MESTIZO/A,SOLTERO,ECUADOR,NINGUNA,ESTADO PERSONAL,SIN_DATO
ASESINATO,ZONA 5,GUAYAS,BALZAR,BALZAR OESTE,09D13C01S01,BALZAR OESTE 1,09,GUAYAS,0904,BALZAR,"-1,37894","-79,91127",URBANO,VÍA PÚBLICA,PUBLICO,2026/01/08,17:00:00,ARMA DE FUEGO,OTROS ARMA CORTA,DELINCUENCIA COMÚN,ROBO EN EJES VIALES O CARRETERAS,HERIDA POR ARMA DE FUEGO,42,A,HOMBRE,MASCULINO,MESTIZO/A,CASADO,ECUADOR,NINGUNA,BACHILLER TÉCNICO,SIN_DATO
ASESINATO,ZONA 8,D.M. GUAYAQUIL,9 DE OCTUBRE,VENEZUELA,09D03C05S02,VENEZUELA 2,09,GUAYAS,0901,GUAYAQUIL,"-2,20199","-79,89536",URBANO,VÍA PÚBLICA,PUBLICO,2026/01/09,01:30:00,ARMA DE FUEGO,PISTOLA,DELINCUENCIA COMÚN,TRÁFICO INTERNO DE DROGAS (MICROTRÁFICO),HERIDA POR ARMA DE FUEGO,35,A,HOMBRE,MASCULINO,MESTIZO/A,SOLTERO,COLOMBIA,NINGUNA,SIN_DATO,SIN_DATO
ASESINATO,ZONA 5,GUAYAS,EMPALME,PUERTO DEL MONO,09D15C02S01,PUERTO DEL MONO 1,09,GUAYAS,0908,EL EMPALME,"-0,95784","-79,54293",RURAL,TERRENO BALDÍO,PUBLICO,2026/01/08,10:00:00,ARMA BLANCA,MACHETE,DELINCUENCIA COMÚN,AMENAZA,HERIDA POR ARMA BLANCA,24,A,HOMBRE,MASCULINO,NO DETERMINADO,NO DETERMINADO,VENEZUELA,NINGUNA,SIN_DATO,SIN_DATO
ASESINATO,ZONA 8,D.M. GUAYAQUIL,PROGRESO,PROGRESO,09D10C03S01,PROGRESO 1,09,GUAYAS,0901,GUAYAQUIL,"-2,20241","-80,10184",URBANO,LAGUNA - LAGO,PUBLICO,2026/01/08,07:00:00,ARMA DE FUEGO,OTRO,DELINCUENCIA COMÚN,AMENAZA,HERIDA POR ARMA DE FUEGO,SIN_DATO,SIN_DATO,HOMBRE,MASCULINO,MESTIZO/A,SOLTERO,OTROS,NINGUNA,SIN_DATO,SIN_DATO
ASESINATO,ZONA 8,D.M. GUAYAQUIL,PROGRESO,PROGRESO,09D10C03S01,PROGRESO 1,09,GUAYAS,0901,GUAYAQUIL,"-2,20241","-80,10184",URBANO,LAGUNA - LAGO,PUBLICO,2026/01/08,07:00:00,ARMA DE FUEGO,OTRO,DELINCUENCIA COMÚN,AMENAZA,HERIDA POR ARMA DE FUEGO,30,A,HOMBRE,MASCULINO,MESTIZO/A,SOLTERO,OTROS,NINGUNA,SIN_DATO,SIN_DATO
ASESINATO,ZONA 5,SANTA ELENA,LIBERTAD SALINAS,ENRÍQUEZ GALLO,24D02C04S01,ENRÍQUEZ GALLO 1,24,SANTA ELENA,2402,LA LIBERTAD,"-2,23829","-80,88393",URBANO,VÍA PÚBLICA,PUBLICO,2026/01/08,19:30:00,ARMA DE FUEGO,PISTOLA,DELINCUENCIA COMÚN,AMENAZA,HERIDA POR ARMA DE FUEGO,26,A,HOMBRE,MASCULINO,MESTIZO/A,SOLTERO,ECUADOR,NINGUNA,TRABAJADOR GENERAL,SIN_DATO
ASESINATO,ZONA 8,D.M. GUAYAQUIL,9 DE OCTUBRE,ANTEPARA,09D03C06S03,ANTEPARA 3,09,GUAYAS,0901,GUAYAQUIL,"-2,21232","-79,9146",URBANO,"TIENDAS, MICROMERCADO, ABARROTES",PRIVADO,2026/01/08,20:00:00,ARMA DE FUEGO,PISTOLA,DELINCUENCIA COMÚN,AMENAZA,HERIDA POR ARMA DE FUEGO,25,A,HOMBRE,MASCULINO,MESTIZO/A,SOLTERO,ECUADOR,NINGUNA,ESTADO PERSONAL,SIN_DATO
HOMICIDIO,ZONA 9,D.M. QUITO,QUITUMBE,GUAMANÍ,17D07C02S04,GUAMANÍ 4,17,PICHINCHA,1701,QUITO,"-0,35286","-78,56017",RURAL,VÍA PÚBLICA,PUBLICO,2026/01/08,23:45:00,ARMA DE FUEGO,PISTOLA,DELINCUENCIA COMÚN,AMENAZA,HERIDA POR ARMA DE FUEGO,30,A,HOMBRE,MASCULINO,MESTIZO/A,NO DETERMINADO,NO DETERMINADO,NINGUNA,SIN_DATO,SIN_DATO
ASESINATO,ZONA 7,EL ORO,PASAJE,VELASCO IBARRA,07D01C08S01,VELASCO IBARRA 1,07,EL ORO,0709,PASAJE,"-3,33401","-79,79861",URBANO,VÍA PÚBLICA,PUBLICO,2026/01/08,07:30:00,ARMA DE FUEGO,REVOLVER,DELINCUENCIA COMÚN,TRÁFICO INTERNO DE DROGAS (MICROTRÁFICO),HERIDA POR ARMA DE FUEGO,45,A,HOMBRE,MASCULINO,MESTIZO/A,CASADO,ECUADOR,NINGUNA,TRABAJADOR GENERAL,BACHILLERATO
HOMICIDIO,ZONA 9,D.M. QUITO,ELOY ALFARO - DMQ,SANTA ANITA,17D06C03S02,SANTA ANITA 2,17,PICHINCHA,1701,QUITO,"-0,25863","-78,53721",URBANO,VÍA PÚBLICA,PUBLICO,2026/01/08,22:30:00,ARMA DE FUEGO,PISTOLA,DELINCUENCIA COMÚN,AMENAZA,HERIDA POR ARMA DE FUEGO,28,A,HOMBRE,MASCULINO,MESTIZO/A,NO DETERMINADO,NO DETERMINADO,NINGUNA,SIN_DATO,SIN_DATO
ASESINATO,ZONA 7,EL ORO,PASAJE,CASACAY,07D01C14S01,CASACAY 1,07,EL ORO,0709,PASAJE,"-3,32157","-79,71653",RURAL,VÍA PÚBLICA,PUBLICO,2026/01/08,12:20:00,ARMA DE FUEGO,PISTOLA,DELINCUENCIA COMÚN,TRÁFICO INTERNO DE DROGAS (MICROTRÁFICO),HERIDA POR ARMA DE FUEGO,39,A,HOMBRE,MASCULINO,MESTIZO/A,SOLTERO,ECUADOR,NINGUNA,TRABAJADOR GENERAL,BACHILLERATO
ASESINATO,ZONA 7,EL ORO,PASAJE,BARBONES,07D01C05S01,BARBONES 1,07,EL ORO,0706,EL GUABO,"-3,17025","-79,8605",RURAL,HACIENDAS,PRIVADO,2026/01/08,11:00:00,ARMA BLANCA,CUCHILLO,DELINCUENCIA COMÚN,AMENAZA,HERIDA POR ARMA BLANCA,SIN_DATO,SIN_DATO,HOMBRE,MASCULINO,NO DETERMINADO,NO DETERMINADO,NO DETERMINADO,NINGUNA,SIN_DATO,SIN_DATO
ASESINATO,ZONA 1,ESMERALDAS,ESMERALDAS,EL ARENAL,08D01C05S02,EL ARENAL 2,08,ESMERALDAS,0801,ESMERALDAS,"0,95865","-79,64905",URBANO,VÍA PÚBLICA,PUBLICO,2026/01/09,12:30:00,ARMA DE FUEGO,PISTOLA,DELINCUENCIA COMÚN,AMENAZA,HERIDA POR ARMA DE FUEGO,29,A,HOMBRE,MASCULINO,MESTIZO/A,CASADO,ECUADOR,NINGUNA,BACHILLER CIENCIAS,SIN_DATO
ASESINATO,ZONA 1,ESMERALDAS,ESMERALDAS,EL ARENAL,08D01C05S02,EL ARENAL 2,08,ESMERALDAS,0801,ESMERALDAS,"0,95865","-79,64905",URBANO,VÍA PÚBLICA,PUBLICO,2026/01/09,12:30:00,ARMA DE FUEGO,PISTOLA,DELINCUENCIA COMÚN,AMENAZA,HERIDA POR ARMA DE FUEGO,27,A,HOMBRE,MASCULINO,MESTIZO/A,SOLTERO,ECUADOR,NINGUNA,BACHILLER TÉCNICO,SIN_DATO
ASESINATO,ZONA 7,EL ORO,MACHALA,RAYITO DE LUZ,07D02C04S01,RAYITO DE LUZ 1,07,EL ORO,0701,MACHALA,"-3,26578","-79,93588",URBANO,VÍA PÚBLICA,PUBLICO,2026/01/09,13:30:00,ARMA DE FUEGO,PISTOLA,DELINCUENCIA COMÚN,TRÁFICO INTERNO DE DROGAS (MICROTRÁFICO),HERIDA POR ARMA DE FUEGO,23,A,HOMBRE,MASCULINO,MESTIZO/A,SOLTERO,ECUADOR,NINGUNA,ESTADO PERSONAL,SIN_DATO
ASESINATO,ZONA 5,LOS RÍOS,VENTANAS,QUINSALOMA,12D04C07S01,QUINSALOMA 1,12,LOS RÍOS,1213,QUINSALOMA,"-1,26396","-79,41255",RURAL,VÍA PÚBLICA,PUBLICO,2026/01/09,15:30:00,ARMA DE FUEGO,PISTOLA,DELINCUENCIA COMÚN,AMENAZA,HERIDA POR ARMA DE FUEGO,27,A,HOMBRE,MASCULINO,MESTIZO/A,SOLTERO,ECUADOR,NINGUNA,ESTADO PERSONAL,SUPERIOR
ASESINATO,ZONA 7,EL ORO,MACHALA,PARQUE LINEAL,07D02C20S01,PARQUE LINEAL 1,07,EL ORO,0701,MACHALA,"-3,25938","-79,97474",URBANO,CASA/VILLA,PRIVADO,2026/01/09,19:00:00,ARMA BLANCA,CUCHILLO,VIOLENCIA COMUNITARIA,RIÑAS,HERIDA POR ARMA BLANCA,26,A,HOMBRE,MASCULINO,MESTIZO/A,SOLTERO,VENEZUELA,NINGUNA,SIN_DATO,SIN_DATO
ASESINATO,ZONA 4,MANABÍ,MANTA,CENTRO,13D02C07S01,CENTRO 1,13,MANABÍ,1308,MANTA,"-0,94935","-80,72592",URBANO,VÍA PÚBLICA,PUBLICO,2026/01/09,11:50:00,ARMA DE FUEGO,PISTOLA,DELINCUENCIA COMÚN,AMENAZA,HERIDA POR ARMA DE FUEGO,32,A,HOMBRE,MASCULINO,MESTIZO/A,SOLTERO,ECUADOR,NINGUNA,ESTADO PERSONAL,SIN_DATO
ASESINATO,ZONA 4,MANABÍ,CHONE,BEJUCO,13D07C01S02,BEJUCO 2,13,MANABÍ,1303,CHONE,"-0,71458","-79,98045",RURAL,CASA/VILLA,PRIVADO,2026/01/06,19:00:00,ARMA DE FUEGO,REVOLVER,VIOLENCIA COMUNITARIA,LITIGIO DE TIERRAS,HERIDA POR ARMA DE FUEGO,42,A,HOMBRE,MASCULINO,MESTIZO/A,SOLTERO,ECUADOR,NINGUNA,TRABAJADOR GENERAL,BACHILLERATO
HOMICIDIO,ZONA 9,D.M. QUITO,LA DELICIA,EL MIRADOR,17D03C19S03,EL MIRADOR 3,17,PICHINCHA,1701,QUITO,"-0,12092","-78,46443",URBANO,VÍA PÚBLICA,PUBLICO,2026/01/09,17:30:00,ARMA DE FUEGO,PISTOLA,DELINCUENCIA COMÚN,AMENAZA,HERIDA POR ARMA DE FUEGO,26,A,HOMBRE,MASCULINO,MESTIZO/A,SOLTERO,ECUADOR,NINGUNA,ESTADO PERSONAL,SIN_DATO
ASESINATO,ZONA 4,MANABÍ,PEDERNALES,PEDERNALES NORTE,13D10C03S01,PEDERNALES NORTE 1,13,MANABÍ,1317,PEDERNALES,"0,10865","-80,04307",URBANO,VÍA PÚBLICA,PUBLICO,2026/01/09,20:40:00,ARMA DE FUEGO,REVOLVER,DELINCUENCIA COMÚN,AMENAZA,HERIDA POR ARMA DE FUEGO,21,A,HOMBRE,MASCULINO,MESTIZO/A,SOLTERO,ECUADOR,NINGUNA,ESTADO PERSONAL,SIN_DATO
ASESINATO,ZONA 8,D.M. GUAYAQUIL,NUEVA PROSPERINA,NUEVA PROSPERINA,09D08C01S02,NUEVA PROSPERINA 2,09,GUAYAS,0901,GUAYAQUIL,"-2,12416","-79,95417",URBANO,VÍA PÚBLICA,PUBLICO,2026/01/08,20:00:00,ARMA DE FUEGO,PISTOLA,DELINCUENCIA COMÚN,ROBO A PERSONAS,HERIDA POR ARMA DE FUEGO,17,A,HOMBRE,MASCULINO,MESTIZO/A,SOLTERO,ECUADOR,NINGUNA,ESTADO PERSONAL,SIN_DATO
ASESINATO,ZONA 8,D.M. GUAYAQUIL,FLORIDA,SAMANES,09D06C03S01,SAMANES 1,09,GUAYAS,0901,GUAYAQUIL,"-2,13124","-79,91196",URBANO,VÍA PÚBLICA,PUBLICO,2026/01/10,01:15:00,ARMA DE FUEGO,PISTOLA,DELINCUENCIA COMÚN,AMENAZA,HERIDA POR ARMA DE FUEGO,23,A,HOMBRE,MASCULINO,MESTIZO/A,SOLTERO,ECUADOR,NINGUNA,ESTADO PERSONAL,SIN_DATO
ASESINATO,ZONA 5,GUAYAS,NARANJAL BALAO,NARANJAL SUR,09D12C04S01,NARANJAL SUR 1,09,GUAYAS,0911,NARANJAL,"-2,67311","-79,62266",URBANO,OTROS CENTROS DE DIVERSIÓN,PRIVADO,2026/01/09,20:25:00,ARMA DE FUEGO,PISTOLA,DELINCUENCIA COMÚN,AMENAZA,HERIDA POR ARMA DE FUEGO,33,A,HOMBRE,MASCULINO,MESTIZO/A,SOLTERO,ECUADOR,NINGUNA,ESTADO PERSONAL,BASICA
ASESINATO,ZONA 5,GUAYAS,NARANJAL BALAO,NARANJAL SUR,09D12C04S01,NARANJAL SUR 1,09,GUAYAS,0911,NARANJAL,"-2,67311","-79,62266",URBANO,OTROS CENTROS DE DIVERSIÓN,PRIVADO,2026/01/09,20:25:00,ARMA DE FUEGO,PISTOLA,DELINCUENCIA COMÚN,AMENAZA,HERIDA POR ARMA DE FUEGO,28,A,HOMBRE,MASCULINO,MESTIZO/A,SOLTERO,ECUADOR,NINGUNA,SIN_DATO,NINGUNA
ASESINATO,ZONA 8,D.M. GUAYAQUIL,FLORIDA,FLORIDA,09D06C05S01,FLORIDA 1,09,GUAYAS,0901,GUAYAQUIL,"-2,13688","-79,93724",URBANO,VÍA PÚBLICA,PUBLICO,2026/01/09,19:20:00,ARMA DE FUEGO,PISTOLA,DELINCUENCIA COMÚN,TRÁFICO INTERNO DE DROGAS (MICROTRÁFICO),HERIDA POR ARMA DE FUEGO,40,A,HOMBRE,MASCULINO,MESTIZO/A,SOLTERO,ECUADOR,NINGUNA,TRABAJADOR GENERAL,BASICA
ASESINATO,ZONA 8,D.M. GUAYAQUIL,DURÁN,ARBOLITO,09D24C07S01,ARBOLITO 1,09,GUAYAS,0907,DURÁN,"-2,15335","-79,82425",URBANO,CASA/VILLA,PRIVADO,2026/01/09,16:00:00,ARMA DE FUEGO,PISTOLA,DELINCUENCIA COMÚN,TRÁFICO INTERNO DE DROGAS (MICROTRÁFICO),HERIDA POR ARMA DE FUEGO,19,A,MUJER,FEMENINO,MESTIZO/A,CASADO,ECUADOR,NINGUNA,BACHILLER CIENCIAS,SIN_DATO
ASESINATO,ZONA 8,D.M. GUAYAQUIL,9 DE OCTUBRE,CRISTO DEL CONSUELO,09D03C07S03,CRISTO DEL CONSUELO 3,09,GUAYAS,0901,GUAYAQUIL,"-2,21671","-79,90679",URBANO,VÍA PÚBLICA,PUBLICO,2026/01/09,22:00:00,ARMA DE FUEGO,PISTOLA,DELINCUENCIA COMÚN,TRÁFICO INTERNO DE DROGAS (MICROTRÁFICO),HERIDA POR ARMA DE FUEGO,27,A,HOMBRE,MASCULINO,MESTIZO/A,SOLTERO,ECUADOR,NINGUNA,BACHILLER CIENCIAS,SIN_DATO
ASESINATO,ZONA 9,D.M. QUITO,TUMBACO,TABLÓN,17D09C06S01,TABLÓN 1,17,PICHINCHA,1701,QUITO,"-0,24935","-78,30493",RURAL,VÍA PÚBLICA,PUBLICO,2026/01/09,21:50:00,ARMA DE FUEGO,REVOLVER,DELINCUENCIA COMÚN,AMENAZA,HERIDA POR ARMA DE FUEGO,41,A,HOMBRE,MASCULINO,MESTIZO/A,SOLTERO,ECUADOR,NINGUNA,TRABAJADOR GENERAL,SIN_DATO
ASESINATO,ZONA 8,D.M. GUAYAQUIL,DURÁN,ARBOLITO,09D24C07S01,ARBOLITO 1,09,GUAYAS,0907,DURÁN,"-2,15335","-79,82425",URBANO,CASA/VILLA,PRIVADO,2026/01/09,16:00:00,ARMA DE FUEGO,PISTOLA,DELINCUENCIA COMÚN,TRÁFICO INTERNO DE DROGAS (MICROTRÁFICO),HERIDA POR ARMA DE FUEGO,48,A,MUJER,FEMENINO,MESTIZO/A,SOLTERO,ECUADOR,NINGUNA,ESTADO PERSONAL,SIN_DATO
ASESINATO,ZONA 8,D.M. GUAYAQUIL,9 DE OCTUBRE,CRISTO DEL CONSUELO,09D03C07S03,CRISTO DEL CONSUELO 3,09,GUAYAS,0901,GUAYAQUIL,"-2,21671","-79,90679",URBANO,VÍA PÚBLICA,PUBLICO,2026/01/09,22:00:00,ARMA DE FUEGO,PISTOLA,DELINCUENCIA COMÚN,TRÁFICO INTERNO DE DROGAS (MICROTRÁFICO),HERIDA POR ARMA BLANCA,21,A,HOMBRE,MASCULINO,MESTIZO/A,SOLTERO,ECUADOR,NINGUNA,BACHILLER CIENCIAS,SIN_DATO
ASESINATO,ZONA 8,D.M. GUAYAQUIL,DURÁN,DIVINO NIÑO,09D24C06S02,DIVINO NIÑO 2,09,GUAYAS,0907,DURÁN,"-2,16307","-79,82068",URBANO,VÍA PÚBLICA,PUBLICO,2026/01/09,13:00:00,ARMA DE FUEGO,PISTOLA,DELINCUENCIA COMÚN,AMENAZA,HERIDA POR ARMA DE FUEGO,19,A,HOMBRE,MASCULINO,MESTIZO/A,SOLTERO,ECUADOR,NINGUNA,ESTADO PERSONAL,SIN_DATO
ASESINATO,ZONA 8,D.M. GUAYAQUIL,DURÁN,DIVINO NIÑO,09D24C06S02,DIVINO NIÑO 2,09,GUAYAS,0907,DURÁN,"-2,16307","-79,82068",URBANO,VÍA PÚBLICA,PUBLICO,2026/01/09,13:00:00,ARMA DE FUEGO,PISTOLA,DELINCUENCIA COMÚN,AMENAZA,HERIDA POR ARMA DE FUEGO,23,A,HOMBRE,MASCULINO,MONTUBIO/A,NO DETERMINADO,ECUADOR,NINGUNA,ESTADO PERSONAL,SIN_DATO
ASESINATO,ZONA 8,D.M. GUAYAQUIL,9 DE OCTUBRE,CRISTO DEL CONSUELO,09D03C07S01,CRISTO DEL CONSUELO 1,09,GUAYAS,0901,GUAYAQUIL,"-2,22167","-79,90733",URBANO,VÍA PÚBLICA,PUBLICO,2026/01/09,22:00:00,ARMA DE FUEGO,PISTOLA,DELINCUENCIA COMÚN,AMENAZA,HERIDA POR ARMA DE FUEGO,25,A,HOMBRE,MASCULINO,MESTIZO/A,SOLTERO,ECUADOR,NINGUNA,ESTADO PERSONAL,SIN_DATO
ASESINATO,ZONA 4,MANABÍ,MANTA,MONTECRISTI,13D02C19S01,MONTECRISTI 1,13,MANABÍ,1309,MONTECRISTI,"-1,00381","-80,71148",URBANO,VÍA PÚBLICA,PUBLICO,2026/01/10,09:40:00,ARMA DE FUEGO,OTROS ARMA LARGA,DELINCUENCIA COMÚN,AMENAZA,HERIDA POR ARMA DE FUEGO,16,A,HOMBRE,MASCULINO,MESTIZO/A,SOLTERO,ECUADOR,NINGUNA,SIN_DATO,SIN_DATO
ASESINATO,ZONA 4,MANABÍ,MANTA,MONTECRISTI,13D02C19S01,MONTECRISTI 1,13,MANABÍ,1309,MONTECRISTI,"-1,00381","-80,71148",URBANO,VÍA PÚBLICA,PUBLICO,2026/01/10,09:40:00,ARMA DE FUEGO,OTROS ARMA LARGA,DELINCUENCIA COMÚN,AMENAZA,HERIDA POR ARMA DE FUEGO,27,A,HOMBRE,MASCULINO,MESTIZO/A,SOLTERO,ECUADOR,NINGUNA,TRABAJADOR GENERAL,SIN_DATO
ASESINATO,ZONA 1,SUCUMBÍOS,LAGO AGRIO,LAS PALMERAS,21D02C04S01,LAS PALMERAS 1,21,SUCUMBÍOS,2101,LAGO AGRIO,"0,09151","-76,88716",URBANO,VÍA PÚBLICA,PUBLICO,2026/01/10,02:45:00,ARMA DE FUEGO,PISTOLA,DELINCUENCIA COMÚN,AMENAZA,HERIDA POR ARMA DE FUEGO,35,A,HOMBRE,MASCULINO,MESTIZO/A,SOLTERO,ECUADOR,NINGUNA,ESTADO PERSONAL,SUPERIOR
ASESINATO,ZONA 7,EL ORO,PASAJE,PRIVILEGIO,07D01C03S01,PRIVILEGIO 1,07,EL ORO,0706,EL GUABO,"-3,24203","-79,82614",URBANO,MECÁNICAS,PRIVADO,2026/01/09,09:20:00,ARMA DE FUEGO,PISTOLA,DELINCUENCIA COMÚN,AMENAZA,HERIDA POR ARMA DE FUEGO,36,A,HOMBRE,MASCULINO,MESTIZO/A,NO DETERMINADO,COLOMBIA,NINGUNA,SIN_DATO,SIN_DATO
ASESINATO,ZONA 7,EL ORO,PASAJE,BARBONES,07D01C05S02,BARBONES 2,07,EL ORO,0706,EL GUABO,"-3,15233","-79,82353",RURAL,HACIENDAS,PRIVADO,2026/01/10,07:25:00,ARMA DE FUEGO,PISTOLA,DELINCUENCIA COMÚN,TRÁFICO INTERNO DE DROGAS (MICROTRÁFICO),HERIDA POR ARMA DE FUEGO,32,A,HOMBRE,MASCULINO,MESTIZO/A,SOLTERO,ECUADOR,NINGUNA,AYUDANTE/JORNALERO,BASICA
ASESINATO,ZONA 5,GUAYAS,EMPALME,CARLOS JULIO AROSEMENA,09D15C03S01,CARLOS JULIO AROSEMENA 1,09,GUAYAS,0908,EL EMPALME,"-0,91189","-79,70568",RURAL,TERRENO BALDÍO,PUBLICO,2026/01/06,04:00:00,ARMA DE FUEGO,PISTOLA,DELINCUENCIA COMÚN,ROBO EN EJES VIALES O CARRETERAS,HERIDA POR ARMA DE FUEGO,31,A,HOMBRE,MASCULINO,MESTIZO/A,DIVORCIADO,ECUADOR,NINGUNA,CHOFER/CONDUCTOR,SIN_DATO
ASESINATO,ZONA 8,D.M. GUAYAQUIL,DURÁN,DIVINO NIÑO,09D24C06S04,DIVINO NIÑO 4,09,GUAYAS,0907,DURÁN,"-2,1646","-79,83176",URBANO,VÍA PÚBLICA,PUBLICO,2026/01/10,10:30:00,ARMA DE FUEGO,PISTOLA,DELINCUENCIA COMÚN,AMENAZA,HERIDA POR ARMA DE FUEGO,37,A,HOMBRE,MASCULINO,MESTIZO/A,SOLTERO,ECUADOR,NINGUNA,PROFESIONAL DE SALUD,SIN_DATO
ASESINATO,ZONA 1,ESMERALDAS,QUININDÉ,LA UNIÓN,08D04C08S01,LA UNIÓN 1,08,ESMERALDAS,0804,QUININDÉ,"0,13514","-79,4087",URBANO,OTROS LOCALES COMERCIALES,PRIVADO,2026/01/10,13:20:00,ARMA DE FUEGO,PISTOLA,DELINCUENCIA COMÚN,ROBO A UNIDADES ECONÓMICAS,HERIDA POR ARMA DE FUEGO,62,A,HOMBRE,MASCULINO,MESTIZO/A,CASADO,ECUADOR,NINGUNA,TRABAJADOR GENERAL,SIN_DATO
ASESINATO,ZONA 4,MANABÍ,CHONE,RANCHO VIEJO,13D07C02S01,RANCHO VIEJO 1,13,MANABÍ,1303,CHONE,"-0,69787","-80,11688",URBANO,VÍA PÚBLICA,PUBLICO,2026/01/10,21:00:00,ARMA DE FUEGO,PISTOLA,DELINCUENCIA COMÚN,TRÁFICO INTERNO DE DROGAS (MICROTRÁFICO),HERIDA POR ARMA DE FUEGO,25,A,HOMBRE,MASCULINO,MESTIZO/A,SOLTERO,ECUADOR,NINGUNA,ESTADO PERSONAL,SIN_DATO
SICARIATO,ZONA 4,MANABÍ,SUCRE,CHARAPOTO,13D11C03S02,CHARAPOTO 2,13,MANABÍ,1314,SUCRE,"-0,85417","-80,46502",RURAL,VÍA PÚBLICA,PUBLICO,2026/01/06,19:30:00,ARMA DE FUEGO,PISTOLA,DELINCUENCIA COMÚN,TRÁFICO INTERNO DE DROGAS (MICROTRÁFICO),HERIDA POR ARMA DE FUEGO,34,A,HOMBRE,MASCULINO,MESTIZO/A,SOLTERO,ECUADOR,NINGUNA,MAESTRO DE OBRA/CONSTRUCCIÓN,INICIAL
ASESINATO,ZONA 4,MANABÍ,MANTA,MONTECRISTI,13D02C19S01,MONTECRISTI 1,13,MANABÍ,1309,MONTECRISTI,"-1,01785","-80,70995",URBANO,VÍA PÚBLICA,PUBLICO,2026/01/10,15:50:00,ARMA DE FUEGO,PISTOLA,DELINCUENCIA COMÚN,AMENAZA,HERIDA POR ARMA DE FUEGO,21,A,HOMBRE,MASCULINO,MESTIZO/A,SOLTERO,ECUADOR,NINGUNA,BACHILLER CIENCIAS,SIN_DATO
HOMICIDIO,ZONA 9,D.M. QUITO,ELOY ALFARO - DMQ,MENA,17D06C08S04,MENA 4,17,PICHINCHA,1701,QUITO,"-0,25738","-78,56298",URBANO,CASA/VILLA,PRIVADO,2026/01/10,21:45:00,ARMA BLANCA,CUCHILLO,VIOLENCIA INTRAFAMILIAR,SENTIMENTAL,HERIDA POR ARMA BLANCA,36,A,HOMBRE,MASCULINO,MESTIZO/A,SOLTERO,ECUADOR,NINGUNA,AYUDANTE/JORNALERO,SIN_DATO
ASESINATO,ZONA 4,MANABÍ,MANTA,TARQUI,13D02C04S02,TARQUI 2,13,MANABÍ,1308,MANTA,"-0,95171","-80,70332",URBANO,VÍA PÚBLICA,PUBLICO,2026/01/10,18:00:00,ARMA DE FUEGO,OTROS ARMA CORTA,DELINCUENCIA COMÚN,TRÁFICO INTERNO DE DROGAS (MICROTRÁFICO),HERIDA POR ARMA DE FUEGO,31,A,HOMBRE,MASCULINO,MESTIZO/A,SOLTERO,ECUADOR,NINGUNA,ESTADO PERSONAL,SIN_DATO
ASESINATO,ZONA 4,MANABÍ,MANTA,TARQUI,13D02C04S03,TARQUI 3,13,MANABÍ,1308,MANTA,"-0,95714","-80,70969",URBANO,VÍA PÚBLICA,PUBLICO,2026/01/10,21:00:00,ARMA DE FUEGO,OTROS ARMA CORTA,DELINCUENCIA COMÚN,AMENAZA,HERIDA POR ARMA DE FUEGO,38,A,HOMBRE,MASCULINO,MESTIZO/A,SOLTERO,ECUADOR,NINGUNA,ARTESANO/OFICIO,SIN_DATO
ASESINATO,ZONA 4,MANABÍ,MANTA,TARQUI,13D02C04S03,TARQUI 3,13,MANABÍ,1308,MANTA,"-0,95714","-80,70969",URBANO,VÍA PÚBLICA,PUBLICO,2026/01/10,21:00:00,ARMA DE FUEGO,PISTOLA,DELINCUENCIA COMÚN,AMENAZA,HERIDA POR ARMA DE FUEGO,46,A,HOMBRE,SIN_DATO,OTROS,SOLTERO,ECUADOR,NINGUNA,ESTADO PERSONAL,SIN_DATO
ASESINATO,ZONA 4,STO DGO DE LOS TSÁCHILAS,LA CONCORDIA,CONCORDIA NORTE,23D03C01S03,CONCORDIA NORTE 3,23,STO DGO DE LOS TSÁCHILAS,2302,LA CONCORDIA,"-0,00055","-79,39457",URBANO,VÍA PÚBLICA,PUBLICO,2026/01/10,23:10:00,ARMA DE FUEGO,REVOLVER,DELINCUENCIA COMÚN,AMENAZA,HERIDA POR ARMA DE FUEGO,19,A,HOMBRE,MASCULINO,MESTIZO/A,SOLTERO,ECUADOR,NINGUNA,AYUDANTE/JORNALERO,SIN_DATO
ASESINATO,ZONA 8,D.M. GUAYAQUIL,NUEVA PROSPERINA,PARAÍSO LA FLOR,09D08C03S01,PARAÍSO LA FLOR 1,09,GUAYAS,0901,GUAYAQUIL,"-2,10615","-79,95939",URBANO,VÍA PÚBLICA,PUBLICO,2026/01/10,20:45:00,ARMA DE FUEGO,OTROS ARMA CORTA,DELINCUENCIA COMÚN,AMENAZA,HERIDA POR ARMA DE FUEGO,15,A,HOMBRE,MASCULINO,MESTIZO/A,SOLTERO,ECUADOR,NINGUNA,SIN_DATO,SIN_DATO
ASESINATO,ZONA 7,EL ORO,HUAQUILLAS,HUALTACO,07D05C06S02,HUALTACO 2,07,EL ORO,0707,HUAQUILLAS,"-3,47733","-80,23394",URBANO,VÍA PÚBLICA,PUBLICO,2026/01/10,18:00:00,ARMA DE FUEGO,PISTOLA,DELINCUENCIA COMÚN,TRÁFICO INTERNO DE DROGAS (MICROTRÁFICO),HERIDA POR ARMA DE FUEGO,26,A,HOMBRE,MASCULINO,MESTIZO/A,SOLTERO,VENEZUELA,NINGUNA,SIN_DATO,SIN_DATO
ASESINATO,ZONA 8,D.M. GUAYAQUIL,SUR - DMG,CENTENARIO,09D01C05S02,CENTENARIO 2,09,GUAYAS,0901,GUAYAQUIL,"-2,2254","-79,88853",URBANO,VÍA PÚBLICA,PUBLICO,2026/01/11,00:50:00,ARMA DE FUEGO,OTROS ARMA CORTA,DELINCUENCIA COMÚN,AMENAZA,HERIDA POR ARMA DE FUEGO,52,A,HOMBRE,MASCULINO,MESTIZO/A,CASADO,ECUADOR,NINGUNA,TRABAJADOR COMERCIAL,SIN_DATO
ASESINATO,ZONA 8,D.M. GUAYAQUIL,9 DE OCTUBRE,CHILE,09D03C01S04,CHILE 4,09,GUAYAS,0901,GUAYAQUIL,"-2,20215","-79,88885",URBANO,VÍA PÚBLICA,PUBLICO,2026/01/11,02:35:00,ARMA DE FUEGO,OTROS ARMA CORTA,DELINCUENCIA COMÚN,AMENAZA,HERIDA POR ARMA DE FUEGO,33,A,HOMBRE,MASCULINO,MESTIZO/A,SOLTERO,ECUADOR,NINGUNA,CONTADOR/AUDITOR,SIN_DATO
ASESINATO,ZONA 8,D.M. GUAYAQUIL,PORTETE,PORTETE,09D04C04S03,PORTETE 3,09,GUAYAS,0901,GUAYAQUIL,"-2,19865","-79,92879",URBANO,VÍA PÚBLICA,PUBLICO,2026/01/11,05:10:00,ARMA DE FUEGO,OTROS ARMA CORTA,DELINCUENCIA COMÚN,AMENAZA,HERIDA POR ARMA DE FUEGO,27,A,HOMBRE,MASCULINO,MESTIZO/A,SOLTERO,ECUADOR,NINGUNA,ESTADO PERSONAL,SIN_DATO
ASESINATO,ZONA 5,GUAYAS,NARANJAL BALAO,NARANJAL CENTRO,09D12C03S01,NARANJAL CENTRO 1,09,GUAYAS,0911,NARANJAL,"-2,6517","-79,6208",URBANO,VÍA PÚBLICA,PUBLICO,2026/01/09,22:00:00,ARMA DE FUEGO,PISTOLA,DELINCUENCIA COMÚN,AMENAZA,HERIDA POR ARMA DE FUEGO,41,A,HOMBRE,MASCULINO,MESTIZO/A,SOLTERO,ECUADOR,NINGUNA,BACHILLER CIENCIAS,SIN_DATO
ASESINATO,ZONA 7,EL ORO,PASAJE,PRIVILEGIO,07D01C03S01,PRIVILEGIO 1,07,EL ORO,0706,EL GUABO,"-3,2493","-79,8371",URBANO,CASA/VILLA,PRIVADO,2026/01/10,16:45:00,ARMA DE FUEGO,PISTOLA,DELINCUENCIA COMÚN,AMENAZA,HERIDA POR ARMA DE FUEGO,48,A,HOMBRE,MASCULINO,MESTIZO/A,DIVORCIADO,ECUADOR,NINGUNA,TRABAJADOR GENERAL,SIN_DATO
HOMICIDIO,ZONA 8,D.M. GUAYAQUIL,NUEVA PROSPERINA,NUEVA PROSPERINA,09D08C01S03,NUEVA PROSPERINA 3,09,GUAYAS,0901,GUAYAQUIL,"-2,12371","-79,97915",RURAL,QUEBRADAS,PUBLICO,2026/01/09,17:00:00,OTROS,NINGUNA,DELINCUENCIA COMÚN,AMENAZA,SOFOCACION,54,A,HOMBRE,MASCULINO,MESTIZO/A,CASADO,ECUADOR,NINGUNA,TRABAJADOR COMERCIAL,SIN_DATO
ASESINATO,ZONA 4,MANABÍ,MANTA,CUBA,13D02C10S03,CUBA 3,13,MANABÍ,1308,MANTA,"-0,98931","-80,70496",URBANO,VÍA PÚBLICA,PUBLICO,2026/01/10,18:30:00,ARMA DE FUEGO,PISTOLA,DELINCUENCIA COMÚN,TRÁFICO INTERNO DE DROGAS (MICROTRÁFICO),HERIDA POR ARMA DE FUEGO,26,A,HOMBRE,MASCULINO,MESTIZO/A,CASADO,ECUADOR,NINGUNA,ESTADO PERSONAL,SIN_DATO
ASESINATO,ZONA 8,D.M. GUAYAQUIL,ESTEROS,MALVINAS NORTE,09D02C03S02,MALVINAS NORTE 2,09,GUAYAS,0901,GUAYAQUIL,"-2,22216","-79,90562",URBANO,VÍA PÚBLICA,PUBLICO,2026/01/10,16:10:00,ARMA DE FUEGO,PISTOLA,DELINCUENCIA COMÚN,AMENAZA,HERIDA POR ARMA DE FUEGO,34,A,HOMBRE,MASCULINO,OTROS,SOLTERO,ECUADOR,NINGUNA,ESTADO PERSONAL,SIN_DATO
ASESINATO,ZONA 5,GUAYAS,BALZAR,LA GUAYAQUIL,09D13C02S01,LA GUAYAQUIL 1,09,GUAYAS,0904,BALZAR,"-1,18282","-79,75479",RURAL,VÍA PÚBLICA,PUBLICO,2026/01/10,20:20:00,ARMA DE FUEGO,PISTOLA,DELINCUENCIA COMÚN,AMENAZA,HERIDA POR ARMA DE FUEGO,32,A,HOMBRE,MASCULINO,MESTIZO/A,SOLTERO,ECUADOR,NINGUNA,TRABAJADOR PRIMARIO,SIN_DATO
ASESINATO,ZONA 5,GUAYAS,BALZAR,LA GUAYAQUIL,09D13C02S01,LA GUAYAQUIL 1,09,GUAYAS,0904,BALZAR,"-1,18282","-79,75479",RURAL,VÍA PÚBLICA,PUBLICO,2026/01/10,20:20:00,ARMA DE FUEGO,PISTOLA,DELINCUENCIA COMÚN,AMENAZA,HERIDA POR ARMA DE FUEGO,27,A,HOMBRE,MASCULINO,MESTIZO/A,SOLTERO,ECUADOR,NINGUNA,TRABAJADOR PRIMARIO,SIN_DATO
ASESINATO,ZONA 8,D.M. GUAYAQUIL,SUR - DMG,GUASMO,09D01C01S01,GUASMO 1,09,GUAYAS,0901,GUAYAQUIL,"-2,27928","-79,87843",URBANO,VÍA PÚBLICA,PUBLICO,2026/01/10,17:30:00,ARMA DE FUEGO,PISTOLA,DELINCUENCIA COMÚN,AMENAZA,HERIDA POR ARMA DE FUEGO,35,A,HOMBRE,MASCULINO,MESTIZO/A,SOLTERO,ECUADOR,NINGUNA,ESTADO PERSONAL,SIN_DATO
HOMICIDIO,ZONA 1,CARCHI,TULCÁN,ISIDRO AYORA,04D01C04S01,ISIDRO AYORA 1,04,CARCHI,0401,TULCÁN,"0,82031","-77,7365",URBANO,VÍA PÚBLICA,PUBLICO,2026/01/11,08:00:00,ARMA BLANCA,CUCHILLO,VIOLENCIA COMUNITARIA,RIÑAS,HERIDA POR ARMA BLANCA,42,A,HOMBRE,MASCULINO,MESTIZO/A,SOLTERO,VENEZUELA,NINGUNA,SIN_DATO,SIN_DATO
ASESINATO,ZONA 8,D.M. GUAYAQUIL,PASCUALES,ORQUÍDEAS,09D07C05S01,ORQUÍDEAS 1,09,GUAYAS,0901,GUAYAQUIL,"-2,09569","-79,91129",URBANO,VULCANIZADORAS,PRIVADO,2026/01/10,18:00:00,ARMA DE FUEGO,PISTOLA,DELINCUENCIA COMÚN,AMENAZA,HERIDA POR ARMA DE FUEGO,21,A,HOMBRE,MASCULINO,MESTIZO/A,SOLTERO,ECUADOR,NINGUNA,ESTADO PERSONAL,SIN_DATO
ASESINATO,ZONA 7,EL ORO,PASAJE,BARBONES,07D01C05S02,BARBONES 2,07,EL ORO,0706,EL GUABO,"-3,20399","-79,78459",RURAL,HACIENDAS,PRIVADO,2026/01/10,22:30:00,ARMA DE FUEGO,PISTOLA,DELINCUENCIA COMÚN,AMENAZA,HERIDA POR ARMA DE FUEGO,31,A,HOMBRE,MASCULINO,MESTIZO/A,SOLTERO,ECUADOR,NINGUNA,ESTADO PERSONAL,SIN_DATO
ASESINATO,ZONA 5,LOS RÍOS,VENTANAS,QUINSALOMA,12D04C07S01,QUINSALOMA 1,12,LOS RÍOS,1213,QUINSALOMA,"-1,26396","-79,41255",RURAL,CASA/VILLA,PRIVADO,2026/01/10,23:40:00,ARMA DE FUEGO,REVOLVER,DELINCUENCIA COMÚN,AMENAZA,HERIDA POR ARMA DE FUEGO,44,A,HOMBRE,MASCULINO,MESTIZO/A,SOLTERO,ECUADOR,INTELECTUAL,ESTADO PERSONAL,SIN_DATO
ASESINATO,ZONA 5,LOS RÍOS,BUENA FE,BUENA FE ESTE,12D06C04S01,BUENA FE ESTE 1,12,LOS RÍOS,1210,BUENA FE,"-0,89766","-79,48033",URBANO,VÍA PÚBLICA,PUBLICO,2026/01/10,23:00:00,ARMA DE FUEGO,OTROS ARMA CORTA,DELINCUENCIA COMÚN,AMENAZA,HERIDA POR ARMA DE FUEGO,22,A,HOMBRE,MASCULINO,MESTIZO/A,SOLTERO,ECUADOR,NINGUNA,BACHILLER CIENCIAS,SIN_DATO
ASESINATO,ZONA 7,EL ORO,PASAJE,BARBONES,07D01C05S01,BARBONES 1,07,EL ORO,0706,EL GUABO,"-3,17468","-79,85759",RURAL,HACIENDAS,PRIVADO,2026/01/10,10:20:00,ARMA BLANCA,OTRO,DELINCUENCIA COMÚN,AMENAZA,HERIDA POR ARMA BLANCA,SIN_DATO,SIN_DATO,HOMBRE,MASCULINO,NO DETERMINADO,NO DETERMINADO,NO DETERMINADO,NINGUNA,SIN_DATO,SIN_DATO
ASESINATO,ZONA 8,D.M. GUAYAQUIL,PASCUALES,PASCUALES,09D07C06S03,PASCUALES 3,09,GUAYAS,0901,GUAYAQUIL,"-2,06612","-79,93271",URBANO,VÍA PÚBLICA,PUBLICO,2026/01/11,12:55:00,ARMA DE FUEGO,PISTOLA,DELINCUENCIA COMÚN,AMENAZA,HERIDA POR ARMA DE FUEGO,35,A,HOMBRE,MASCULINO,MESTIZO/A,SOLTERO,ECUADOR,NINGUNA,ESTADO PERSONAL,SIN_DATO
ASESINATO,ZONA 8,D.M. GUAYAQUIL,PORTETE,SUBURBIO,09D04C06S04,SUBURBIO 4,09,GUAYAS,0901,GUAYAQUIL,"-2,22022","-79,93529",URBANO,VÍA PÚBLICA,PUBLICO,2026/01/11,14:55:00,ARMA DE FUEGO,PISTOLA,DELINCUENCIA COMÚN,AMENAZA,HERIDA POR ARMA DE FUEGO,32,A,HOMBRE,MASCULINO,MESTIZO/A,SOLTERO,ECUADOR,NINGUNA,ESTADO PERSONAL,INICIAL
ASESINATO,ZONA 8,D.M. GUAYAQUIL,PORTETE,SUBURBIO,09D04C06S04,SUBURBIO 4,09,GUAYAS,0901,GUAYAQUIL,"-2,22022","-79,93529",URBANO,VÍA PÚBLICA,PUBLICO,2026/01/11,14:55:00,ARMA DE FUEGO,PISTOLA,DELINCUENCIA COMÚN,AMENAZA,HERIDA POR ARMA DE FUEGO,38,A,HOMBRE,MASCULINO,MESTIZO/A,SOLTERO,ECUADOR,NINGUNA,MAESTRO DE OBRA/CONSTRUCCIÓN,INICIAL
ASESINATO,ZONA 5,GUAYAS,DAULE,PORVENIR,09D19C09S01,PORVENIR 1,09,GUAYAS,0918,SANTA LUCÍA,"-1,72552","-79,98826",URBANO,RÍO,PUBLICO,2026/01/10,22:30:00,ARMA DE FUEGO,PISTOLA,VIOLENCIA COMUNITARIA,RIÑAS,HERIDA POR ARMA DE FUEGO,26,A,HOMBRE,MASCULINO,MESTIZO/A,SOLTERO,ECUADOR,NINGUNA,BACHILLER TÉCNICO,SIN_DATO
ASESINATO,ZONA 4,MANABÍ,JIPIJAPA,PUERTO LÓPEZ,13D03C11S01,PUERTO LÓPEZ 1,13,MANABÍ,1319,PUERTO LÓPEZ,"-1,54763","-80,81038",URBANO,PLAYA,PUBLICO,2026/01/10,22:00:00,ARMA BLANCA,CORTO PUNZANTE,DELINCUENCIA COMÚN,AMENAZA,HERIDA POR ARMA BLANCA,20,A,HOMBRE,MASCULINO,SIN_DATO,SIN_DATO,SIN_DATO,SIN_DATO,SIN_DATO,SIN_DATO
ASESINATO,ZONA 4,MANABÍ,JIPIJAPA,PUERTO LÓPEZ,13D03C11S01,PUERTO LÓPEZ 1,13,MANABÍ,1319,PUERTO LÓPEZ,"-1,54763","-80,81038",URBANO,PLAYA,PUBLICO,2026/01/10,22:00:00,ARMA BLANCA,CORTO PUNZANTE,DELINCUENCIA COMÚN,AMENAZA,HERIDA POR ARMA BLANCA,33,A,HOMBRE,MASCULINO,SIN_DATO,SIN_DATO,SIN_DATO,SIN_DATO,SIN_DATO,SIN_DATO
ASESINATO,ZONA 4,MANABÍ,JIPIJAPA,PUERTO LÓPEZ,13D03C11S01,PUERTO LÓPEZ 1,13,MANABÍ,1319,PUERTO LÓPEZ,"-1,54763","-80,81038",URBANO,PLAYA,PUBLICO,2026/01/10,22:00:00,ARMA BLANCA,CORTO PUNZANTE,DELINCUENCIA COMÚN,AMENAZA,HERIDA POR ARMA BLANCA,22,A,HOMBRE,MASCULINO,SIN_DATO,SIN_DATO,SIN_DATO,SIN_DATO,SIN_DATO,SIN_DATO
ASESINATO,ZONA 4,MANABÍ,JIPIJAPA,PUERTO LÓPEZ,13D03C11S01,PUERTO LÓPEZ 1,13,MANABÍ,1319,PUERTO LÓPEZ,"-1,54763","-80,81038",URBANO,PLAYA,PUBLICO,2026/01/10,22:00:00,ARMA BLANCA,CORTO PUNZANTE,DELINCUENCIA COMÚN,AMENAZA,HERIDA POR ARMA BLANCA,20,A,HOMBRE,MASCULINO,SIN_DATO,SIN_DATO,SIN_DATO,SIN_DATO,SIN_DATO,SIN_DATO
ASESINATO,ZONA 4,MANABÍ,JIPIJAPA,PUERTO LÓPEZ,13D03C11S01,PUERTO LÓPEZ 1,13,MANABÍ,1319,PUERTO LÓPEZ,"-1,54763","-80,81038",URBANO,PLAYA,PUBLICO,2026/01/10,22:00:00,ARMA BLANCA,CORTO PUNZANTE,DELINCUENCIA COMÚN,AMENAZA,HERIDA POR ARMA BLANCA,24,A,HOMBRE,MASCULINO,SIN_DATO,SIN_DATO,SIN_DATO,SIN_DATO,SIN_DATO,SIN_DATO
ASESINATO,ZONA 5,LOS RÍOS,PUEBLO VIEJO,SAN JUAN,12D02C02S01,SAN JUAN 1,12,LOS RÍOS,1204,PUEBLOVIEJO,"-1,6384","-79,56245",URBANO,VÍA PÚBLICA,PUBLICO,2026/01/11,13:45:00,ARMA DE FUEGO,OTROS ARMA CORTA,DELINCUENCIA COMÚN,AMENAZA,HERIDA POR ARMA DE FUEGO,19,A,HOMBRE,MASCULINO,MESTIZO/A,SOLTERO,ECUADOR,NINGUNA,ESTADO PERSONAL,SIN_DATO
ASESINATO,ZONA 8,D.M. GUAYAQUIL,PORTETE,BATALLÓN DEL SUBURBIO,09D04C05S01,BATALLÓN DEL SUBURBIO 1,09,GUAYAS,0901,GUAYAQUIL,"-2,22289","-79,94392",URBANO,VÍA PÚBLICA,PUBLICO,2026/01/11,18:25:00,ARMA DE FUEGO,PISTOLA,DELINCUENCIA COMÚN,AMENAZA,HERIDA POR ARMA DE FUEGO,18,A,HOMBRE,MASCULINO,BLANCO/A,SOLTERO,ECUADOR,NINGUNA,ESTADO PERSONAL,SIN_DATO
ASESINATO,ZONA 4,MANABÍ,MANTA,TARQUI,13D02C04S03,TARQUI 3,13,MANABÍ,1308,MANTA,"-0,956","-80,70919",URBANO,VÍA PÚBLICA,PUBLICO,2026/01/11,15:30:00,ARMA DE FUEGO,PISTOLA,DELINCUENCIA COMÚN,TRÁFICO INTERNO DE DROGAS (MICROTRÁFICO),HERIDA POR ARMA DE FUEGO,26,A,HOMBRE,MASCULINO,MESTIZO/A,SOLTERO,ECUADOR,NINGUNA,ESTADO PERSONAL,SIN_DATO
ASESINATO,ZONA 4,MANABÍ,PORTOVIEJO,EL FLORÓN,13D01C04S04,EL FLORÓN 4,13,MANABÍ,1301,PORTOVIEJO,"-1,0707","-80,44732",URBANO,RESTAURANTE,PRIVADO,2026/01/11,20:41:00,ARMA DE FUEGO,PISTOLA,DELINCUENCIA COMÚN,AMENAZA,HERIDA POR ARMA DE FUEGO,35,A,HOMBRE,MASCULINO,MESTIZO/A,SOLTERO,ECUADOR,NINGUNA,TRABAJADOR COMERCIAL,SIN_DATO
ASESINATO,ZONA 4,MANABÍ,MANTA,MONTECRISTI,13D02C19S01,MONTECRISTI 1,13,MANABÍ,1309,MONTECRISTI,"-1,00354","-80,71195",URBANO,CASA/VILLA,PRIVADO,2026/01/11,20:00:00,ARMA DE FUEGO,PISTOLA,DELINCUENCIA COMÚN,TRÁFICO INTERNO DE DROGAS (MICROTRÁFICO),HERIDA POR ARMA DE FUEGO,36,A,HOMBRE,MASCULINO,MESTIZO/A,SOLTERO,ECUADOR,NINGUNA,ESTADO PERSONAL,BASICA
ASESINATO,ZONA 4,MANABÍ,MANTA,TARQUI,13D02C04S01,TARQUI 1,13,MANABÍ,1308,MANTA,"-0,95637","-80,71454",URBANO,"TIENDAS, MICROMERCADO, ABARROTES",PRIVADO,2026/01/11,20:10:00,ARMA DE FUEGO,OTROS ARMA CORTA,DELINCUENCIA COMÚN,AMENAZA,HERIDA POR ARMA DE FUEGO,30,A,HOMBRE,MASCULINO,MESTIZO/A,SOLTERO,ECUADOR,NINGUNA,TRABAJADOR GENERAL,SIN_DATO
HOMICIDIO,ZONA 9,D.M. QUITO,QUITUMBE,GUAMANÍ,17D07C02S04,GUAMANÍ 4,17,PICHINCHA,1701,QUITO,"-0,35211","-78,55962",RURAL,CASA/VILLA,PRIVADO,2026/01/11,23:15:00,ARMA DE FUEGO,PISTOLA,DELINCUENCIA COMÚN,AMENAZA,HERIDA POR ARMA DE FUEGO,25,A,HOMBRE,MASCULINO,AFRO,NO DETERMINADO,OTROS,NINGUNA,SIN_DATO,SIN_DATO
ASESINATO,ZONA 8,D.M. GUAYAQUIL,DURÁN,RECREO,09D24C05S02,RECREO 2,09,GUAYAS,0907,DURÁN,"-2,17427","-79,80756",URBANO,VÍA PÚBLICA,PUBLICO,2026/01/12,02:30:00,ARMA DE FUEGO,PISTOLA,DELINCUENCIA COMÚN,AMENAZA,HERIDA POR ARMA DE FUEGO,18,A,HOMBRE,MASCULINO,MESTIZO/A,SOLTERO,ECUADOR,NINGUNA,ESTADO PERSONAL,SIN_DATO
ASESINATO,ZONA 5,LOS RÍOS,VENTANAS,QUINSALOMA,12D04C07S01,QUINSALOMA 1,12,LOS RÍOS,1213,QUINSALOMA,"-1,20323","-79,31748",RURAL,VÍA PÚBLICA,PUBLICO,2026/01/11,09:50:00,ARMA DE FUEGO,PISTOLA,DELINCUENCIA COMÚN,AMENAZA,HERIDA POR ARMA DE FUEGO,24,A,HOMBRE,MASCULINO,MESTIZO/A,SOLTERO,ECUADOR,NINGUNA,TRABAJADOR PRIMARIO,SIN_DATO
ASESINATO,ZONA 5,LOS RÍOS,VINCES,PALENQUE,12D05C11S01,PALENQUE 1,12,LOS RÍOS,1209,PALENQUE,"-1,37428","-79,70777",RURAL,VÍA PÚBLICA,PUBLICO,2026/01/11,07:00:00,ARMA DE FUEGO,PISTOLA,DELINCUENCIA COMÚN,AMENAZA,HERIDA POR ARMA DE FUEGO,74,A,HOMBRE,MASCULINO,MESTIZO/A,SOLTERO,ECUADOR,NINGUNA,TRABAJADOR PRIMARIO,SIN_DATO
ASESINATO,ZONA 7,EL ORO,HUAQUILLAS,UNIÓN LOJANA,07D05C05S02,UNIÓN LOJANA 2,07,EL ORO,0707,HUAQUILLAS,"-3,47328","-80,21637",URBANO,VÍA PÚBLICA,PUBLICO,2026/01/11,18:40:00,ARMA DE FUEGO,REVOLVER,DELINCUENCIA COMÚN,AMENAZA,HERIDA POR ARMA DE FUEGO,28,A,HOMBRE,MASCULINO,MESTIZO/A,SOLTERO,ECUADOR,INTELECTUAL,TRABAJADOR GENERAL,SIN_DATO
ASESINATO,ZONA 7,EL ORO,MACHALA,NUEVO PILO,07D02C02S01,NUEVO PILO 1,07,EL ORO,0701,MACHALA,"-3,26812","-79,97124",URBANO,VÍA PÚBLICA,PUBLICO,2026/01/11,23:25:00,ARMA DE FUEGO,PISTOLA,DELINCUENCIA COMÚN,TRÁFICO INTERNO DE DROGAS (MICROTRÁFICO),HERIDA POR ARMA DE FUEGO,70,A,HOMBRE,MASCULINO,AFRO,EN UNION DE HECHO,COLOMBIA,NINGUNA,SIN_DATO,SIN_DATO
ASESINATO,ZONA 1,SUCUMBÍOS,LAGO AGRIO,LAS PALMERAS,21D02C04S01,LAS PALMERAS 1,21,SUCUMBÍOS,2101,LAGO AGRIO,"0,09131","-76,88708",URBANO,VÍA PÚBLICA,PUBLICO,2026/01/10,02:45:00,ARMA DE FUEGO,PISTOLA,DELINCUENCIA COMÚN,AMENAZA,HERIDA POR ARMA DE FUEGO,36,A,MUJER,FEMENINO,AFRO,SOLTERO,ECUADOR,NINGUNA,TRABAJADOR GENERAL,SIN_DATO
ASESINATO,ZONA 5,SANTA ELENA,SANTA ELENA,SANTA ELENA CENTRO,24D01C04S04,SANTA ELENA CENTRO 4,24,SANTA ELENA,2401,SANTA ELENA,"-2,2414","-80,85493",URBANO,VÍA PÚBLICA,PUBLICO,2026/01/11,20:00:00,ARMA DE FUEGO,PISTOLA,DELINCUENCIA COMÚN,AMENAZA,HERIDA POR ARMA DE FUEGO,38,A,HOMBRE,MASCULINO,MESTIZO/A,SOLTERO,ECUADOR,NINGUNA,TRABAJADOR COMERCIAL,BACHILLERATO
ASESINATO,ZONA 4,MANABÍ,PORTOVIEJO,CRUCITA,13D01C10S01,CRUCITA 1,13,MANABÍ,1301,PORTOVIEJO,"-0,85775","-80,51267",RURAL,VÍA PÚBLICA,PUBLICO,2026/01/11,01:00:00,ARMA BLANCA,CUCHILLO,VIOLENCIA COMUNITARIA,RIÑAS,HERIDA POR ARMA BLANCA,55,A,HOMBRE,MASCULINO,MESTIZO/A,NO DETERMINADO,ECUADOR,NINGUNA,SIN_DATO,SIN_DATO
ASESINATO,ZONA 5,GUAYAS,DAULE,JUAN BAUTISTA AGUIRRE,09D19C02S01,JUAN BAUTISTA AGUIRRE 1,09,GUAYAS,0906,DAULE,"-1,86048","-79,97693",URBANO,VÍA PÚBLICA,PUBLICO,2026/01/12,00:05:00,ARMA DE FUEGO,PISTOLA,DELINCUENCIA COMÚN,ROBO A PERSONAS,HERIDA POR ARMA DE FUEGO,20,A,HOMBRE,TRANSGENERO FEMENINO,MESTIZO/A,SOLTERO,VENEZUELA,NINGUNA,SIN_DATO,SIN_DATO
ASESINATO,ZONA 8,D.M. GUAYAQUIL,PROGRESO,POSORJA,09D10C02S01,POSORJA 1,09,GUAYAS,0901,GUAYAQUIL,"-2,70437","-80,26569",RURAL,VÍA PÚBLICA,PUBLICO,2026/01/11,12:30:00,ARMA DE FUEGO,PISTOLA,DELINCUENCIA COMÚN,AMENAZA,HERIDA POR ARMA DE FUEGO,SIN_DATO,SIN_DATO,HOMBRE,MASCULINO,MESTIZO/A,NO DETERMINADO,NO DETERMINADO,NINGUNA,SIN_DATO,SIN_DATO
ASESINATO,ZONA 8,D.M. GUAYAQUIL,PROGRESO,POSORJA,09D10C02S01,POSORJA 1,09,GUAYAS,0901,GUAYAQUIL,"-2,70437","-80,26569",RURAL,VÍA PÚBLICA,PUBLICO,2026/01/11,12:30:00,ARMA DE FUEGO,PISTOLA,DELINCUENCIA COMÚN,AMENAZA,HERIDA POR ARMA DE FUEGO,SIN_DATO,SIN_DATO,HOMBRE,MASCULINO,MESTIZO/A,NO DETERMINADO,NO DETERMINADO,NINGUNA,SIN_DATO,SIN_DATO
ASESINATO,ZONA 3,TUNGURAHUA,AMBATO SUR,HUACHI GRANDE,18D02C12S01,HUACHI GRANDE 1,18,TUNGURAHUA,1801,AMBATO,"-1,29338","-78,61256",RURAL,CASA/VILLA,PRIVADO,2026/01/11,21:20:00,ARMA DE FUEGO,PISTOLA,DELINCUENCIA COMÚN,AMENAZA,HERIDA POR ARMA DE FUEGO,47,A,HOMBRE,MASCULINO,MESTIZO/A,NO DETERMINADO,VENEZUELA,NINGUNA,SIN_DATO,SIN_DATO
ASESINATO,ZONA 3,TUNGURAHUA,AMBATO SUR,HUACHI GRANDE,18D02C12S01,HUACHI GRANDE 1,18,TUNGURAHUA,1801,AMBATO,"-1,29338","-78,61256",RURAL,CASA/VILLA,PRIVADO,2026/01/11,21:20:00,ARMA DE FUEGO,PISTOLA,DELINCUENCIA COMÚN,AMENAZA,HERIDA POR ARMA DE FUEGO,14,A,HOMBRE,MASCULINO,MESTIZO/A,NO DETERMINADO,VENEZUELA,NINGUNA,SIN_DATO,SIN_DATO
ASESINATO,ZONA 1,ESMERALDAS,SAN LORENZO,FRONTERA,08D05C01S03,FRONTERA 3,08,ESMERALDAS,0805,SAN LORENZO,"1,27887","-78,81921",URBANO,VÍA PÚBLICA,PUBLICO,2026/01/12,04:30:00,ARMA DE FUEGO,PISTOLA,DELINCUENCIA COMÚN,AMENAZA,HERIDA POR ARMA DE FUEGO,26,A,HOMBRE,MASCULINO,AFRO,SOLTERO,ECUADOR,NINGUNA,BACHILLER TÉCNICO,SIN_DATO
ASESINATO,ZONA 3,COTOPAXI,LATACUNGA,ELOY ALFARO,05D01C07S01,ELOY ALFARO 1,05,COTOPAXI,0501,LATACUNGA,"-0,92461","-78,63357",RURAL,CASA/VILLA,PRIVADO,2026/01/09,21:40:00,ARMA DE FUEGO,PISTOLA,DELINCUENCIA COMÚN,TRÁFICO INTERNO DE DROGAS (MICROTRÁFICO),HERIDA POR ARMA DE FUEGO,26,A,HOMBRE,MASCULINO,MESTIZO/A,NO DETERMINADO,VENEZUELA,NINGUNA,SIN_DATO,SIN_DATO
ASESINATO,ZONA 4,MANABÍ,EL CARMEN,EL CARMEN,13D05C03S02,EL CARMEN 2,13,MANABÍ,1304,EL CARMEN,"-0,57045","-79,51891",RURAL,VÍA PÚBLICA,PUBLICO,2026/01/12,10:40:00,ARMA DE FUEGO,PISTOLA,DELINCUENCIA COMÚN,ROBO EN EJES VIALES O CARRETERAS,HERIDA POR ARMA DE FUEGO,37,A,HOMBRE,MASCULINO,MESTIZO/A,SOLTERO,ECUADOR,NINGUNA,ESTADO PERSONAL,SIN_DATO
ASESINATO,ZONA 4,MANABÍ,EL CARMEN,EL CARMEN,13D05C03S02,EL CARMEN 2,13,MANABÍ,1304,EL CARMEN,"-0,57045","-79,51891",RURAL,VÍA PÚBLICA,PUBLICO,2026/01/12,10:40:00,ARMA DE FUEGO,PISTOLA,DELINCUENCIA COMÚN,ROBO EN EJES VIALES O CARRETERAS,HERIDA POR ARMA DE FUEGO,33,A,HOMBRE,MASCULINO,MESTIZO/A,SOLTERO,ECUADOR,NINGUNA,CHOFER/CONDUCTOR,SIN_DATO
ASESINATO,ZONA 4,MANABÍ,MANTA,TARQUI,13D02C04S03,TARQUI 3,13,MANABÍ,1308,MANTA,"-0,96057","-80,71148",URBANO,VÍA PÚBLICA,PUBLICO,2026/01/12,19:30:00,ARMA DE FUEGO,PISTOLA,DELINCUENCIA COMÚN,AMENAZA,HERIDA POR ARMA DE FUEGO,21,A,HOMBRE,MASCULINO,MESTIZO/A,SOLTERO,ECUADOR,NINGUNA,BACHILLER CIENCIAS,SIN_DATO
ASESINATO,ZONA 4,MANABÍ,MANTA,CUBA,13D02C10S02,CUBA 2,13,MANABÍ,1308,MANTA,"-0,98046","-80,70398",URBANO,VÍA PÚBLICA,PUBLICO,2026/01/12,18:00:00,ARMA DE FUEGO,PISTOLA,DELINCUENCIA COMÚN,AMENAZA,HERIDA POR ARMA DE FUEGO,22,A,HOMBRE,MASCULINO,MESTIZO/A,SOLTERO,ECUADOR,NINGUNA,ESTADO PERSONAL,SIN_DATO
ASESINATO,ZONA 8,D.M. GUAYAQUIL,SUR - DMG,GUASMO,09D01C01S01,GUASMO 1,09,GUAYAS,0901,GUAYAQUIL,"-2,28265","-79,87954",URBANO,VÍA PÚBLICA,PUBLICO,2026/01/12,04:30:00,ARMA DE FUEGO,PISTOLA,DELINCUENCIA COMÚN,AMENAZA,HERIDA POR ARMA DE FUEGO,28,A,MUJER,FEMENINO,NO DETERMINADO,SOLTERO,ECUADOR,NINGUNA,ESTADO PERSONAL,SIN_DATO
ASESINATO,ZONA 8,D.M. GUAYAQUIL,PORTETE,SALINAS,09D04C03S01,SALINAS 1,09,GUAYAS,0901,GUAYAQUIL,"-2,19929","-79,91268",URBANO,VÍA PÚBLICA,PUBLICO,2026/01/12,18:30:00,ARMA DE FUEGO,PISTOLA,DELINCUENCIA COMÚN,AMENAZA,HERIDA POR ARMA DE FUEGO,36,A,HOMBRE,MASCULINO,NO DETERMINADO,CASADO,ECUADOR,NINGUNA,TRABAJADOR GENERAL,BACHILLERATO
ASESINATO,ZONA 8,D.M. GUAYAQUIL,9 DE OCTUBRE,ANTEPARA,09D03C06S02,ANTEPARA 2,09,GUAYAS,0901,GUAYAQUIL,"-2,20916","-79,90678",URBANO,VÍA PÚBLICA,PUBLICO,2026/01/12,18:30:00,ARMA DE FUEGO,PISTOLA,DELINCUENCIA COMÚN,AMENAZA,HERIDA POR ARMA DE FUEGO,22,A,HOMBRE,MASCULINO,NO DETERMINADO,SOLTERO,ECUADOR,NINGUNA,ESTADO PERSONAL,SIN_DATO
HOMICIDIO,ZONA 9,D.M. QUITO,MANUELA SÁENZ,PANECILLO,17D04C04S03,PANECILLO 3,17,PICHINCHA,1701,QUITO,"-0,22609","-78,51246",URBANO,VÍA PÚBLICA,PUBLICO,2026/01/13,01:40:00,ARMA BLANCA,CUCHILLO,VIOLENCIA COMUNITARIA,RIÑAS,HERIDA POR ARMA BLANCA,40,A,HOMBRE,MASCULINO,AFRO,NO DETERMINADO,NO DETERMINADO,NINGUNA,SIN_DATO,SIN_DATO
ASESINATO,ZONA 8,D.M. GUAYAQUIL,SUR - DMG,GUASMO,09D01C01S01,GUASMO 1,09,GUAYAS,0901,GUAYAQUIL,"-2,28236","-79,87704",URBANO,VÍA PÚBLICA,PUBLICO,2026/01/12,14:00:00,ARMA DE FUEGO,PISTOLA,DELINCUENCIA COMÚN,AMENAZA,HERIDA POR ARMA DE FUEGO,23,A,HOMBRE,MASCULINO,NO DETERMINADO,SOLTERO,ECUADOR,NINGUNA,ESTADO PERSONAL,SIN_DATO
ASESINATO,ZONA 8,D.M. GUAYAQUIL,SUR - DMG,UNIÓN DE BANANEROS,09D01C02S03,UNIÓN DE BANANEROS 3,09,GUAYAS,0901,GUAYAQUIL,"-2,26054","-79,88134",URBANO,VÍA PÚBLICA,PUBLICO,2026/01/12,12:45:00,ARMA DE FUEGO,PISTOLA,DELINCUENCIA COMÚN,AMENAZA,HERIDA POR ARMA DE FUEGO,22,A,HOMBRE,MASCULINO,MESTIZO/A,SOLTERO,ECUADOR,NINGUNA,ESTADO PERSONAL,SIN_DATO
ASESINATO,ZONA 8,D.M. GUAYAQUIL,SUR - DMG,UNIÓN DE BANANEROS,09D01C02S03,UNIÓN DE BANANEROS 3,09,GUAYAS,0901,GUAYAQUIL,"-2,26054","-79,88134",URBANO,VÍA PÚBLICA,PUBLICO,2026/01/12,12:45:00,ARMA DE FUEGO,PISTOLA,DELINCUENCIA COMÚN,AMENAZA,HERIDA POR ARMA DE FUEGO,17,A,HOMBRE,MASCULINO,MESTIZO/A,SOLTERO,ECUADOR,NINGUNA,ESTADO PERSONAL,SIN_DATO
ASESINATO,ZONA 8,D.M. GUAYAQUIL,SUR - DMG,UNIÓN DE BANANEROS,09D01C02S02,UNIÓN DE BANANEROS 2,09,GUAYAS,0901,GUAYAQUIL,"-2,26846","-79,87352",URBANO,VÍA PÚBLICA,PUBLICO,2026/01/12,22:40:00,ARMA DE FUEGO,PISTOLA,DELINCUENCIA COMÚN,AMENAZA,HERIDA POR ARMA DE FUEGO,26,A,HOMBRE,MASCULINO,MESTIZO/A,SOLTERO,ECUADOR,NINGUNA,ESTADO PERSONAL,SIN_DATO
ASESINATO,ZONA 2,NAPO,TENA,AROSEMENA TOLA,15D01C03S01,AROSEMENA TOLA 1,15,NAPO,1509,CARLOS JULIO AROSEMENA TOLA,"-1,10683","-77,86117",RURAL,VÍA PÚBLICA,PUBLICO,2026/01/11,19:15:00,ARMA DE FUEGO,PISTOLA,DELINCUENCIA COMÚN,AMENAZA,HERIDA POR ARMA DE FUEGO,21,A,HOMBRE,MASCULINO,MESTIZO/A,SOLTERO,ECUADOR,NINGUNA,ESTADO PERSONAL,SIN_DATO
ASESINATO,ZONA 2,NAPO,TENA,AROSEMENA TOLA,15D01C03S01,AROSEMENA TOLA 1,15,NAPO,1509,CARLOS JULIO AROSEMENA TOLA,"-1,10683","-77,86117",RURAL,VÍA PÚBLICA,PUBLICO,2026/01/11,19:15:00,ARMA DE FUEGO,PISTOLA,DELINCUENCIA COMÚN,AMENAZA,HERIDA POR ARMA DE FUEGO,19,A,HOMBRE,MASCULINO,MESTIZO/A,SOLTERO,ECUADOR,NINGUNA,ESTADO PERSONAL,SIN_DATO
ASESINATO,ZONA 2,NAPO,TENA,AROSEMENA TOLA,15D01C03S01,AROSEMENA TOLA 1,15,NAPO,1509,CARLOS JULIO AROSEMENA TOLA,"-1,10683","-77,86117",RURAL,VÍA PÚBLICA,PUBLICO,2026/01/11,19:15:00,ARMA DE FUEGO,PISTOLA,DELINCUENCIA COMÚN,AMENAZA,HERIDA POR ARMA DE FUEGO,27,A,HOMBRE,MASCULINO,MESTIZO/A,NO DETERMINADO,VENEZUELA,NINGUNA,SIN_DATO,SIN_DATO
ASESINATO,ZONA 8,D.M. GUAYAQUIL,SUR - DMG,GUASMO,09D01C01S03,GUASMO 3,09,GUAYAS,0901,GUAYAQUIL,"-2,27225","-79,89258",URBANO,CASA/VILLA,PRIVADO,2026/01/13,02:05:00,ARMA DE FUEGO,FUSIL,DELINCUENCIA COMÚN,AMENAZA,HERIDA POR ARMA DE FUEGO,38,A,HOMBRE,MASCULINO,MESTIZO/A,SOLTERO,ECUADOR,NINGUNA,ESTADO PERSONAL,SIN_DATO
ASESINATO,ZONA 8,D.M. GUAYAQUIL,SUR - DMG,GUASMO,09D01C01S03,GUASMO 3,09,GUAYAS,0901,GUAYAQUIL,"-2,27225","-79,89258",URBANO,CASA/VILLA,PRIVADO,2026/01/13,02:05:00,ARMA DE FUEGO,FUSIL,DELINCUENCIA COMÚN,AMENAZA,HERIDA POR ARMA DE FUEGO,36,A,HOMBRE,MASCULINO,MESTIZO/A,CASADO,ECUADOR,NINGUNA,ESTADO PERSONAL,SIN_DATO
ASESINATO,ZONA 8,D.M. GUAYAQUIL,SUR - DMG,GUASMO,09D01C01S03,GUASMO 3,09,GUAYAS,0901,GUAYAQUIL,"-2,27225","-79,89258",URBANO,CASA/VILLA,PRIVADO,2026/01/13,02:05:00,ARMA DE FUEGO,PISTOLA,DELINCUENCIA COMÚN,AMENAZA,HERIDA POR ARMA DE FUEGO,31,A,HOMBRE,MASCULINO,MESTIZO/A,SOLTERO,ECUADOR,NINGUNA,BACHILLER CIENCIAS,SIN_DATO
ASESINATO,ZONA 8,D.M. GUAYAQUIL,DURÁN,LIGA CANTONAL,09D24C08S02,LIGA CANTONAL 2,09,GUAYAS,0907,DURÁN,"-2,1613","-79,83315",URBANO,VÍA PÚBLICA,PUBLICO,2026/01/12,18:30:00,ARMA DE FUEGO,PISTOLA,DELINCUENCIA COMÚN,AMENAZA,HERIDA POR ARMA DE FUEGO,34,A,HOMBRE,MASCULINO,MESTIZO/A,SOLTERO,ECUADOR,NINGUNA,ESTADO PERSONAL,SIN_DATO
ASESINATO,ZONA 8,D.M. GUAYAQUIL,DURÁN,ARBOLITO,09D24C07S03,ARBOLITO 3,09,GUAYAS,0907,DURÁN,"-2,14568","-79,83285",URBANO,VÍA PÚBLICA,PUBLICO,2026/01/12,17:00:00,ARMA DE FUEGO,PISTOLA,DELINCUENCIA COMÚN,AMENAZA,HERIDA POR ARMA DE FUEGO,27,A,HOMBRE,MASCULINO,MESTIZO/A,SOLTERO,ECUADOR,NINGUNA,TECNÓLOGO,SIN_DATO
ASESINATO,ZONA 4,MANABÍ,MANTA,TARQUI,13D02C04S03,TARQUI 3,13,MANABÍ,1308,MANTA,"-0,96057","-80,71148",URBANO,VÍA PÚBLICA,PUBLICO,2026/01/12,19:30:00,ARMA DE FUEGO,PISTOLA,DELINCUENCIA COMÚN,AMENAZA,HERIDA POR ARMA DE FUEGO,26,A,HOMBRE,MASCULINO,MESTIZO/A,SOLTERO,ECUADOR,NINGUNA,ESTADO PERSONAL,SIN_DATO
ASESINATO,ZONA 5,GUAYAS,DAULE,LA YOLITA,09D19C01S01,LA YOLITA 1,09,GUAYAS,0906,DAULE,"-1,87041","-79,98062",URBANO,CASA/VILLA,PRIVADO,2026/01/12,14:30:00,OTROS,NINGUNA,DELINCUENCIA COMÚN,AMENAZA,ESTRANGULACION,30,A,HOMBRE,MASCULINO,MESTIZO/A,SOLTERO,ECUADOR,NINGUNA,TRABAJADOR GENERAL,BASICA
ASESINATO,ZONA 6,AZUAY,CUENCA SUR,MOLLETURO,01D02C10S01,MOLLETURO 1,01,AZUAY,0101,CUENCA,"-2,62284","-79,45289",RURAL,TERRENO BALDÍO,PUBLICO,2026/01/10,23:00:00,ARMA DE FUEGO,OTROS ARMA CORTA,DELINCUENCIA COMÚN,AMENAZA,HERIDA POR ARMA DE FUEGO,17,A,HOMBRE,MASCULINO,MESTIZO/A,SOLTERO,ECUADOR,NINGUNA,SIN_DATO,SIN_DATO
ASESINATO,ZONA 8,D.M. GUAYAQUIL,9 DE OCTUBRE,CHILE,09D03C01S04,CHILE 4,09,GUAYAS,0901,GUAYAQUIL,"-2,20215","-79,88885",URBANO,VÍA PÚBLICA,PUBLICO,2026/01/11,02:40:00,ARMA DE FUEGO,OTROS ARMA CORTA,DELINCUENCIA COMÚN,AMENAZA,HERIDA POR ARMA DE FUEGO,32,A,HOMBRE,MASCULINO,MESTIZO/A,CASADO,ECUADOR,NINGUNA,ESTADO PERSONAL,SIN_DATO
ASESINATO,ZONA 1,ESMERALDAS,ESMERALDAS,AIRE LIBRE,08D01C03S01,AIRE LIBRE 1,08,ESMERALDAS,0801,ESMERALDAS,"0,94615","-79,6521",URBANO,VÍA PÚBLICA,PUBLICO,2026/01/13,15:00:00,ARMA DE FUEGO,PISTOLA,DELINCUENCIA COMÚN,AMENAZA,HERIDA POR ARMA DE FUEGO,18,A,HOMBRE,MASCULINO,AFRO,SOLTERO,ECUADOR,NINGUNA,SIN_DATO,SIN_DATO
ASESINATO,ZONA 5,LOS RÍOS,VENTANAS,VENTANAS CENTRO,12D04C05S01,VENTANAS CENTRO 1,12,LOS RÍOS,1207,VENTANAS,"-1,44479","-79,46402",RURAL,FINCA,PRIVADO,2026/01/12,15:00:00,ARMA BLANCA,OTRO,DELINCUENCIA COMÚN,AMENAZA,HERIDA POR ARMA BLANCA,19,A,HOMBRE,MASCULINO,MESTIZO/A,SOLTERO,ECUADOR,NINGUNA,ARTESANO/OFICIO,SIN_DATO
ASESINATO,ZONA 5,LOS RÍOS,VENTANAS,VENTANAS CENTRO,12D04C05S01,VENTANAS CENTRO 1,12,LOS RÍOS,1207,VENTANAS,"-1,44479","-79,46402",RURAL,FINCA,PRIVADO,2026/01/12,15:00:00,ARMA BLANCA,OTRO,DELINCUENCIA COMÚN,AMENAZA,HERIDA POR ARMA BLANCA,22,A,HOMBRE,MASCULINO,MESTIZO/A,SOLTERO,ECUADOR,NINGUNA,ESTADO PERSONAL,SIN_DATO
ASESINATO,ZONA 5,LOS RÍOS,PUEBLO VIEJO,PIJULLO,12D02C04S01,PIJULLO 1,12,LOS RÍOS,1206,URDANETA,"-1,59321","-79,39254",RURAL,CASA/VILLA,PRIVADO,2026/01/12,23:00:00,ARMA DE FUEGO,OTRO,DELINCUENCIA COMÚN,AMENAZA,HERIDA POR ARMA DE FUEGO,39,A,HOMBRE,MASCULINO,MESTIZO/A,SOLTERO,ECUADOR,NINGUNA,MAESTRO DE OBRA/CONSTRUCCIÓN,SIN_DATO
ASESINATO,ZONA 5,LOS RÍOS,PUEBLO VIEJO,PIJULLO,12D02C04S01,PIJULLO 1,12,LOS RÍOS,1206,URDANETA,"-1,59321","-79,39254",RURAL,CASA/VILLA,PRIVADO,2026/01/12,23:00:00,ARMA DE FUEGO,OTRO,DELINCUENCIA COMÚN,AMENAZA,HERIDA POR ARMA DE FUEGO,45,A,HOMBRE,MASCULINO,MESTIZO/A,SOLTERO,ECUADOR,NINGUNA,ESTADO PERSONAL,SIN_DATO
ASESINATO,ZONA 5,LOS RÍOS,PUEBLO VIEJO,RICAURTE,12D02C05S01,RICAURTE 1,12,LOS RÍOS,1206,URDANETA,"-1,57648","-79,45882",RURAL,VÍA PÚBLICA,PUBLICO,2026/01/13,15:51:00,ARMA DE FUEGO,PISTOLA,DELINCUENCIA COMÚN,AMENAZA,HERIDA POR ARMA DE FUEGO,26,A,HOMBRE,MASCULINO,MESTIZO/A,SOLTERO,ECUADOR,NINGUNA,BACHILLER CIENCIAS,SIN_DATO
ASESINATO,ZONA 4,MANABÍ,MANTA,LA PRADERA,13D02C02S01,LA PRADERA 1,13,MANABÍ,1308,MANTA,"-0,97006","-80,70122",URBANO,VÍA PÚBLICA,PUBLICO,2026/01/13,19:55:00,ARMA DE FUEGO,PISTOLA,DELINCUENCIA COMÚN,AMENAZA,HERIDA POR ARMA DE FUEGO,32,A,HOMBRE,MASCULINO,MESTIZO/A,CASADO,ECUADOR,NINGUNA,TRABAJADOR COMERCIAL,SIN_DATO
ASESINATO,ZONA 4,MANABÍ,PORTOVIEJO,ABDÓN CALDERÓN,13D01C13S01,ABDÓN CALDERÓN 1,13,MANABÍ,1301,PORTOVIEJO,"-1,03554","-80,34239",URBANO,VÍA PÚBLICA,PUBLICO,2026/01/13,21:20:00,ARMA DE FUEGO,PISTOLA,VIOLENCIA COMUNITARIA,ACTOS DE ODIO,HERIDA POR ARMA DE FUEGO,35,A,HOMBRE,NO APLICA,MESTIZO/A,SOLTERO,ECUADOR,NINGUNA,AYUDANTE/JORNALERO,SIN_DATO
HOMICIDIO,ZONA 9,D.M. QUITO,CALDERÓN,LOS LLANOS,17D02C01S02,LOS LLANOS 2,17,PICHINCHA,1701,QUITO,"-0,12052","-78,44529",URBANO,VÍA PÚBLICA,PUBLICO,2026/01/13,22:30:00,ARMA DE FUEGO,PISTOLA,DELINCUENCIA COMÚN,AMENAZA,HERIDA POR ARMA DE FUEGO,17,A,HOMBRE,MASCULINO,MESTIZO/A,SOLTERO,ECUADOR,NINGUNA,ESTADO PERSONAL,SIN_DATO
ASESINATO,ZONA 8,D.M. GUAYAQUIL,DURÁN,DIVINO NIÑO,09D24C06S01,DIVINO NIÑO 1,09,GUAYAS,0907,DURÁN,"-2,17038","-79,81606",URBANO,CASA/VILLA,PRIVADO,2026/01/14,02:00:00,ARMA DE FUEGO,PISTOLA,DELINCUENCIA COMÚN,AMENAZA,HERIDA POR ARMA DE FUEGO,27,A,HOMBRE,MASCULINO,MESTIZO/A,SOLTERO,ECUADOR,NINGUNA,SIN_DATO,NINGUNA
ASESINATO,ZONA 8,D.M. GUAYAQUIL,FLORIDA,SAMANES,09D06C03S02,SAMANES 2,09,GUAYAS,0901,GUAYAQUIL,"-2,12066","-79,90801",URBANO,OTROS LOCALES COMERCIALES,PRIVADO,2026/01/13,17:15:00,ARMA DE FUEGO,PISTOLA,DELINCUENCIA COMÚN,AMENAZA,HERIDA POR ARMA DE FUEGO,26,A,HOMBRE,MASCULINO,MESTIZO/A,SOLTERO,ECUADOR,NINGUNA,BACHILLER CIENCIAS,SIN_DATO
ASESINATO,ZONA 5,SANTA ELENA,SANTA ELENA,MANANTIAL,24D01C06S01,MANANTIAL DE GUANGALA 1,24,SANTA ELENA,2401,SANTA ELENA,"-2,01406","-80,61001",RURAL,FINCA,PRIVADO,2026/01/03,13:00:00,ARMA DE FUEGO,PISTOLA,DELINCUENCIA COMÚN,AMENAZA,HERIDA POR ARMA DE FUEGO,20,A,HOMBRE,MASCULINO,SIN_DATO,SIN_DATO,SIN_DATO,SIN_DATO,SIN_DATO,SIN_DATO
ASESINATO,ZONA 5,SANTA ELENA,SANTA ELENA,MANANTIAL,24D01C06S01,MANANTIAL DE GUANGALA 1,24,SANTA ELENA,2401,SANTA ELENA,"-2,01406","-80,61001",RURAL,FINCA,PRIVADO,2026/01/03,13:00:00,ARMA DE FUEGO,PISTOLA,DELINCUENCIA COMÚN,AMENAZA,HERIDA POR ARMA DE FUEGO,20,A,HOMBRE,MASCULINO,SIN_DATO,SIN_DATO,SIN_DATO,SIN_DATO,SIN_DATO,SIN_DATO
ASESINATO,ZONA 5,SANTA ELENA,SANTA ELENA,MANANTIAL,24D01C06S01,MANANTIAL DE GUANGALA 1,24,SANTA ELENA,2401,SANTA ELENA,"-2,01406","-80,61001",RURAL,FINCA,PRIVADO,2026/01/03,13:00:00,ARMA DE FUEGO,PISTOLA,DELINCUENCIA COMÚN,AMENAZA,HERIDA POR ARMA DE FUEGO,20,A,HOMBRE,MASCULINO,SIN_DATO,SIN_DATO,SIN_DATO,SIN_DATO,SIN_DATO,SIN_DATO
ASESINATO,ZONA 5,SANTA ELENA,SANTA ELENA,MANANTIAL,24D01C06S01,MANANTIAL DE GUANGALA 1,24,SANTA ELENA,2401,SANTA ELENA,"-2,01406","-80,61001",RURAL,FINCA,PRIVADO,2026/01/03,13:00:00,ARMA DE FUEGO,PISTOLA,DELINCUENCIA COMÚN,AMENAZA,HERIDA POR ARMA DE FUEGO,20,A,HOMBRE,MASCULINO,SIN_DATO,SIN_DATO,SIN_DATO,SIN_DATO,SIN_DATO,SIN_DATO
ASESINATO,ZONA 5,SANTA ELENA,SANTA ELENA,MANANTIAL,24D01C06S01,MANANTIAL DE GUANGALA 1,24,SANTA ELENA,2401,SANTA ELENA,"-2,01406","-80,61001",RURAL,FINCA,PRIVADO,2026/01/03,13:00:00,ARMA DE FUEGO,PISTOLA,DELINCUENCIA COMÚN,AMENAZA,HERIDA POR ARMA DE FUEGO,20,A,HOMBRE,MASCULINO,SIN_DATO,SIN_DATO,SIN_DATO,SIN_DATO,SIN_DATO,SIN_DATO
ASESINATO,ZONA 5,SANTA ELENA,SANTA ELENA,MANANTIAL,24D01C06S01,MANANTIAL DE GUANGALA 1,24,SANTA ELENA,2401,SANTA ELENA,"-2,01406","-80,61001",RURAL,FINCA,PRIVADO,2026/01/03,13:00:00,ARMA DE FUEGO,PISTOLA,DELINCUENCIA COMÚN,AMENAZA,HERIDA POR ARMA DE FUEGO,20,A,HOMBRE,MASCULINO,SIN_DATO,SIN_DATO,SIN_DATO,SIN_DATO,SIN_DATO,SIN_DATO
HOMICIDIO,ZONA 9,D.M. QUITO,ELOY ALFARO - DMQ,MENA,17D06C08S04,MENA 4,17,PICHINCHA,1701,QUITO,"-0,26825","-78,55705",URBANO,VÍA PÚBLICA,PUBLICO,2026/01/14,03:00:00,ARMA BLANCA,CUCHILLO,DELINCUENCIA COMÚN,TRÁFICO INTERNO DE DROGAS (MICROTRÁFICO),HERIDA POR ARMA BLANCA,32,A,HOMBRE,MASCULINO,MESTIZO/A,SOLTERO,ECUADOR,NINGUNA,TRABAJADOR GENERAL,SIN_DATO
ASESINATO,ZONA 8,D.M. GUAYAQUIL,SUR - DMG,GUASMO,09D01C01S01,GUASMO 1,09,GUAYAS,0901,GUAYAQUIL,"-2,28457","-79,87691",URBANO,MAR,PUBLICO,2026/01/13,18:53:00,ARMA DE FUEGO,OTROS ARMA CORTA,DELINCUENCIA COMÚN,AMENAZA,HERIDA POR ARMA DE FUEGO,31,A,HOMBRE,MASCULINO,MESTIZO/A,SOLTERO,ECUADOR,NINGUNA,BACHILLER CIENCIAS,SIN_DATO
ASESINATO,ZONA 8,D.M. GUAYAQUIL,PROGRESO,POSORJA,09D10C02S01,POSORJA 1,09,GUAYAS,0901,GUAYAQUIL,"-2,71254","-80,24374",URBANO,VÍA PÚBLICA,PUBLICO,2026/01/13,19:00:00,ARMA DE FUEGO,OTROS ARMA LARGA,DELINCUENCIA COMÚN,AMENAZA,HERIDA POR ARMA DE FUEGO,36,A,HOMBRE,MASCULINO,MESTIZO/A,SOLTERO,ECUADOR,NINGUNA,TRABAJADOR GENERAL,SIN_DATO
ASESINATO,ZONA 4,MANABÍ,PORTOVIEJO,SAN PLACIDO,13D01C14S01,SAN PLACIDO 1,13,MANABÍ,1301,PORTOVIEJO,"-1,064","-80,24261",URBANO,VÍA PÚBLICA,PUBLICO,2026/01/14,07:45:00,ARMA DE FUEGO,PISTOLA,DELINCUENCIA COMÚN,AMENAZA,HERIDA POR ARMA DE FUEGO,55,A,HOMBRE,MASCULINO,MESTIZO/A,CASADO,ECUADOR,NINGUNA,ESTADO PERSONAL,BACHILLERATO
HOMICIDIO,ZONA 5,GUAYAS,EL TRIUNFO BUCAY,EL TRIUNFO CENTRO,09D16C03S01,EL TRIUNFO CENTRO 1,09,GUAYAS,0909,EL TRIUNFO,"-2,32601","-79,4039",URBANO,VÍA PÚBLICA,PUBLICO,2026/01/13,20:00:00,ARMA DE FUEGO,PISTOLA,DELINCUENCIA COMÚN,TRÁFICO INTERNO DE DROGAS (MICROTRÁFICO),HERIDA POR ARMA DE FUEGO,36,A,HOMBRE,MASCULINO,MESTIZO/A,DIVORCIADO,ECUADOR,NINGUNA,ESTADO PERSONAL,BASICA
ASESINATO,ZONA 5,LOS RÍOS,QUEVEDO,7 DE OCTUBRE,12D03C07S03,7 DE OCTUBRE 3,12,LOS RÍOS,1205,QUEVEDO,"-1,06766","-79,47698",URBANO,VÍA PÚBLICA,PUBLICO,2026/01/14,02:00:00,ARMA BLANCA,OTRO,DELINCUENCIA COMÚN,AMENAZA,HERIDA POR ARMA BLANCA,54,A,HOMBRE,MASCULINO,MESTIZO/A,SOLTERO,ECUADOR,NINGUNA,BACHILLER CIENCIAS,SIN_DATO
ASESINATO,ZONA 5,LOS RÍOS,VENTANAS,QUINSALOMA,12D04C07S01,QUINSALOMA 1,12,LOS RÍOS,1213,QUINSALOMA,"-1,17043","-79,37652",RURAL,CASA/VILLA,PRIVADO,2026/01/14,14:00:00,ARMA DE FUEGO,PISTOLA,DELINCUENCIA COMÚN,AMENAZA,HERIDA POR ARMA DE FUEGO,57,A,HOMBRE,MASCULINO,MESTIZO/A,SOLTERO,ECUADOR,NINGUNA,CHOFER/CONDUCTOR,SIN_DATO
ASESINATO,ZONA 6,MORONA SANTIAGO,CENTRO SUR,SUCÚA,14D03C02S01,SUCÚA 1,14,MORONA SANTIAGO,1406,SUCÚA,"-2,45568","-78,1597",RURAL,TERRENO BALDÍO,PUBLICO,2026/01/13,12:30:00,ARMA DE FUEGO,PISTOLA,DELINCUENCIA COMÚN,TRÁFICO INTERNO DE DROGAS (MICROTRÁFICO),HERIDA POR ARMA DE FUEGO,28,A,HOMBRE,MASCULINO,MESTIZO/A,SOLTERO,VENEZUELA,NINGUNA,SIN_DATO,SIN_DATO
ASESINATO,ZONA 5,GUAYAS,EMPALME,EMPALME CENTRO,09D15C06S01,EMPALME CENTRO 1,09,GUAYAS,0908,EL EMPALME,"-1,03978","-79,63793",URBANO,VÍA PÚBLICA,PUBLICO,2026/01/14,07:30:00,ARMA DE FUEGO,PISTOLA,DELINCUENCIA COMÚN,ROBO EN EJES VIALES O CARRETERAS,HERIDA POR ARMA DE FUEGO,35,A,HOMBRE,MASCULINO,MESTIZO/A,SOLTERO,ECUADOR,NINGUNA,ESTADO PERSONAL,SIN_DATO
ASESINATO,ZONA 4,MANABÍ,PEDERNALES,PEDERNALES SUR,13D10C02S01,PEDERNALES SUR 1,13,MANABÍ,1317,PEDERNALES,"0,07633","-80,05112",URBANO,VÍA PÚBLICA,PUBLICO,2026/01/14,22:15:00,ARMA DE FUEGO,PISTOLA,DELINCUENCIA COMÚN,TRÁFICO INTERNO DE DROGAS (MICROTRÁFICO),HERIDA POR ARMA DE FUEGO,42,A,HOMBRE,MASCULINO,MESTIZO/A,SOLTERO,ECUADOR,NINGUNA,ESTADO PERSONAL,SIN_DATO
ASESINATO,ZONA 8,D.M. GUAYAQUIL,SUR - DMG,GUASMO,09D01C01S04,GUASMO 4,09,GUAYAS,0901,GUAYAQUIL,"-2,26923","-79,89302",URBANO,VÍA PÚBLICA,PUBLICO,2026/01/14,13:24:00,ARMA DE FUEGO,PISTOLA,DELINCUENCIA COMÚN,TRÁFICO INTERNO DE DROGAS (MICROTRÁFICO),HERIDA POR ARMA DE FUEGO,33,A,HOMBRE,MASCULINO,MESTIZO/A,CASADO,ECUADOR,NINGUNA,ESTADO PERSONAL,BACHILLERATO
ASESINATO,ZONA 8,D.M. GUAYAQUIL,PORTETE,PORTETE,09D04C04S04,PORTETE 4,09,GUAYAS,0901,GUAYAQUIL,"-2,1966","-79,92635",URBANO,VÍA PÚBLICA,PUBLICO,2026/01/14,21:15:00,ARMA DE FUEGO,PISTOLA,DELINCUENCIA COMÚN,AMENAZA,HERIDA POR ARMA DE FUEGO,19,A,HOMBRE,MASCULINO,MESTIZO/A,SOLTERO,ECUADOR,NINGUNA,BACHILLER CIENCIAS,SIN_DATO
ASESINATO,ZONA 8,D.M. GUAYAQUIL,NUEVA PROSPERINA,FORTIN,09D08C02S01,FORTIN 1,09,GUAYAS,0901,GUAYAQUIL,"-2,1165","-79,94868",URBANO,CASA/VILLA,PRIVADO,2026/01/14,22:00:00,ARMA DE FUEGO,PISTOLA,DELINCUENCIA COMÚN,TRÁFICO INTERNO DE DROGAS (MICROTRÁFICO),HERIDA POR ARMA DE FUEGO,18,A,HOMBRE,MASCULINO,MESTIZO/A,SOLTERO,ECUADOR,NINGUNA,ESTADO PERSONAL,SIN_DATO
ASESINATO,ZONA 7,EL ORO,SANTA ROSA,SANTA ROSA ESTE,07D06C04S02,SANTA ROSA ESTE 2,07,EL ORO,0712,SANTA ROSA,"-3,45683","-79,96673",URBANO,CASA/VILLA,PRIVADO,2026/01/14,12:40:00,ARMA DE FUEGO,PISTOLA,DELINCUENCIA COMÚN,AMENAZA,HERIDA POR ARMA DE FUEGO,54,A,HOMBRE,MASCULINO,MESTIZO/A,EN UNION DE HECHO,ECUADOR,NINGUNA,SIN_DATO,SIN_DATO
ASESINATO,ZONA 7,EL ORO,SANTA ROSA,SANTA ROSA ESTE,07D06C04S01,SANTA ROSA ESTE 1,07,EL ORO,0712,SANTA ROSA,"-3,41307","-79,99517",URBANO,VÍA PÚBLICA,PUBLICO,2026/01/14,15:00:00,ARMA DE FUEGO,PISTOLA,DELINCUENCIA COMÚN,AMENAZA,HERIDA POR ARMA DE FUEGO,37,A,HOMBRE,MASCULINO,MESTIZO/A,SOLTERO,ECUADOR,NINGUNA,TRABAJADOR GENERAL,SIN_DATO
ASESINATO,ZONA 7,EL ORO,MACHALA,PUERTO BOLÍVAR,07D02C17S01,PUERTO BOLÍVAR 1,07,EL ORO,0701,MACHALA,"-3,26776","-80,00057",URBANO,OTROS LOCALES COMERCIALES,PRIVADO,2026/01/14,16:10:00,ARMA DE FUEGO,PISTOLA,DELINCUENCIA COMÚN,AMENAZA,HERIDA POR ARMA DE FUEGO,23,A,HOMBRE,MASCULINO,MESTIZO/A,NO DETERMINADO,ECUADOR,NINGUNA,SIN_DATO,SIN_DATO
ASESINATO,ZONA 4,MANABÍ,MANTA,MARÍA AUXILIADORA,13D02C08S03,MARÍA AUXILIADORA 3,13,MANABÍ,1308,MANTA,"-0,97076","-80,71303",URBANO,CASA/VILLA,PRIVADO,2026/01/14,12:50:00,ARMA DE FUEGO,PISTOLA,DELINCUENCIA COMÚN,AMENAZA,HERIDA POR ARMA DE FUEGO,41,A,HOMBRE,MASCULINO,MESTIZO/A,SOLTERO,ECUADOR,NINGUNA,TRABAJADOR GENERAL,SIN_DATO
ASESINATO,ZONA 5,LOS RÍOS,BUENA FE,BUENA FE ESTE,12D06C04S02,BUENA FE ESTE 2,12,LOS RÍOS,1210,BUENA FE,"-0,89855","-79,48867",URBANO,VÍA PÚBLICA,PUBLICO,2026/01/14,16:00:00,ARMA DE FUEGO,PISTOLA,DELINCUENCIA COMÚN,AMENAZA,HERIDA POR ARMA DE FUEGO,27,A,HOMBRE,MASCULINO,MESTIZO/A,SOLTERO,ECUADOR,NINGUNA,ESTADO PERSONAL,SIN_DATO
ASESINATO,ZONA 5,SANTA ELENA,LIBERTAD SALINAS,VIRGEN DEL CARMEN,24D02C02S02,VIRGEN DEL CARMEN 2,24,SANTA ELENA,2402,LA LIBERTAD,"-2,23876","-80,9114",URBANO,VÍA PÚBLICA,PUBLICO,2026/01/13,20:30:00,ARMA DE FUEGO,PISTOLA,DELINCUENCIA COMÚN,AMENAZA,HERIDA POR ARMA DE FUEGO,27,A,HOMBRE,MASCULINO,MESTIZO/A,SOLTERO,ECUADOR,NINGUNA,ESTADO PERSONAL,SIN_DATO
ASESINATO,ZONA 8,D.M. GUAYAQUIL,ESTEROS,MALVINAS NORTE,09D02C03S01,MALVINAS NORTE 1,09,GUAYAS,0901,GUAYAQUIL,"-2,22607","-79,89985",URBANO,VÍA PÚBLICA,PUBLICO,2026/01/14,16:30:00,ARMA DE FUEGO,PISTOLA,DELINCUENCIA COMÚN,TRÁFICO INTERNO DE DROGAS (MICROTRÁFICO),HERIDA POR ARMA DE FUEGO,31,A,HOMBRE,MASCULINO,MESTIZO/A,SOLTERO,ECUADOR,NINGUNA,ESTADO PERSONAL,SIN_DATO
ASESINATO,ZONA 4,MANABÍ,MANTA,LA SEQUITA,13D02C18S01,LA SEQUITA 1,13,MANABÍ,1309,MONTECRISTI,"-1,02031","-80,63989",RURAL,VÍA PÚBLICA,PUBLICO,2026/01/14,07:00:00,ARMA BLANCA,MACHETE,DELINCUENCIA COMÚN,AMENAZA,HERIDA POR ARMA BLANCA,22,A,HOMBRE,MASCULINO,MESTIZO/A,SOLTERO,ECUADOR,NINGUNA,ESTADO PERSONAL,SIN_DATO
ASESINATO,ZONA 5,GUAYAS,EMPALME,CARLOS JULIO AROSEMENA,09D15C03S01,CARLOS JULIO AROSEMENA 1,09,GUAYAS,0908,EL EMPALME,"-0,90502","-79,67605",RURAL,VÍA PÚBLICA,PUBLICO,2026/01/11,21:00:00,CONSTRICTORA,CABLE,DELINCUENCIA COMÚN,AMENAZA,ESTRANGULACION,28,A,HOMBRE,MASCULINO,MESTIZO/A,SOLTERO,ECUADOR,NINGUNA,ESTADO PERSONAL,SIN_DATO
ASESINATO,ZONA 4,MANABÍ,ROCAFUERTE,BACHILLERO,13D12C05S01,BACHILLERO 1,13,MANABÍ,1315,TOSAGUA,"-0,8126","-80,2244",RURAL,VÍA PÚBLICA,PUBLICO,2026/01/15,00:00:00,ARMA DE FUEGO,PISTOLA,DELINCUENCIA COMÚN,AMENAZA,HERIDA POR ARMA DE FUEGO,45,A,HOMBRE,MASCULINO,MESTIZO/A,SOLTERO,ECUADOR,NINGUNA,ESTADO PERSONAL,SIN_DATO
SICARIATO,ZONA 8,D.M. GUAYAQUIL,ESTEROS,MALVINAS SUR,09D02C02S02,MALVINAS SUR 2,09,GUAYAS,0901,GUAYAQUIL,"-2,2306","-79,90881",URBANO,VÍA PÚBLICA,PUBLICO,2026/01/14,16:35:00,ARMA DE FUEGO,PISTOLA,TERRORISMO,TERRORISMO,HERIDA POR ARMA DE FUEGO,28,A,HOMBRE,MASCULINO,MESTIZO/A,SOLTERO,ECUADOR,NINGUNA,TECNÓLOGO,SIN_DATO
ASESINATO,ZONA 4,MANABÍ,PORTOVIEJO,ABDÓN CALDERÓN,13D01C13S01,ABDÓN CALDERÓN 1,13,MANABÍ,1301,PORTOVIEJO,"-1,02983","-80,34277",RURAL,MERCADOS,PUBLICO,2026/01/15,08:00:00,ARMA DE FUEGO,PISTOLA,DELINCUENCIA COMÚN,AMENAZA,HERIDA POR ARMA DE FUEGO,37,A,HOMBRE,MASCULINO,MESTIZO/A,SOLTERO,ECUADOR,NINGUNA,TRABAJADOR COMERCIAL,SIN_DATO
HOMICIDIO,ZONA 9,D.M. QUITO,EUGENIO ESPEJO,IÑAQUITO,17D05C10S05,IÑAQUITO 5,17,PICHINCHA,1701,QUITO,"-0,18973","-78,47157",URBANO,VÍA PÚBLICA,PUBLICO,2026/01/15,22:30:00,ARMA DE FUEGO,OTRO,DELINCUENCIA COMÚN,ROBO A PERSONAS,HERIDA POR ARMA DE FUEGO,30,A,HOMBRE,MASCULINO,MESTIZO/A,NO DETERMINADO,NO DETERMINADO,NINGUNA,SIN_DATO,SIN_DATO
ASESINATO,ZONA 8,D.M. GUAYAQUIL,PORTETE,BATALLÓN DEL SUBURBIO,09D04C05S01,BATALLÓN DEL SUBURBIO 1,09,GUAYAS,0901,GUAYAQUIL,"-2,22121","-79,945",URBANO,VÍA PÚBLICA,PUBLICO,2026/01/16,02:22:00,ARMA DE FUEGO,PISTOLA,DELINCUENCIA COMÚN,TRÁFICO INTERNO DE DROGAS (MICROTRÁFICO),HERIDA POR ARMA DE FUEGO,30,A,HOMBRE,MASCULINO,MESTIZO/A,SOLTERO,ECUADOR,NINGUNA,SIN_DATO,INICIAL
ASESINATO,ZONA 8,D.M. GUAYAQUIL,ESTEROS,ESTEROS,09D02C01S04,ESTEROS 4,09,GUAYAS,0901,GUAYAQUIL,"-2,24905","-79,90877",URBANO,VÍA PÚBLICA,PUBLICO,2026/01/15,14:40:00,ARMA DE FUEGO,OTROS ARMA CORTA,DELINCUENCIA COMÚN,AMENAZA,HERIDA POR ARMA DE FUEGO,25,A,HOMBRE,MASCULINO,MESTIZO/A,SOLTERO,ECUADOR,NINGUNA,ESTADO PERSONAL,SIN_DATO
ASESINATO,ZONA 8,D.M. GUAYAQUIL,PASCUALES,BASTIÓN POPULAR SUR,09D07C02S02,BASTIÓN POPULAR SUR 2,09,GUAYAS,0901,GUAYAQUIL,"-2,10058","-79,92092",URBANO,VÍA PÚBLICA,PUBLICO,2026/01/15,21:00:00,ARMA DE FUEGO,OTROS ARMA CORTA,DELINCUENCIA COMÚN,TRÁFICO INTERNO DE DROGAS (MICROTRÁFICO),HERIDA POR ARMA DE FUEGO,26,A,HOMBRE,MASCULINO,MESTIZO/A,SOLTERO,ECUADOR,NINGUNA,ESTADO PERSONAL,SIN_DATO
ASESINATO,ZONA 5,LOS RÍOS,QUEVEDO,7 DE OCTUBRE,12D03C07S01,7 DE OCTUBRE 1,12,LOS RÍOS,1205,QUEVEDO,"-1,0237","-79,47147",URBANO,VÍA PÚBLICA,PUBLICO,2026/01/15,17:50:00,ARMA DE FUEGO,PISTOLA,DELINCUENCIA COMÚN,AMENAZA,HERIDA POR ARMA DE FUEGO,16,A,HOMBRE,MASCULINO,MESTIZO/A,SOLTERO,ECUADOR,NINGUNA,ESTADO PERSONAL,SIN_DATO
HOMICIDIO,ZONA 2,ORELLANA,ORELLANA LORETO,24 DE MAYO,22D02C01S01,24 DE MAYO 1,22,ORELLANA,2204,LORETO,"-0,77759","-77,37161",RURAL,CASA/VILLA,PRIVADO,2026/01/16,00:15:00,ARMA BLANCA,CUCHILLO,VIOLENCIA COMUNITARIA,RIÑAS,HERIDA POR ARMA BLANCA,18,A,HOMBRE,MASCULINO,INDIGENA,SOLTERO,ECUADOR,NINGUNA,ESTADO PERSONAL,SIN_DATO
ASESINATO,ZONA 8,D.M. GUAYAQUIL,SUR - DMG,UNIÓN DE BANANEROS,09D01C02S03,UNIÓN DE BANANEROS 3,09,GUAYAS,0901,GUAYAQUIL,"-2,2641","-79,87791",URBANO,VÍA PÚBLICA,PUBLICO,2026/01/15,17:30:00,ARMA DE FUEGO,PISTOLA,DELINCUENCIA COMÚN,AMENAZA,HERIDA POR ARMA DE FUEGO,36,A,HOMBRE,MASCULINO,MESTIZO/A,CASADO,ECUADOR,NINGUNA,ESTADO PERSONAL,BACHILLERATO
ASESINATO,ZONA 8,D.M. GUAYAQUIL,NUEVA PROSPERINA,FLOR DE BASTIÓN,09D08C04S08,FLOR DE BASTIÓN 8,09,GUAYAS,0901,GUAYAQUIL,"-2,09504","-79,96003",URBANO,CASA/VILLA,PRIVADO,2026/01/16,01:20:00,ARMA DE FUEGO,OTROS ARMA LARGA,DELINCUENCIA COMÚN,AMENAZA,HERIDA POR ARMA DE FUEGO,22,A,HOMBRE,MASCULINO,MESTIZO/A,SOLTERO,ECUADOR,NINGUNA,SIN_DATO,SIN_DATO
ASESINATO,ZONA 5,GUAYAS,DAULE,NOBOL,09D19C10S01,NOBOL 1,09,GUAYAS,0925,NOBOL,"-1,97354","-80,01335",URBANO,VÍA PÚBLICA,PUBLICO,2026/01/15,21:20:00,ARMA DE FUEGO,PISTOLA,DELINCUENCIA COMÚN,AMENAZA,HERIDA POR ARMA DE FUEGO,28,A,HOMBRE,MASCULINO,MESTIZO/A,SOLTERO,ECUADOR,NINGUNA,ESTADO PERSONAL,SIN_DATO
ASESINATO,ZONA 4,MANABÍ,MANTA,MARÍA AUXILIADORA,13D02C08S03,MARÍA AUXILIADORA 3,13,MANABÍ,1308,MANTA,"-0,9739","-80,7088",URBANO,VÍA PÚBLICA,PUBLICO,2026/01/15,17:05:00,ARMA DE FUEGO,PISTOLA,DELINCUENCIA COMÚN,TRÁFICO INTERNO DE DROGAS (MICROTRÁFICO),HERIDA POR ARMA DE FUEGO,36,A,HOMBRE,MASCULINO,MESTIZO/A,SOLTERO,ECUADOR,NINGUNA,TRABAJADOR GENERAL,SIN_DATO
ASESINATO,ZONA 4,MANABÍ,MANTA,LA FABRIL,13D02C17S01,LA FABRIL 1,13,MANABÍ,1309,MONTECRISTI,-1,"-80,6921",URBANO,CASA/VILLA,PRIVADO,2026/01/16,02:00:00,ARMA DE FUEGO,PISTOLA,DELINCUENCIA COMÚN,AMENAZA,HERIDA POR ARMA DE FUEGO,33,A,HOMBRE,MASCULINO,MESTIZO/A,SOLTERO,ECUADOR,NINGUNA,BACHILLER TÉCNICO,SIN_DATO
ASESINATO,ZONA 5,GUAYAS,EMPALME,PUERTO DEL MONO,09D15C02S01,PUERTO DEL MONO 1,09,GUAYAS,0908,EL EMPALME,"-0,95743","-79,54237",RURAL,VÍA PÚBLICA,PUBLICO,2026/01/15,23:00:00,ARMA DE FUEGO,PISTOLA,DELINCUENCIA COMÚN,AMENAZA,HERIDA POR ARMA DE FUEGO,26,A,HOMBRE,MASCULINO,MESTIZO/A,SOLTERO,ECUADOR,NINGUNA,ESTADO PERSONAL,BACHILLERATO
ASESINATO,ZONA 7,EL ORO,HUAQUILLAS,UNIÓN LOJANA,07D05C05S02,UNIÓN LOJANA 2,07,EL ORO,0707,HUAQUILLAS,"-3,47834","-80,21817",URBANO,VÍA PÚBLICA,PUBLICO,2026/01/15,18:48:00,ARMA DE FUEGO,REVOLVER,DELINCUENCIA COMÚN,AMENAZA,HERIDA POR ARMA DE FUEGO,27,A,HOMBRE,MASCULINO,MESTIZO/A,SOLTERO,ECUADOR,NINGUNA,ESTADO PERSONAL,SIN_DATO
ASESINATO,ZONA 7,EL ORO,MACHALA,WILSON FRANCO,07D02C18S01,WILSON FRANCO 1,07,EL ORO,0701,MACHALA,"-3,26188","-79,99242",URBANO,CASA/VILLA,PRIVADO,2026/01/16,05:05:00,ARMA DE FUEGO,PISTOLA,DELINCUENCIA COMÚN,AMENAZA,HERIDA POR ARMA DE FUEGO,34,A,MUJER,FEMENINO,MESTIZO/A,SOLTERO,ECUADOR,NINGUNA,ESTADO PERSONAL,SIN_DATO
ASESINATO,ZONA 7,EL ORO,MACHALA,WILSON FRANCO,07D02C18S01,WILSON FRANCO 1,07,EL ORO,0701,MACHALA,"-3,26188","-79,99242",URBANO,CASA/VILLA,PRIVADO,2026/01/16,05:05:00,ARMA DE FUEGO,FUSIL,DELINCUENCIA COMÚN,AMENAZA,HERIDA POR ARMA DE FUEGO,38,A,HOMBRE,MASCULINO,MESTIZO/A,SOLTERO,ECUADOR,NINGUNA,ESTADO PERSONAL,SIN_DATO
ASESINATO,ZONA 7,EL ORO,MACHALA,WILSON FRANCO,07D02C18S01,WILSON FRANCO 1,07,EL ORO,0701,MACHALA,"-3,26188","-79,99242",URBANO,CASA/VILLA,PRIVADO,2026/01/16,05:05:00,ARMA DE FUEGO,FUSIL,DELINCUENCIA COMÚN,AMENAZA,HERIDA POR ARMA DE FUEGO,45,A,HOMBRE,MASCULINO,MESTIZO/A,SOLTERO,ECUADOR,NINGUNA,AYUDANTE/JORNALERO,SIN_DATO
ASESINATO,ZONA 7,EL ORO,HUAQUILLAS,UNIÓN LOJANA,07D05C05S01,UNIÓN LOJANA 1,07,EL ORO,0707,HUAQUILLAS,"-3,47964","-80,20506",URBANO,VÍA PÚBLICA,PUBLICO,2026/01/16,06:50:00,ARMA DE FUEGO,OTROS ARMA CORTA,DELINCUENCIA COMÚN,AMENAZA,HERIDA POR ARMA DE FUEGO,25,A,HOMBRE,MASCULINO,MESTIZO/A,SOLTERO,ECUADOR,NINGUNA,ESTADO PERSONAL,SIN_DATO
ASESINATO,ZONA 4,MANABÍ,MANTA,MARÍA AUXILIADORA,13D02C08S03,MARÍA AUXILIADORA 3,13,MANABÍ,1308,MANTA,"-0,9739","-80,7088",URBANO,VÍA PÚBLICA,PUBLICO,2026/01/15,17:00:00,ARMA DE FUEGO,PISTOLA,DELINCUENCIA COMÚN,TRÁFICO INTERNO DE DROGAS (MICROTRÁFICO),HERIDA POR ARMA DE FUEGO,46,A,HOMBRE,MASCULINO,MESTIZO/A,SOLTERO,ECUADOR,NINGUNA,TRABAJADOR GENERAL,SIN_DATO
ASESINATO,ZONA 8,D.M. GUAYAQUIL,NUEVA PROSPERINA,FORTIN,09D08C02S03,FORTIN 3,09,GUAYAS,0901,GUAYAQUIL,"-2,11288","-79,9639",URBANO,VÍA PÚBLICA,PUBLICO,2026/01/16,15:50:00,ARMA DE FUEGO,PISTOLA,DELINCUENCIA COMÚN,TRÁFICO INTERNO DE DROGAS (MICROTRÁFICO),HERIDA POR ARMA DE FUEGO,26,A,HOMBRE,MASCULINO,MESTIZO/A,NO DETERMINADO,OTROS,NINGUNA,SIN_DATO,SIN_DATO
ASESINATO,ZONA 5,GUAYAS,BALZAR,LA GUAYAQUIL,09D13C02S01,LA GUAYAQUIL 1,09,GUAYAS,0904,BALZAR,"-1,13504","-79,70778",RURAL,VÍA PÚBLICA,PUBLICO,2026/01/16,18:30:00,ARMA DE FUEGO,PISTOLA,DELINCUENCIA COMÚN,AMENAZA,HERIDA POR ARMA DE FUEGO,24,A,HOMBRE,TRANSGENERO,MESTIZO/A,SOLTERO,ECUADOR,NINGUNA,TRABAJADOR GENERAL,SIN_DATO
ASESINATO,ZONA 8,D.M. GUAYAQUIL,SUR - DMG,FLORESTA,09D01C03S03,FLORESTA 3,09,GUAYAS,0901,GUAYAQUIL,"-2,25828","-79,89127",URBANO,TRANSPORTE PRIVADO,PRIVADO,2026/01/16,06:10:00,ARMA DE FUEGO,PISTOLA,DELINCUENCIA COMÚN,AMENAZA,HERIDA POR ARMA DE FUEGO,21,A,HOMBRE,MASCULINO,MESTIZO/A,SOLTERO,ECUADOR,NINGUNA,BACHILLER CIENCIAS,SIN_DATO
ASESINATO,ZONA 4,MANABÍ,PORTOVIEJO,SAN PABLO,13D01C05S02,SAN PABLO 2,13,MANABÍ,1301,PORTOVIEJO,"-1,05624","-80,44431",URBANO,INTERIOR DE VEHÍCULO PARTICULAR,PRIVADO,2026/01/16,20:10:00,ARMA DE FUEGO,PISTOLA,DELINCUENCIA COMÚN,AMENAZA,HERIDA POR ARMA DE FUEGO,18,A,HOMBRE,MASCULINO,MESTIZO/A,SOLTERO,ECUADOR,NINGUNA,ESTADO PERSONAL,SIN_DATO
ASESINATO,ZONA 5,SANTA ELENA,LIBERTAD SALINAS,LIBERTAD CENTRO,24D02C01S02,LIBERTAD CENTRO 2,24,SANTA ELENA,2402,LA LIBERTAD,"-2,22073","-80,90806",URBANO,VÍA PÚBLICA,PUBLICO,2026/01/16,22:00:00,ARMA DE FUEGO,PISTOLA,DELINCUENCIA COMÚN,AMENAZA,HERIDA POR ARMA DE FUEGO,38,A,HOMBRE,MASCULINO,MESTIZO/A,SOLTERO,ECUADOR,NINGUNA,TECNÓLOGO,SIN_DATO
ASESINATO,ZONA 8,D.M. GUAYAQUIL,NUEVA PROSPERINA,MONTE SINAÍ,09D08C05S03,MONTE SINAÍ 3,09,GUAYAS,0901,GUAYAQUIL,"-2,11118","-79,98638",URBANO,VÍA PÚBLICA,PUBLICO,2026/01/16,15:30:00,ARMA BLANCA,OTRO,DELINCUENCIA COMÚN,AMENAZA,HERIDA POR ARMA BLANCA,45,A,HOMBRE,MASCULINO,MESTIZO/A,SOLTERO,ECUADOR,NINGUNA,ESTADO PERSONAL,SIN_DATO
ASESINATO,ZONA 8,D.M. GUAYAQUIL,9 DE OCTUBRE,GARAY,09D03C04S01,GARAY 1,09,GUAYAS,0901,GUAYAQUIL,"-2,20045","-79,89785",URBANO,VÍA PÚBLICA,PUBLICO,2026/01/16,19:00:00,ARMA DE FUEGO,OTRO,DELINCUENCIA COMÚN,TRÁFICO INTERNO DE DROGAS (MICROTRÁFICO),HERIDA POR ARMA DE FUEGO,29,A,HOMBRE,MASCULINO,MESTIZO/A,NO DETERMINADO,ECUADOR,NINGUNA,SIN_DATO,SIN_DATO
ASESINATO,ZONA 8,D.M. GUAYAQUIL,9 DE OCTUBRE,GARAY,09D03C04S01,GARAY 1,09,GUAYAS,0901,GUAYAQUIL,"-2,20045","-79,89785",URBANO,VÍA PÚBLICA,PUBLICO,2026/01/16,19:00:00,ARMA DE FUEGO,OTRO,DELINCUENCIA COMÚN,TRÁFICO INTERNO DE DROGAS (MICROTRÁFICO),HERIDA POR ARMA DE FUEGO,19,A,HOMBRE,MASCULINO,MESTIZO/A,SOLTERO,ECUADOR,NINGUNA,SIN_DATO,SIN_DATO
ASESINATO,ZONA 8,D.M. GUAYAQUIL,9 DE OCTUBRE,GARAY,09D03C04S01,GARAY 1,09,GUAYAS,0901,GUAYAQUIL,"-2,20045","-79,89785",URBANO,VÍA PÚBLICA,PUBLICO,2026/01/16,19:00:00,ARMA DE FUEGO,OTRO,DELINCUENCIA COMÚN,TRÁFICO INTERNO DE DROGAS (MICROTRÁFICO),HERIDA POR ARMA DE FUEGO,21,A,HOMBRE,MASCULINO,MESTIZO/A,SOLTERO,ECUADOR,NINGUNA,ESTADO PERSONAL,SIN_DATO
ASESINATO,ZONA 8,D.M. GUAYAQUIL,SUR - DMG,FLORESTA,09D01C03S02,FLORESTA 2,09,GUAYAS,0901,GUAYAQUIL,"-2,25602","-79,89105",URBANO,VÍA PÚBLICA,PUBLICO,2026/01/16,21:30:00,ARMA DE FUEGO,OTRO,DELINCUENCIA COMÚN,AMENAZA,HERIDA POR ARMA DE FUEGO,16,A,HOMBRE,MASCULINO,MESTIZO/A,SOLTERO,ECUADOR,NINGUNA,ESTADO PERSONAL,SIN_DATO
ASESINATO,ZONA 7,EL ORO,MACHALA,JAMBELI CENTRO,07D02C09S01,JAMBELI CENTRO 1,07,EL ORO,0701,MACHALA,"-3,24752","-79,96899",URBANO,PARQUES Y PLAZAS,PUBLICO,2026/01/16,21:00:00,ARMA DE FUEGO,PISTOLA,DELINCUENCIA COMÚN,TRÁFICO INTERNO DE DROGAS (MICROTRÁFICO),HERIDA POR ARMA DE FUEGO,26,A,HOMBRE,MASCULINO,MESTIZO/A,SOLTERO,ECUADOR,NINGUNA,BACHILLER TÉCNICO,SIN_DATO
ASESINATO,ZONA 8,D.M. GUAYAQUIL,ESTEROS,ESTEROS,09D02C01S02,ESTEROS 2,09,GUAYAS,0901,GUAYAQUIL,"-2,25793","-79,89475",URBANO,VÍA PÚBLICA,PUBLICO,2026/01/16,15:00:00,ARMA DE FUEGO,PISTOLA,DELINCUENCIA COMÚN,TRÁFICO INTERNO DE DROGAS (MICROTRÁFICO),HERIDA POR ARMA DE FUEGO,28,A,HOMBRE,MASCULINO,AFRO,SOLTERO,ECUADOR,NINGUNA,ESTADO PERSONAL,SIN_DATO
ASESINATO,ZONA 8,D.M. GUAYAQUIL,DURÁN,CENTRO,09D24C02S03,CENTRO 3,09,GUAYAS,0907,DURÁN,"-2,17082","-79,8531",URBANO,VÍA PÚBLICA,PUBLICO,2026/01/16,18:30:00,ARMA DE FUEGO,PISTOLA,DELINCUENCIA COMÚN,AMENAZA,HERIDA POR ARMA DE FUEGO,20,A,HOMBRE,MASCULINO,MESTIZO/A,SOLTERO,ECUADOR,NINGUNA,TRABAJADOR GENERAL,SIN_DATO
ASESINATO,ZONA 4,STO DGO DE LOS TSÁCHILAS,LA CONCORDIA,PLAN PILOTO,23D03C03S01,PLAN PILOTO 1,23,STO DGO DE LOS TSÁCHILAS,2302,LA CONCORDIA,"-0,07179","-79,36794",URBANO,VÍA PÚBLICA,PUBLICO,2026/01/16,04:00:00,ARMA DE FUEGO,OTROS ARMA CORTA,DELINCUENCIA COMÚN,AMENAZA,HERIDA POR ARMA DE FUEGO,23,A,HOMBRE,MASCULINO,MESTIZO/A,SOLTERO,ECUADOR,NINGUNA,ESTADO PERSONAL,SIN_DATO
ASESINATO,ZONA 8,D.M. GUAYAQUIL,SUR - DMG,GUASMO,09D01C01S01,GUASMO 1,09,GUAYAS,0901,GUAYAQUIL,"-2,2837","-79,87678",URBANO,VÍA PÚBLICA,PUBLICO,2026/01/16,14:30:00,ARMA DE FUEGO,PISTOLA,DELINCUENCIA COMÚN,TRÁFICO INTERNO DE DROGAS (MICROTRÁFICO),HERIDA POR ARMA DE FUEGO,54,A,HOMBRE,MASCULINO,MESTIZO/A,SOLTERO,ECUADOR,NINGUNA,TRABAJADOR COMERCIAL,SIN_DATO
ASESINATO,ZONA 5,LOS RÍOS,VINCES,ANTONIO SOTOMAYOR,12D05C01S01,ANTONIO SOTOMAYOR 1,12,LOS RÍOS,1208,VINCES,"-1,62788","-79,76065",RURAL,VÍA PÚBLICA,PUBLICO,2026/01/16,07:00:00,ARMA DE FUEGO,PISTOLA,DELINCUENCIA COMÚN,AMENAZA,HERIDA POR ARMA DE FUEGO,19,A,HOMBRE,MASCULINO,MESTIZO/A,SOLTERO,ECUADOR,NINGUNA,ESTADO PERSONAL,SIN_DATO
ASESINATO,ZONA 5,LOS RÍOS,BUENA FE,FUMISA,12D06C01S01,FUMISA 1,12,LOS RÍOS,1210,BUENA FE,"-0,73076","-79,47926",RURAL,VÍA PÚBLICA,PUBLICO,2026/01/16,22:00:00,ARMA DE FUEGO,PISTOLA,DELINCUENCIA COMÚN,AMENAZA,HERIDA POR ARMA DE FUEGO,39,A,HOMBRE,MASCULINO,MESTIZO/A,CASADO,ECUADOR,NINGUNA,TRABAJADOR PRIMARIO,BACHILLERATO
ASESINATO,ZONA 8,D.M. GUAYAQUIL,PROGRESO,PROGRESO,09D10C03S01,PROGRESO 1,09,GUAYAS,0901,GUAYAQUIL,"-2,18461","-80,07866",RURAL,COVACHA/CHOZA,PRIVADO,2026/01/16,14:45:00,ARMA DE FUEGO,REVOLVER,DELINCUENCIA COMÚN,AMENAZA,HERIDA POR ARMA DE FUEGO,25,A,MUJER,FEMENINO,MESTIZO/A,SOLTERO,ECUADOR,NINGUNA,BACHILLER CIENCIAS,SIN_DATO
ASESINATO,ZONA 5,GUAYAS,EMPALME,PUERTO DEL MONO,09D15C02S01,PUERTO DEL MONO 1,09,GUAYAS,0908,EL EMPALME,"-0,98335","-79,57222",URBANO,VÍA PÚBLICA,PUBLICO,2026/01/17,11:30:00,ARMA DE FUEGO,OTROS ARMA CORTA,DELINCUENCIA COMÚN,AMENAZA,HERIDA POR ARMA DE FUEGO,36,A,HOMBRE,MASCULINO,MESTIZO/A,SOLTERO,ECUADOR,NINGUNA,ESTADO PERSONAL,SIN_DATO
ASESINATO,ZONA 4,MANABÍ,MANTA,CENTRO,13D02C07S01,CENTRO 1,13,MANABÍ,1308,MANTA,"-0,94744","-80,72547",URBANO,VÍA PÚBLICA,PUBLICO,2026/01/17,09:38:00,ARMA DE FUEGO,PISTOLA,DELINCUENCIA COMÚN,AMENAZA,HERIDA POR ARMA DE FUEGO,42,A,HOMBRE,MASCULINO,MESTIZO/A,SOLTERO,ECUADOR,NINGUNA,ESTADO PERSONAL,SIN_DATO
ASESINATO,ZONA 8,D.M. GUAYAQUIL,SUR - DMG,GUASMO,09D01C01S01,GUASMO 1,09,GUAYAS,0901,GUAYAQUIL,"-2,27529","-79,87436",URBANO,CASA/VILLA,PRIVADO,2026/01/17,01:00:00,ARMA DE FUEGO,PISTOLA,DELINCUENCIA COMÚN,AMENAZA,HERIDA POR ARMA DE FUEGO,24,A,MUJER,FEMENINO,MESTIZO/A,SOLTERO,ECUADOR,NINGUNA,ESTADO PERSONAL,SIN_DATO
ASESINATO,ZONA 8,D.M. GUAYAQUIL,SUR - DMG,GUASMO,09D01C01S01,GUASMO 1,09,GUAYAS,0901,GUAYAQUIL,"-2,27529","-79,87436",URBANO,CASA/VILLA,PRIVADO,2026/01/17,01:00:00,ARMA DE FUEGO,PISTOLA,DELINCUENCIA COMÚN,AMENAZA,HERIDA POR ARMA DE FUEGO,41,A,MUJER,FEMENINO,MESTIZO/A,SOLTERO,ECUADOR,NINGUNA,TRABAJADOR GENERAL,SIN_DATO
ASESINATO,ZONA 8,D.M. GUAYAQUIL,SUR - DMG,GUASMO,09D01C01S01,GUASMO 1,09,GUAYAS,0901,GUAYAQUIL,"-2,27529","-79,87436",URBANO,CASA/VILLA,PRIVADO,2026/01/17,01:00:00,ARMA DE FUEGO,PISTOLA,DELINCUENCIA COMÚN,AMENAZA,HERIDA POR ARMA DE FUEGO,18,A,MUJER,FEMENINO,MESTIZO/A,SOLTERO,ECUADOR,NINGUNA,BACHILLER CIENCIAS,SIN_DATO
ASESINATO,ZONA 8,D.M. GUAYAQUIL,SUR - DMG,GUASMO,09D01C01S01,GUASMO 1,09,GUAYAS,0901,GUAYAQUIL,"-2,27529","-79,87436",URBANO,CASA/VILLA,PRIVADO,2026/01/17,01:00:00,ARMA DE FUEGO,PISTOLA,DELINCUENCIA COMÚN,AMENAZA,HERIDA POR ARMA DE FUEGO,25,A,HOMBRE,MASCULINO,MESTIZO/A,SOLTERO,ECUADOR,NINGUNA,BACHILLER CIENCIAS,SIN_DATO
ASESINATO,ZONA 5,GUAYAS,PEDRO CARBO,LOMAS DE SARGENTILLO,09D14C05S01,LOMAS DE SARGENTILLO 1,09,GUAYAS,0924,LOMAS DE SARGENTILLO,"-1,86919","-80,09581",URBANO,CASA/VILLA,PRIVADO,2026/01/17,03:20:00,ARMA DE FUEGO,PISTOLA,DELINCUENCIA COMÚN,AMENAZA,HERIDA POR ARMA DE FUEGO,30,A,HOMBRE,MASCULINO,MESTIZO/A,SOLTERO,ECUADOR,NINGUNA,BACHILLER TÉCNICO,SIN_DATO
ASESINATO,ZONA 8,D.M. GUAYAQUIL,NUEVA PROSPERINA,MONTE SINAÍ,09D08C05S05,MONTE SINAÍ 5,09,GUAYAS,0901,GUAYAQUIL,"-2,09203","-79,98924",URBANO,VÍA PÚBLICA,PUBLICO,2026/01/17,05:50:00,OTROS,NINGUNA,DELINCUENCIA COMÚN,AMENAZA,AHORCADURA,20,A,MUJER,FEMENINO,MESTIZO/A,SOLTERO,ECUADOR,NINGUNA,BACHILLER TÉCNICO,SIN_DATO
ASESINATO,ZONA 7,EL ORO,MACHALA,EL RETIRO,07D02C21S01,EL RETIRO 1,07,EL ORO,0701,MACHALA,"-3,38797","-79,93356",RURAL,VÍA PÚBLICA,PUBLICO,2026/01/17,16:00:00,ARMA DE FUEGO,PISTOLA,DELINCUENCIA COMÚN,TRÁFICO INTERNO DE DROGAS (MICROTRÁFICO),HERIDA POR ARMA DE FUEGO,30,A,HOMBRE,MASCULINO,MESTIZO/A,SOLTERO,ECUADOR,NINGUNA,TRABAJADOR GENERAL,SIN_DATO
HOMICIDIO,ZONA 1,CARCHI,TULCÁN,OLÍMPICO,04D01C02S01,OLÍMPICO 1,04,CARCHI,0401,TULCÁN,"0,81634","-77,7135",URBANO,VÍA PÚBLICA,PUBLICO,2026/01/17,07:50:00,ARMA DE FUEGO,PISTOLA,DELINCUENCIA COMÚN,ROBO A PERSONAS,HERIDA POR ARMA DE FUEGO,57,A,HOMBRE,MASCULINO,MESTIZO/A,CASADO,ECUADOR,NINGUNA,AYUDANTE/JORNALERO,SIN_DATO
ASESINATO,ZONA 8,D.M. GUAYAQUIL,ESTEROS,TRINITARIA NORTE,09D02C04S04,TRINITARIA NORTE 4,09,GUAYAS,0901,GUAYAQUIL,"-2,23458","-79,93604",URBANO,VÍA PÚBLICA,PUBLICO,2026/01/04,15:50:00,ARMA DE FUEGO,PISTOLA,DELINCUENCIA COMÚN,TRÁFICO INTERNO DE DROGAS (MICROTRÁFICO),HERIDA POR ARMA DE FUEGO,29,A,HOMBRE,MASCULINO,MESTIZO/A,SOLTERO,ECUADOR,NINGUNA,ARTESANO/OFICIO,SIN_DATO
ASESINATO,ZONA 8,D.M. GUAYAQUIL,ESTEROS,TRINITARIA NORTE,09D02C04S01,TRINITARIA NORTE 1,09,GUAYAS,0901,GUAYAQUIL,"-2,23955","-79,91692",URBANO,OTROS LOCALES COMERCIALES,PRIVADO,2026/01/17,15:00:00,ARMA DE FUEGO,PISTOLA,DELINCUENCIA COMÚN,AMENAZA,HERIDA POR ARMA DE FUEGO,37,A,HOMBRE,MASCULINO,MESTIZO/A,SOLTERO,ECUADOR,NINGUNA,ESTADO PERSONAL,BACHILLERATO
HOMICIDIO,ZONA 7,EL ORO,SANTA ROSA,SANTA ROSA ESTE,07D06C04S02,SANTA ROSA ESTE 2,07,EL ORO,0712,SANTA ROSA,"-3,45793","-79,99194",RURAL,FINCA,PRIVADO,2026/01/02,19:00:00,ARMA CONTUNDENTE,OBJETO CONTUSO,DELINCUENCIA COMÚN,AMENAZA,HERIDAS CONTUSAS,80,A,HOMBRE,MASCULINO,MESTIZO/A,DIVORCIADO,ECUADOR,NINGUNA,TRABAJADOR PRIMARIO,SIN_DATO
ASESINATO,ZONA 7,EL ORO,MACHALA,WILSON FRANCO,07D02C18S01,WILSON FRANCO 1,07,EL ORO,0701,MACHALA,"-3,26223","-79,99289",URBANO,VÍA PÚBLICA,PUBLICO,2026/01/17,19:30:00,ARMA DE FUEGO,PISTOLA,DELINCUENCIA COMÚN,AMENAZA,HERIDA POR ARMA DE FUEGO,53,A,HOMBRE,MASCULINO,MESTIZO/A,CASADO,ECUADOR,NINGUNA,ARTESANO/OFICIO,SIN_DATO
ASESINATO,ZONA 4,MANABÍ,PORTOVIEJO,SAN PABLO,13D01C05S01,SAN PABLO 1,13,MANABÍ,1301,PORTOVIEJO,"-1,0297","-80,4641",RURAL,CASA/VILLA,PRIVADO,2026/01/17,19:30:00,ARMA DE FUEGO,PISTOLA,DELINCUENCIA COMÚN,TRÁFICO INTERNO DE DROGAS (MICROTRÁFICO),HERIDA POR ARMA DE FUEGO,20,A,HOMBRE,MASCULINO,MESTIZO/A,SOLTERO,ECUADOR,NINGUNA,SIN_DATO,SIN_DATO
ASESINATO,ZONA 4,MANABÍ,PORTOVIEJO,SAN PABLO,13D01C05S01,SAN PABLO 1,13,MANABÍ,1301,PORTOVIEJO,"-1,0297","-80,4641",RURAL,CASA/VILLA,PRIVADO,2026/01/17,19:30:00,ARMA DE FUEGO,PISTOLA,DELINCUENCIA COMÚN,TRÁFICO INTERNO DE DROGAS (MICROTRÁFICO),HERIDA POR ARMA DE FUEGO,15,A,HOMBRE,MASCULINO,MESTIZO/A,SOLTERO,ECUADOR,NINGUNA,ESTADO PERSONAL,SIN_DATO
ASESINATO,ZONA 4,MANABÍ,PORTOVIEJO,SAN PABLO,13D01C05S01,SAN PABLO 1,13,MANABÍ,1301,PORTOVIEJO,"-1,0297","-80,4641",RURAL,CASA/VILLA,PRIVADO,2026/01/17,19:30:00,ARMA DE FUEGO,PISTOLA,DELINCUENCIA COMÚN,TRÁFICO INTERNO DE DROGAS (MICROTRÁFICO),HERIDA POR ARMA DE FUEGO,13,A,MUJER,FEMENINO,MESTIZO/A,SOLTERO,ECUADOR,NINGUNA,ESTADO PERSONAL,SIN_DATO
ASESINATO,ZONA 6,AZUAY,CUENCA SUR,MOLLETURO,01D02C10S01,MOLLETURO 1,01,AZUAY,0101,CUENCA,"-2,66826","-79,44999",URBANO,VÍA PÚBLICA,PUBLICO,2026/01/17,03:00:00,ARMA DE FUEGO,PISTOLA,DELINCUENCIA COMÚN,TRÁFICO INTERNO DE DROGAS (MICROTRÁFICO),HERIDA POR ARMA DE FUEGO,27,A,HOMBRE,MASCULINO,MESTIZO/A,NO DETERMINADO,VENEZUELA,NINGUNA,SIN_DATO,SIN_DATO
ASESINATO,ZONA 6,AZUAY,CUENCA SUR,MOLLETURO,01D02C10S01,MOLLETURO 1,01,AZUAY,0101,CUENCA,"-2,66826","-79,44999",URBANO,VÍA PÚBLICA,PUBLICO,2026/01/17,03:00:00,ARMA DE FUEGO,PISTOLA,DELINCUENCIA COMÚN,TRÁFICO INTERNO DE DROGAS (MICROTRÁFICO),HERIDA POR ARMA DE FUEGO,30,A,HOMBRE,MASCULINO,MESTIZO/A,NO DETERMINADO,VENEZUELA,NINGUNA,SIN_DATO,SIN_DATO
ASESINATO,ZONA 8,D.M. GUAYAQUIL,PASCUALES,PASCUALES,09D07C06S01,PASCUALES 1,09,GUAYAS,0901,GUAYAQUIL,"-2,07862","-79,92919",URBANO,VÍA PÚBLICA,PUBLICO,2026/01/16,21:10:00,ARMA DE FUEGO,PISTOLA,DELINCUENCIA COMÚN,AMENAZA,HERIDA POR ARMA DE FUEGO,24,A,HOMBRE,MASCULINO,MESTIZO/A,SOLTERO,ECUADOR,NINGUNA,SIN_DATO,SIN_DATO
ASESINATO,ZONA 8,D.M. GUAYAQUIL,PORTETE,PORTETE,09D04C04S04,PORTETE 4,09,GUAYAS,0901,GUAYAQUIL,"-2,19254","-79,92472",URBANO,VÍA PÚBLICA,PUBLICO,2026/01/17,23:00:00,ARMA DE FUEGO,PISTOLA,DELINCUENCIA COMÚN,AMENAZA,HERIDA POR ARMA DE FUEGO,50,A,HOMBRE,MASCULINO,MESTIZO/A,DIVORCIADO,ECUADOR,NINGUNA,ARTESANO/OFICIO,SIN_DATO
ASESINATO,ZONA 8,D.M. GUAYAQUIL,PROGRESO,PROGRESO,09D10C03S01,PROGRESO 1,09,GUAYAS,0901,GUAYAQUIL,"-2,1824","-80,08958",URBANO,LAGUNA - LAGO,PUBLICO,2026/01/17,10:00:00,ARMA DE FUEGO,OTRO,DELINCUENCIA COMÚN,AMENAZA,HERIDA POR ARMA DE FUEGO,SIN_DATO,SIN_DATO,HOMBRE,MASCULINO,MESTIZO/A,NO DETERMINADO,OTROS,NINGUNA,SIN_DATO,SIN_DATO
ASESINATO,ZONA 5,GUAYAS,EMPALME,EMPALME CENTRO,09D15C06S01,EMPALME CENTRO 1,09,GUAYAS,0908,EL EMPALME,"-1,04608","-79,62581",URBANO,CASA/VILLA,PRIVADO,2026/01/18,04:30:00,ARMA DE FUEGO,OTROS ARMA CORTA,DELINCUENCIA COMÚN,AMENAZA,HERIDA POR ARMA DE FUEGO,20,A,HOMBRE,MASCULINO,MESTIZO/A,SOLTERO,ECUADOR,NINGUNA,ESTADO PERSONAL,SIN_DATO
ASESINATO,ZONA 5,LOS RÍOS,BABAHOYO,POSA DE MATE,12D01C10S01,POSA DE MATE 1,12,LOS RÍOS,1201,BABAHOYO,"-1,68041","-79,55576",RURAL,VÍA PÚBLICA,PUBLICO,2026/01/17,11:30:00,ARMA DE FUEGO,PISTOLA,DELINCUENCIA COMÚN,AMENAZA,HERIDA POR ARMA DE FUEGO,36,A,HOMBRE,MASCULINO,MESTIZO/A,SOLTERO,ECUADOR,NINGUNA,SERVIDOR PÚBLICO,SIN_DATO
ASESINATO,ZONA 5,LOS RÍOS,BUENA FE,BUENA FE ESTE,12D06C04S01,BUENA FE ESTE 1,12,LOS RÍOS,1210,BUENA FE,"-0,88819","-79,48309",URBANO,VÍA PÚBLICA,PUBLICO,2026/01/18,03:30:00,ARMA DE FUEGO,PISTOLA,DELINCUENCIA COMÚN,AMENAZA,HERIDA POR ARMA DE FUEGO,23,A,HOMBRE,MASCULINO,MESTIZO/A,SOLTERO,ECUADOR,NINGUNA,ESTADO PERSONAL,SIN_DATO
ASESINATO,ZONA 5,LOS RÍOS,BUENA FE,BUENA FE ESTE,12D06C04S01,BUENA FE ESTE 1,12,LOS RÍOS,1210,BUENA FE,"-0,88819","-79,48309",URBANO,VÍA PÚBLICA,PUBLICO,2026/01/18,03:30:00,ARMA DE FUEGO,PISTOLA,DELINCUENCIA COMÚN,AMENAZA,HERIDA POR ARMA DE FUEGO,23,A,HOMBRE,MASCULINO,NO DETERMINADO,SOLTERO,ECUADOR,NINGUNA,ESTADO PERSONAL,SIN_DATO
ASESINATO,ZONA 7,EL ORO,PASAJE,VELASCO IBARRA,07D01C08S01,VELASCO IBARRA 1,07,EL ORO,0709,PASAJE,"-3,33898","-79,79162",URBANO,CASA/VILLA,PRIVADO,2026/01/17,21:45:00,ARMA DE FUEGO,PISTOLA,DELINCUENCIA COMÚN,AMENAZA,HERIDA POR ARMA DE FUEGO,28,A,HOMBRE,MASCULINO,MESTIZO/A,SOLTERO,ECUADOR,NINGUNA,ESTADO PERSONAL,SIN_DATO
HOMICIDIO,ZONA 6,CAÑAR,LA TRONCAL,TRONCAL OESTE,03D03C03S03,TRONCAL OESTE 3,03,CAÑAR,0304,LA TRONCAL,"-2,50645","-79,49573",RURAL,VÍA PÚBLICA,PUBLICO,2026/01/18,00:30:00,ARMA CONTUNDENTE,OBJETO CONTUSO,VIOLENCIA COMUNITARIA,RIÑAS,HERIDAS CONTUSAS,18,A,HOMBRE,MASCULINO,MESTIZO/A,SOLTERO,ECUADOR,NINGUNA,ESTADO PERSONAL,SIN_DATO
ASESINATO,ZONA 5,SANTA ELENA,LIBERTAD SALINAS,5 DE JUNIO,24D02C03S01,5 DE JUNIO 1,24,SANTA ELENA,2402,LA LIBERTAD,"-2,23195","-80,90611",URBANO,VÍA PÚBLICA,PUBLICO,2026/01/18,02:50:00,ARMA DE FUEGO,PISTOLA,DELINCUENCIA COMÚN,AMENAZA,HERIDA POR ARMA DE FUEGO,20,A,HOMBRE,MASCULINO,MESTIZO/A,NO DETERMINADO,ECUADOR,NINGUNA,BACHILLER CIENCIAS,SIN_DATO
ASESINATO,ZONA 4,MANABÍ,CHONE,CENTRO,13D07C04S01,CENTRO 1,13,MANABÍ,1303,CHONE,"-0,6999","-80,08903",URBANO,VÍA PÚBLICA,PUBLICO,2026/01/16,03:00:00,OTROS,NINGUNA,VIOLENCIA COMUNITARIA,RIÑAS,HERIDAS CONTUSAS,32,A,HOMBRE,MASCULINO,MESTIZO/A,SOLTERO,ECUADOR,NINGUNA,ESTADO PERSONAL,SIN_DATO
ASESINATO,ZONA 7,EL ORO,MACHALA,MACHALA OCCIDENTAL,07D02C05S01,MACHALA OCCIDENTAL 1,07,EL ORO,0701,MACHALA,"-3,25894","-79,94209",URBANO,VÍA PÚBLICA,PUBLICO,2026/01/18,05:46:00,ARMA DE FUEGO,PISTOLA,DELINCUENCIA COMÚN,AMENAZA,HERIDA POR ARMA DE FUEGO,18,A,HOMBRE,MASCULINO,MESTIZO/A,SOLTERO,ECUADOR,NINGUNA,ESTADO PERSONAL,SIN_DATO
ASESINATO,ZONA 5,GUAYAS,DAULE,JUAN BAUTISTA AGUIRRE,09D19C02S02,JUAN BAUTISTA AGUIRRE 2,09,GUAYAS,0906,DAULE,"-2,05457","-79,88048",URBANO,BARES,PRIVADO,2026/01/18,01:00:00,ARMA DE FUEGO,PISTOLA,DELINCUENCIA COMÚN,AMENAZA,HERIDA POR ARMA DE FUEGO,55,A,HOMBRE,MASCULINO,MESTIZO/A,SOLTERO,ECUADOR,NINGUNA,TRABAJADOR GENERAL,SIN_DATO
ASESINATO,ZONA 5,GUAYAS,EL TRIUNFO BUCAY,EL TRIUNFO CENTRO,09D16C03S01,EL TRIUNFO CENTRO 1,09,GUAYAS,0909,EL TRIUNFO,"-2,32159","-79,39296",URBANO,VÍA PÚBLICA,PUBLICO,2026/01/17,23:00:00,ARMA DE FUEGO,PISTOLA,DELINCUENCIA COMÚN,AMENAZA,HERIDA POR ARMA DE FUEGO,29,A,HOMBRE,MASCULINO,MESTIZO/A,SOLTERO,ECUADOR,NINGUNA,ESTADO PERSONAL,SIN_DATO
ASESINATO,ZONA 2,PICHINCHA,CAYAMBE,TABACUNDO,17D10C07S01,TABACUNDO 1,17,PICHINCHA,1704,PEDRO MONCAYO,"0,06127","-78,23295",RURAL,BOSQUE Y RESERVAS ECOLÓGICAS,PUBLICO,2026/01/18,00:30:00,ARMA DE FUEGO,PISTOLA,DELINCUENCIA COMÚN,AMENAZA,HERIDA POR ARMA DE FUEGO,30,A,HOMBRE,MASCULINO,MESTIZO/A,SOLTERO,COLOMBIA,NINGUNA,SIN_DATO,SIN_DATO
ASESINATO,ZONA 3,TUNGURAHUA,AMBATO SUR,PICAIHUA,18D02C11S01,PICAIHUA 1,18,TUNGURAHUA,1801,AMBATO,"-1,30647","-78,61615",RURAL,VÍA PÚBLICA,PUBLICO,2026/01/17,22:44:00,ARMA DE FUEGO,PISTOLA,DELINCUENCIA COMÚN,AMENAZA,HERIDA POR ARMA DE FUEGO,28,A,HOMBRE,MASCULINO,MESTIZO/A,SOLTERO,ECUADOR,NINGUNA,SIN_DATO,NINGUNA
ASESINATO,ZONA 5,LOS RÍOS,PUEBLO VIEJO,PUEBLO VIEJO,12D02C01S01,PUEBLO VIEJO 1,12,LOS RÍOS,1204,PUEBLOVIEJO,"-1,4727","-79,50674",RURAL,VÍA PÚBLICA,PUBLICO,2026/01/17,23:00:00,ARMA DE FUEGO,PISTOLA,DELINCUENCIA COMÚN,AMENAZA,HERIDA POR ARMA DE FUEGO,58,A,HOMBRE,MASCULINO,MESTIZO/A,EN UNION DE HECHO,ECUADOR,NINGUNA,ESTADO PERSONAL,SIN_DATO
ASESINATO,ZONA 5,LOS RÍOS,PUEBLO VIEJO,PUEBLO VIEJO,12D02C01S01,PUEBLO VIEJO 1,12,LOS RÍOS,1204,PUEBLOVIEJO,"-1,4727","-79,50674",RURAL,VÍA PÚBLICA,PUBLICO,2026/01/17,23:00:00,ARMA DE FUEGO,PISTOLA,DELINCUENCIA COMÚN,AMENAZA,HERIDA POR ARMA DE FUEGO,37,A,HOMBRE,MASCULINO,MESTIZO/A,SOLTERO,ECUADOR,NINGUNA,TRABAJADOR GENERAL,PRIMARIA
ASESINATO,ZONA 5,GUAYAS,DAULE,JUAN BAUTISTA AGUIRRE,09D19C02S02,JUAN BAUTISTA AGUIRRE 2,09,GUAYAS,0906,DAULE,"-2,05537","-79,88022",URBANO,VÍA PÚBLICA,PUBLICO,2026/01/18,01:30:00,ARMA DE FUEGO,PISTOLA,DELINCUENCIA COMÚN,AMENAZA,HERIDA POR ARMA DE FUEGO,36,A,HOMBRE,MASCULINO,MULATO/A,SOLTERO,ECUADOR,NINGUNA,ARTESANO/OFICIO,SIN_DATO
ASESINATO,ZONA 5,GUAYAS,DAULE,JUAN BAUTISTA AGUIRRE,09D19C02S02,JUAN BAUTISTA AGUIRRE 2,09,GUAYAS,0906,DAULE,"-2,05537","-79,88022",URBANO,VÍA PÚBLICA,PUBLICO,2026/01/18,01:30:00,ARMA DE FUEGO,PISTOLA,DELINCUENCIA COMÚN,AMENAZA,HERIDA POR ARMA DE FUEGO,58,A,HOMBRE,MASCULINO,MESTIZO/A,SOLTERO,ECUADOR,NINGUNA,TRABAJADOR DE SERVICIOS,SIN_DATO
ASESINATO,ZONA 5,GUAYAS,SALITRE,SALITRE NORTE,09D20C01S01,SALITRE NORTE 1,09,GUAYAS,0919,SALITRE,"-1,8233","-79,79207",RURAL,VÍA PÚBLICA,PUBLICO,2026/01/18,02:30:00,OTROS,NINGUNA,DELINCUENCIA COMÚN,AMENAZA,QUEMADURAS,37,A,HOMBRE,MASCULINO,OTROS,SOLTERO,ECUADOR,NINGUNA,TRABAJADOR GENERAL,SIN_DATO
ASESINATO,ZONA 5,LOS RÍOS,BABAHOYO,PIMOCHA,12D01C11S02,PIMOCHA 2,12,LOS RÍOS,1201,BABAHOYO,"-1,82505","-79,56393",RURAL,CASA/VILLA,PRIVADO,2026/01/18,06:00:00,ARMA BLANCA,CUCHILLO,VIOLENCIA COMUNITARIA,RIÑAS,HERIDA POR ARMA BLANCA,70,A,HOMBRE,MASCULINO,MESTIZO/A,SOLTERO,ECUADOR,FISICA,AYUDANTE/JORNALERO,SIN_DATO
ASESINATO,ZONA 8,D.M. GUAYAQUIL,FLORIDA,FLORIDA,09D06C05S02,FLORIDA 2,09,GUAYAS,0901,GUAYAQUIL,"-2,125","-79,93905",URBANO,VÍA PÚBLICA,PUBLICO,2026/01/18,01:15:00,ARMA DE FUEGO,PISTOLA,DELINCUENCIA COMÚN,TRÁFICO INTERNO DE DROGAS (MICROTRÁFICO),HERIDA POR ARMA DE FUEGO,28,A,HOMBRE,MASCULINO,MESTIZO/A,SOLTERO,ECUADOR,NINGUNA,BACHILLER CIENCIAS,SIN_DATO
ASESINATO,ZONA 8,D.M. GUAYAQUIL,FLORIDA,FLORIDA,09D06C05S02,FLORIDA 2,09,GUAYAS,0901,GUAYAQUIL,"-2,125","-79,93905",URBANO,VÍA PÚBLICA,PUBLICO,2026/01/18,01:15:00,ARMA DE FUEGO,PISTOLA,DELINCUENCIA COMÚN,AMENAZA,HERIDA POR ARMA DE FUEGO,24,A,HOMBRE,MASCULINO,MESTIZO/A,SOLTERO,ECUADOR,NINGUNA,ESTADO PERSONAL,SIN_DATO
ASESINATO,ZONA 8,D.M. GUAYAQUIL,FLORIDA,FLORIDA,09D06C05S02,FLORIDA 2,09,GUAYAS,0901,GUAYAQUIL,"-2,125","-79,93905",URBANO,VÍA PÚBLICA,PUBLICO,2026/01/18,01:15:00,ARMA DE FUEGO,PISTOLA,DELINCUENCIA COMÚN,AMENAZA,HERIDA POR ARMA DE FUEGO,27,A,HOMBRE,MASCULINO,MESTIZO/A,SOLTERO,ECUADOR,NINGUNA,BACHILLER CIENCIAS,SIN_DATO
ASESINATO,ZONA 8,D.M. GUAYAQUIL,PROGRESO,POSORJA,09D10C02S01,POSORJA 1,09,GUAYAS,0901,GUAYAQUIL,"-2,70409","-80,26331",RURAL,VÍA PÚBLICA,PUBLICO,2026/01/18,10:00:00,ARMA DE FUEGO,OTROS ARMA CORTA,DELINCUENCIA COMÚN,AMENAZA,HERIDA POR ARMA DE FUEGO,28,A,HOMBRE,MASCULINO,NO DETERMINADO,NO DETERMINADO,NO DETERMINADO,NINGUNA,SIN_DATO,SIN_DATO
ASESINATO,ZONA 8,D.M. GUAYAQUIL,9 DE OCTUBRE,9 DE OCTUBRE,09D03C03S02,9 DE OCTUBRE 2,09,GUAYAS,0901,GUAYAQUIL,"-2,1852","-79,88223",URBANO,VÍA PÚBLICA,PUBLICO,2026/01/18,18:20:00,ARMA DE FUEGO,PISTOLA,DELINCUENCIA COMÚN,TRÁFICO INTERNO DE DROGAS (MICROTRÁFICO),HERIDA POR ARMA DE FUEGO,37,A,HOMBRE,MASCULINO,MESTIZO/A,SOLTERO,ECUADOR,NINGUNA,TRABAJADOR GENERAL,SIN_DATO
ASESINATO,ZONA 8,D.M. GUAYAQUIL,SUR - DMG,GUASMO,09D01C01S02,GUASMO 2,09,GUAYAS,0901,GUAYAQUIL,"-2,27386","-79,88477",URBANO,VÍA PÚBLICA,PUBLICO,2026/01/19,00:00:00,ARMA DE FUEGO,PISTOLA,DELINCUENCIA COMÚN,TRÁFICO INTERNO DE DROGAS (MICROTRÁFICO),HERIDA POR ARMA DE FUEGO,32,A,HOMBRE,MASCULINO,MESTIZO/A,SOLTERO,ECUADOR,NINGUNA,MAESTRO DE OBRA/CONSTRUCCIÓN,SIN_DATO
HOMICIDIO,ZONA 9,D.M. QUITO,EUGENIO ESPEJO,DAMMER,17D05C07S01,DAMMER 1,17,PICHINCHA,1701,QUITO,"-0,15227","-78,47254",URBANO,CENTROS DE REHABILITACIÓN SOCIAL,PRIVADO,2026/01/19,03:00:00,OTROS,NINGUNA,DELINCUENCIA COMÚN,AMENAZA,ESTRANGULACION,27,A,HOMBRE,NO BINARIO,MESTIZO/A,SOLTERO,ECUADOR,NINGUNA,BACHILLER CIENCIAS,SIN_DATO
HOMICIDIO,ZONA 9,D.M. QUITO,EUGENIO ESPEJO,DAMMER,17D05C07S01,DAMMER 1,17,PICHINCHA,1701,QUITO,"-0,15227","-78,47254",URBANO,CENTROS DE REHABILITACIÓN SOCIAL,PRIVADO,2026/01/19,03:00:00,OTROS,NINGUNA,DELINCUENCIA COMÚN,AMENAZA,ESTRANGULACION,40,A,HOMBRE,MASCULINO,MESTIZO/A,SOLTERO,ECUADOR,NINGUNA,ESTADO PERSONAL,BACHILLERATO
ASESINATO,ZONA 5,LOS RÍOS,BUENA FE,PATRICIA PILAR,12D06C05S01,PATRICIA PILAR 1,12,LOS RÍOS,1210,BUENA FE,"-0,54843","-79,37591",RURAL,VÍA PÚBLICA,PUBLICO,2026/01/19,00:30:00,ARMA DE FUEGO,OTROS ARMA LARGA,DELINCUENCIA COMÚN,ROBO A DOMICILIOS,HERIDA POR ARMA DE FUEGO,45,A,HOMBRE,MASCULINO,MESTIZO/A,SOLTERO,ECUADOR,NINGUNA,TRABAJADOR PRIMARIO,SIN_DATO
ASESINATO,ZONA 8,D.M. GUAYAQUIL,PASCUALES,PASCUALES,09D07C06S04,PASCUALES 4,09,GUAYAS,0901,GUAYAQUIL,"-2,07242","-79,92999",URBANO,VÍA PÚBLICA,PUBLICO,2026/01/18,19:30:00,ARMA DE FUEGO,OTROS ARMA CORTA,DELINCUENCIA COMÚN,TRÁFICO INTERNO DE DROGAS (MICROTRÁFICO),HERIDA POR ARMA DE FUEGO,SIN_DATO,SIN_DATO,HOMBRE,MASCULINO,MESTIZO/A,NO DETERMINADO,ECUADOR,NINGUNA,SIN_DATO,SIN_DATO
FEMICIDIO,ZONA 2,ORELLANA,ORELLANA LORETO,PAYAMINO,22D02C03S01,PAYAMINO 1,22,ORELLANA,2204,LORETO,"-0,50739","-77,15799",RURAL,CASA/VILLA,PRIVADO,2026/01/18,19:00:00,ARMA DE FUEGO,OTROS ARMA LARGA,VIOLENCIA INTRAFAMILIAR,MALTRATO,HERIDA POR ARMA DE FUEGO,37,A,MUJER,FEMENINO,INDIGENA,SOLTERO,ECUADOR,NINGUNA,BACHILLER TÉCNICO,SIN_DATO
ASESINATO,ZONA 7,EL ORO,PASAJE,BARBONES,07D01C05S01,BARBONES 1,07,EL ORO,0706,EL GUABO,"-3,20593","-79,85673",RURAL,VÍA PÚBLICA,PUBLICO,2026/01/06,16:45:00,ARMA DE FUEGO,PISTOLA,DELINCUENCIA COMÚN,TRÁFICO INTERNO DE DROGAS (MICROTRÁFICO),HERIDA POR ARMA DE FUEGO,35,A,HOMBRE,MASCULINO,MESTIZO/A,SOLTERO,ECUADOR,NINGUNA,BACHILLER TÉCNICO,SIN_DATO
ASESINATO,ZONA 4,MANABÍ,PORTOVIEJO,PORTOVIEJO,13D01C06S02,PORTOVIEJO 2,13,MANABÍ,1301,PORTOVIEJO,"-1,04953","-80,46412",URBANO,CENTROS COMERCIALES,PRIVADO,2026/01/19,05:30:00,ARMA DE FUEGO,PISTOLA,DELINCUENCIA COMÚN,ROBO A PERSONAS,HERIDA POR ARMA DE FUEGO,54,A,HOMBRE,MASCULINO,MESTIZO/A,VIUDO,ECUADOR,NINGUNA,TRABAJADOR GENERAL,SIN_DATO
ASESINATO,ZONA 5,LOS RÍOS,QUEVEDO,DIVINO NIÑO,12D03C06S02,DIVINO NIÑO 2,12,LOS RÍOS,1205,QUEVEDO,"-1,02713","-79,45443",URBANO,VÍA PÚBLICA,PUBLICO,2026/01/18,15:45:00,ARMA DE FUEGO,PISTOLA,DELINCUENCIA COMÚN,AMENAZA,HERIDA POR ARMA DE FUEGO,17,A,HOMBRE,MASCULINO,MESTIZO/A,SOLTERO,ECUADOR,NINGUNA,ESTADO PERSONAL,SIN_DATO
ASESINATO,ZONA 5,LOS RÍOS,BABAHOYO,PUERTA NEGRA,12D01C02S01,PUERTA NEGRA 1,12,LOS RÍOS,1201,BABAHOYO,"-1,7871","-79,50431",RURAL,VÍA PÚBLICA,PUBLICO,2026/01/18,22:30:00,ARMA DE FUEGO,PISTOLA,DELINCUENCIA COMÚN,AMENAZA,HERIDA POR ARMA DE FUEGO,24,A,MUJER,FEMENINO,MESTIZO/A,SOLTERO,ECUADOR,NINGUNA,ESTADO PERSONAL,BASICA
ASESINATO,ZONA 6,AZUAY,CUENCA SUR,CUMBE,01D02C15S01,CUMBE 1,01,AZUAY,0101,CUENCA,"-3,09018","-79,08261",RURAL,CASA/VILLA,PRIVADO,2026/01/18,22:00:00,ARMA DE FUEGO,PISTOLA,DELINCUENCIA COMÚN,AMENAZA,HERIDA POR ARMA DE FUEGO,23,A,HOMBRE,MASCULINO,MESTIZO/A,SOLTERO,ECUADOR,NINGUNA,ESTADO PERSONAL,SIN_DATO
ASESINATO,ZONA 1,ESMERALDAS,ESMERALDAS,SANTA MARTHA,08D01C12S01,SANTA MARTHA 1,08,ESMERALDAS,0801,ESMERALDAS,"0,97118","-79,64904",URBANO,VÍA PÚBLICA,PUBLICO,2026/01/19,10:30:00,ARMA DE FUEGO,FUSIL,DELINCUENCIA COMÚN,AMENAZA,HERIDA POR ARMA BLANCA,30,A,HOMBRE,MASCULINO,AFRO,SOLTERO,ECUADOR,NINGUNA,TRABAJADOR COMERCIAL,SIN_DATO
ASESINATO,ZONA 1,ESMERALDAS,ESMERALDAS,SANTA MARTHA,08D01C12S01,SANTA MARTHA 1,08,ESMERALDAS,0801,ESMERALDAS,"0,97118","-79,64904",URBANO,VÍA PÚBLICA,PUBLICO,2026/01/19,10:30:00,ARMA DE FUEGO,FUSIL,DELINCUENCIA COMÚN,AMENAZA,HERIDA POR ARMA DE FUEGO,27,A,HOMBRE,MASCULINO,AFRO,SOLTERO,ECUADOR,NINGUNA,BACHILLER CIENCIAS,SIN_DATO
ASESINATO,ZONA 6,MORONA SANTIAGO,SANGAY,HUAMBOYA,14D02C03S01,HUAMBOYA 1,14,MORONA SANTIAGO,1407,HUAMBOYA,"-1,99892","-77,94322",RURAL,VÍA PÚBLICA,PUBLICO,2026/01/19,12:30:00,ARMA DE FUEGO,PISTOLA,DELINCUENCIA COMÚN,ROBO A PERSONAS,HERIDA POR ARMA BLANCA,33,A,HOMBRE,MASCULINO,MESTIZO/A,SOLTERO,COLOMBIA,NINGUNA,SIN_DATO,SIN_DATO
ASESINATO,ZONA 6,CAÑAR,LA TRONCAL,TRONCAL CENTRO,03D03C02S01,TRONCAL CENTRO 1,03,CAÑAR,0304,LA TRONCAL,"-2,34938","-79,31205",RURAL,MAR,PUBLICO,2026/01/16,22:00:00,ARMA DE FUEGO,PISTOLA,DELINCUENCIA COMÚN,AMENAZA,HERIDA POR ARMA DE FUEGO,47,A,HOMBRE,MASCULINO,MESTIZO/A,SOLTERO,ECUADOR,NINGUNA,TRABAJADOR GENERAL,SIN_DATO
ASESINATO,ZONA 8,D.M. GUAYAQUIL,9 DE OCTUBRE,GARAY,09D03C04S01,GARAY 1,09,GUAYAS,0901,GUAYAQUIL,"-2,20027","-79,89707",URBANO,VÍA PÚBLICA,PUBLICO,2026/01/20,00:24:00,ARMA DE FUEGO,PISTOLA,DELINCUENCIA COMÚN,AMENAZA,HERIDA POR ARMA DE FUEGO,17,A,HOMBRE,MASCULINO,MESTIZO/A,SOLTERO,ECUADOR,NINGUNA,SIN_DATO,SIN_DATO
ASESINATO,ZONA 5,LOS RÍOS,BUENA FE,PATRICIA PILAR,12D06C05S01,PATRICIA PILAR 1,12,LOS RÍOS,1210,BUENA FE,"-0,56971","-79,37266",RURAL,CASA/VILLA,PRIVADO,2026/01/20,02:00:00,ARMA DE FUEGO,PISTOLA,DELINCUENCIA COMÚN,AMENAZA,HERIDA POR ARMA DE FUEGO,54,A,HOMBRE,MASCULINO,MESTIZO/A,SOLTERO,ECUADOR,NINGUNA,AYUDANTE/JORNALERO,SIN_DATO
ASESINATO,ZONA 5,SANTA ELENA,LIBERTAD SALINAS,ENRÍQUEZ GALLO,24D02C04S01,ENRÍQUEZ GALLO 1,24,SANTA ELENA,2402,LA LIBERTAD,"-2,24039","-80,88679",URBANO,VÍA PÚBLICA,PUBLICO,2026/01/19,20:15:00,ARMA DE FUEGO,PISTOLA,DELINCUENCIA COMÚN,AMENAZA,HERIDA POR ARMA DE FUEGO,20,A,HOMBRE,MASCULINO,MESTIZO/A,SOLTERO,ECUADOR,NINGUNA,ESTADO PERSONAL,SIN_DATO
ASESINATO,ZONA 5,GUAYAS,PEDRO CARBO,SABANILLA,09D14C03S01,SABANILLA 1,09,GUAYAS,0914,PEDRO CARBO,"-1,82409","-80,18759",RURAL,VÍA PÚBLICA,PUBLICO,2026/01/19,14:30:00,ARMA BLANCA,CORTO PUNZANTE,DELINCUENCIA COMÚN,AMENAZA,HERIDA POR ARMA BLANCA,29,A,HOMBRE,MASCULINO,MESTIZO/A,SOLTERO,ECUADOR,NINGUNA,TRABAJADOR PRIMARIO,SIN_DATO
ASESINATO,ZONA 5,LOS RÍOS,BUENA FE,PATRICIA PILAR,12D06C05S01,PATRICIA PILAR 1,12,LOS RÍOS,1210,BUENA FE,"-0,55712","-79,37323",URBANO,CASA/VILLA,PRIVADO,2026/01/19,00:15:00,ARMA DE FUEGO,PISTOLA,DELINCUENCIA COMÚN,ROBO A DOMICILIOS,HERIDA POR ARMA DE FUEGO,34,A,HOMBRE,MASCULINO,MESTIZO/A,SOLTERO,ECUADOR,NINGUNA,TRABAJADOR GENERAL,SIN_DATO
ASESINATO,ZONA 5,LOS RÍOS,VENTANAS,LA ERCILIA,12D04C03S01,LA ERCILIA 1,12,LOS RÍOS,1207,VENTANAS,"-1,32333","-79,41665",RURAL,FINCA,PRIVADO,2026/01/16,21:00:00,ARMA BLANCA,CORTO PUNZANTE,DELINCUENCIA COMÚN,AMENAZA,HERIDA POR ARMA BLANCA,16,A,HOMBRE,MASCULINO,MESTIZO/A,SOLTERO,ECUADOR,NINGUNA,SIN_DATO,SIN_DATO
ASESINATO,ZONA 8,D.M. GUAYAQUIL,PASCUALES,PASCUALES,09D07C06S01,PASCUALES 1,09,GUAYAS,0901,GUAYAQUIL,"-2,07668","-79,93501",URBANO,CASA/VILLA,PRIVADO,2026/01/20,03:03:00,ARMA DE FUEGO,PISTOLA,DELINCUENCIA COMÚN,AMENAZA,HERIDA POR ARMA DE FUEGO,20,A,HOMBRE,MASCULINO,MESTIZO/A,SOLTERO,ECUADOR,NINGUNA,BACHILLER CIENCIAS,SIN_DATO
FEMICIDIO,ZONA 9,D.M. QUITO,CALDERÓN,BICENTENARIO,17D02C08S01,BICENTENARIO 1,17,PICHINCHA,1701,QUITO,"-0,06916","-78,44655",URBANO,VÍA PÚBLICA,PUBLICO,2026/01/15,20:00:00,OTROS,NINGUNA,DELINCUENCIA COMÚN,AMENAZA,ESTRANGULACION,21,A,MUJER,FEMENINO,MESTIZO/A,SOLTERO,ECUADOR,NINGUNA,BACHILLER CIENCIAS,SIN_DATO
ASESINATO,ZONA 5,BOLÍVAR,SUBTRÓPICO,LAS NAVES,02D04C03S01,LAS NAVES 1,02,BOLÍVAR,0207,LAS NAVES,"-1,29038","-79,31086",RURAL,TERRENO BALDÍO,PUBLICO,2026/01/19,17:30:00,ARMA DE FUEGO,PISTOLA,DELINCUENCIA COMÚN,AMENAZA,HERIDA POR ARMA DE FUEGO,21,A,HOMBRE,MASCULINO,MESTIZO/A,SOLTERO,ECUADOR,NINGUNA,ESTADO PERSONAL,SIN_DATO
ASESINATO,ZONA 5,BOLÍVAR,SUBTRÓPICO,LAS NAVES,02D04C03S01,LAS NAVES 1,02,BOLÍVAR,0207,LAS NAVES,"-1,29038","-79,31086",RURAL,TERRENO BALDÍO,PUBLICO,2026/01/19,17:30:00,ARMA DE FUEGO,PISTOLA,DELINCUENCIA COMÚN,AMENAZA,HERIDA POR ARMA DE FUEGO,22,A,HOMBRE,MASCULINO,MESTIZO/A,SOLTERO,ECUADOR,NINGUNA,ESTADO PERSONAL,SIN_DATO
ASESINATO,ZONA 4,STO DGO DE LOS TSÁCHILAS,SANTO DOMINGO ESTE,SANTA MARTHA SUR,23D01C04S03,SANTA MARTHA SUR 3,23,STO DGO DE LOS TSÁCHILAS,2301,SANTO DOMINGO,"-0,276","-79,17519",URBANO,CASA/VILLA,PRIVADO,2026/01/19,14:30:00,ARMA DE FUEGO,PISTOLA,DELINCUENCIA COMÚN,AMENAZA,HERIDA POR ARMA DE FUEGO,29,A,HOMBRE,MASCULINO,MESTIZO/A,SOLTERO,ECUADOR,NINGUNA,ESTADO PERSONAL,BASICA
ASESINATO,ZONA 1,IMBABURA,VALLE DEL AMANECER,SAN LUIS,10D02C08S01,SAN LUIS 1,10,IMBABURA,1004,OTAVALO,"0,22804","-78,26536",URBANO,VÍA PÚBLICA,PUBLICO,2026/01/19,17:10:00,ARMA DE FUEGO,PISTOLA,DELINCUENCIA COMÚN,AMENAZA,HERIDA POR ARMA DE FUEGO,45,A,HOMBRE,MASCULINO,MESTIZO/A,SOLTERO,ECUADOR,NINGUNA,TRABAJADOR GENERAL,SIN_DATO
ASESINATO,ZONA 1,IMBABURA,VALLE DEL AMANECER,SAN LUIS,10D02C08S01,SAN LUIS 1,10,IMBABURA,1004,OTAVALO,"0,22804","-78,26536",URBANO,VÍA PÚBLICA,PUBLICO,2026/01/19,17:10:00,ARMA DE FUEGO,PISTOLA,DELINCUENCIA COMÚN,AMENAZA,HERIDA POR ARMA DE FUEGO,39,A,HOMBRE,MASCULINO,MESTIZO/A,CASADO,ECUADOR,NINGUNA,ESTADO PERSONAL,SUPERIOR
ASESINATO,ZONA 5,SANTA ELENA,SANTA ELENA,SANTA ELENA CENTRO,24D01C04S04,SANTA ELENA CENTRO 4,24,SANTA ELENA,2401,SANTA ELENA,"-2,23135","-80,85295",URBANO,VÍA PÚBLICA,PUBLICO,2026/01/20,11:46:00,ARMA DE FUEGO,PISTOLA,DELINCUENCIA COMÚN,AMENAZA,HERIDA POR ARMA DE FUEGO,39,A,HOMBRE,MASCULINO,MESTIZO/A,SOLTERO,ECUADOR,NINGUNA,ABOGADO,SIN_DATO
ASESINATO,ZONA 7,EL ORO,MACHALA,CRISTO DEL CONSUELO,07D02C16S01,CRISTO DEL CONSUELO 1,07,EL ORO,0701,MACHALA,"-3,24404","-79,95911",URBANO,CASA/VILLA,PRIVADO,2026/01/20,20:35:00,ARMA DE FUEGO,PISTOLA,DELINCUENCIA COMÚN,TRÁFICO INTERNO DE DROGAS (MICROTRÁFICO),HERIDA POR ARMA DE FUEGO,27,A,MUJER,FEMENINO,AFRO,SOLTERO,ECUADOR,NINGUNA,ESTADO PERSONAL,SIN_DATO
ASESINATO,ZONA 5,LOS RÍOS,VINCES,VINCES CENTRO,12D05C08S01,VINCES CENTRO 1,12,LOS RÍOS,1208,VINCES,"-1,54758","-79,74891",URBANO,VÍA PÚBLICA,PUBLICO,2026/01/20,16:40:00,ARMA DE FUEGO,FUSIL,DELINCUENCIA COMÚN,AMENAZA,HERIDA POR ARMA DE FUEGO,18,A,HOMBRE,MASCULINO,MESTIZO/A,SOLTERO,ECUADOR,NINGUNA,BACHILLER CIENCIAS,SIN_DATO
ASESINATO,ZONA 5,LOS RÍOS,VINCES,VINCES CENTRO,12D05C08S01,VINCES CENTRO 1,12,LOS RÍOS,1208,VINCES,"-1,54758","-79,74891",URBANO,VÍA PÚBLICA,PUBLICO,2026/01/20,16:40:00,ARMA DE FUEGO,PISTOLA,DELINCUENCIA COMÚN,AMENAZA,HERIDA POR ARMA DE FUEGO,20,A,HOMBRE,MASCULINO,MESTIZO/A,SOLTERO,ECUADOR,NINGUNA,ESTADO PERSONAL,SIN_DATO
ASESINATO,ZONA 5,LOS RÍOS,VINCES,VINCES CENTRO,12D05C08S01,VINCES CENTRO 1,12,LOS RÍOS,1208,VINCES,"-1,55123","-79,7498",URBANO,VÍA PÚBLICA,PUBLICO,2026/01/20,16:50:00,ARMA DE FUEGO,PISTOLA,DELINCUENCIA COMÚN,AMENAZA,HERIDA POR ARMA DE FUEGO,19,A,HOMBRE,MASCULINO,MESTIZO/A,SOLTERO,ECUADOR,NINGUNA,BACHILLER CIENCIAS,SIN_DATO
ASESINATO,ZONA 8,D.M. GUAYAQUIL,MODELO,SAUCES,09D05C02S06,SAUCES 6,09,GUAYAS,0901,GUAYAQUIL,"-2,12469","-79,90022",URBANO,CASA/VILLA,PRIVADO,2026/01/21,00:30:00,ARMA DE FUEGO,PISTOLA,DELINCUENCIA COMÚN,ROBO A PERSONAS,HERIDA POR ARMA DE FUEGO,15,A,HOMBRE,MASCULINO,MESTIZO/A,SOLTERO,ECUADOR,NINGUNA,SIN_DATO,SIN_DATO
ASESINATO,ZONA 8,D.M. GUAYAQUIL,MODELO,SAUCES,09D05C02S06,SAUCES 6,09,GUAYAS,0901,GUAYAQUIL,"-2,12469","-79,90022",URBANO,CASA/VILLA,PRIVADO,2026/01/21,00:30:00,ARMA DE FUEGO,PISTOLA,DELINCUENCIA COMÚN,ROBO A PERSONAS,HERIDA POR ARMA DE FUEGO,21,A,HOMBRE,MASCULINO,BLANCO/A,SOLTERO,ECUADOR,NINGUNA,SIN_DATO,SIN_DATO
ASESINATO,ZONA 8,D.M. GUAYAQUIL,PASCUALES,PASCUALES,09D07C06S02,PASCUALES 2,09,GUAYAS,0901,GUAYAQUIL,"-2,07044","-79,92898",URBANO,VÍA PÚBLICA,PUBLICO,2026/01/20,18:00:00,ARMA DE FUEGO,PISTOLA,DELINCUENCIA COMÚN,AMENAZA,HERIDA POR ARMA DE FUEGO,19,A,HOMBRE,MASCULINO,MESTIZO/A,SOLTERO,ECUADOR,NINGUNA,ESTADO PERSONAL,SIN_DATO
ASESINATO,ZONA 3,COTOPAXI,DANSANTE,LA ESPERANZA,05D04C03S01,LA ESPERANZA 1,05,COTOPAXI,0504,PUJILÍ,"-0,88297","-79,06077",RURAL,VÍA PÚBLICA,PUBLICO,2026/01/19,01:00:00,ARMA DE FUEGO,PISTOLA,DELINCUENCIA COMÚN,AMENAZA,HERIDA POR ARMA DE FUEGO,39,A,HOMBRE,MASCULINO,MESTIZO/A,SOLTERO,ECUADOR,NINGUNA,TRABAJADOR GENERAL,SIN_DATO
ASESINATO,ZONA 8,D.M. GUAYAQUIL,SUR - DMG,CENTENARIO,09D01C05S01,CENTENARIO 1,09,GUAYAS,0901,GUAYAQUIL,"-2,23081","-79,89411",URBANO,VÍA PÚBLICA,PUBLICO,2026/01/20,23:00:00,ARMA DE FUEGO,PISTOLA,DELINCUENCIA COMÚN,AMENAZA,HERIDA POR ARMA DE FUEGO,41,A,HOMBRE,MASCULINO,MESTIZO/A,CASADO,ECUADOR,NINGUNA,SERVIDOR PÚBLICO,SIN_DATO
ASESINATO,ZONA 5,LOS RÍOS,BABAHOYO,LA ESMERALDA,12D01C19S02,LA ESMERALDA 2,12,LOS RÍOS,1203,MONTALVO,"-1,81592","-79,35873",URBANO,HACIENDAS,PRIVADO,2026/01/20,10:50:00,ARMA DE FUEGO,PISTOLA,DELINCUENCIA COMÚN,AMENAZA,HERIDA POR ARMA DE FUEGO,39,A,HOMBRE,MASCULINO,MESTIZO/A,SOLTERO,ECUADOR,NINGUNA,TRABAJADOR PRIMARIO,SIN_DATO
ASESINATO,ZONA 8,D.M. GUAYAQUIL,SUR - DMG,CENTENARIO,09D01C05S01,CENTENARIO 1,09,GUAYAS,0901,GUAYAQUIL,"-2,23081","-79,89411",URBANO,VÍA PÚBLICA,PUBLICO,2026/01/20,23:00:00,ARMA DE FUEGO,PISTOLA,DELINCUENCIA COMÚN,AMENAZA,HERIDA POR ARMA DE FUEGO,32,A,MUJER,FEMENINO,MESTIZO/A,SOLTERO,ECUADOR,NINGUNA,ESTADO PERSONAL,SIN_DATO
ASESINATO,ZONA 5,GUAYAS,DAULE,SANTA LUCÍA,09D19C07S01,SANTA LUCÍA 1,09,GUAYAS,0918,SANTA LUCÍA,"-1,7166","-79,98837",URBANO,VÍA PÚBLICA,PUBLICO,2026/01/21,06:00:00,ARMA DE FUEGO,PISTOLA,DELINCUENCIA COMÚN,AMENAZA,HERIDA POR ARMA DE FUEGO,26,A,HOMBRE,MASCULINO,MESTIZO/A,SOLTERO,ECUADOR,NINGUNA,BACHILLER CIENCIAS,SIN_DATO
ASESINATO,ZONA 4,MANABÍ,24 DE MAYO,24 DE MAYO,13D04C11S01,24 DE MAYO 1,13,MANABÍ,1316,24 DE MAYO,"-1,283","-80,417",RURAL,VÍA PÚBLICA,PUBLICO,2026/01/20,20:05:00,ARMA DE FUEGO,PISTOLA,DELINCUENCIA COMÚN,AMENAZA,HERIDA POR ARMA DE FUEGO,28,A,HOMBRE,MASCULINO,MESTIZO/A,SOLTERO,ECUADOR,NINGUNA,PROFESIONAL DE BELLEZA,SIN_DATO
ASESINATO,ZONA 4,MANABÍ,24 DE MAYO,24 DE MAYO,13D04C11S01,24 DE MAYO 1,13,MANABÍ,1316,24 DE MAYO,"-1,283","-80,417",RURAL,VÍA PÚBLICA,PUBLICO,2026/01/20,20:05:00,ARMA DE FUEGO,PISTOLA,DELINCUENCIA COMÚN,AMENAZA,HERIDA POR ARMA DE FUEGO,28,A,HOMBRE,MASCULINO,MESTIZO/A,SOLTERO,ECUADOR,NINGUNA,CHOFER/CONDUCTOR,SIN_DATO
ASESINATO,ZONA 5,GUAYAS,YAGUACHI,YAGUACHI NORTE,09D21C02S01,YAGUACHI NORTE 1,09,GUAYAS,0920,SAN JACINTO DE YAGUACHI,"-1,98644","-79,60662",URBANO,VÍA PÚBLICA,PUBLICO,2026/01/21,07:50:00,ARMA DE FUEGO,PISTOLA,DELINCUENCIA COMÚN,AMENAZA,HERIDA POR ARMA DE FUEGO,29,A,HOMBRE,MASCULINO,MESTIZO/A,SOLTERO,ECUADOR,NINGUNA,BACHILLER CIENCIAS,SIN_DATO
ASESINATO,ZONA 4,MANABÍ,MANTA,LEONIDAS PROAÑO,13D02C16S01,LEONIDAS PROAÑO 1,13,MANABÍ,1309,MONTECRISTI,"-0,9943","-80,7015",URBANO,CASA/VILLA,PRIVADO,2026/01/20,15:30:00,ARMA DE FUEGO,OTROS ARMA CORTA,DELINCUENCIA COMÚN,AMENAZA,HERIDA POR ARMA DE FUEGO,60,A,HOMBRE,MASCULINO,NO DETERMINADO,SOLTERO,ECUADOR,NINGUNA,TRABAJADOR COMERCIAL,SIN_DATO
ASESINATO,ZONA 1,ESMERALDAS,ESMERALDAS,PUMPULA,08D01C17S01,PUMPULA 1,08,ESMERALDAS,0801,ESMERALDAS,"0,88459","-79,72712",URBANO,VÍA PÚBLICA,PUBLICO,2026/01/21,05:00:00,ARMA DE FUEGO,PISTOLA,DELINCUENCIA COMÚN,AMENAZA,HERIDA POR ARMA DE FUEGO,47,A,HOMBRE,MASCULINO,MESTIZO/A,SOLTERO,ECUADOR,NINGUNA,ESTADO PERSONAL,SIN_DATO
ASESINATO,ZONA 7,EL ORO,MACHALA,EL RETIRO,07D02C21S01,EL RETIRO 1,07,EL ORO,0701,MACHALA,"-3,39367","-79,9278",RURAL,HACIENDAS,PRIVADO,2026/01/18,23:00:00,ARMA BLANCA,CORTO PUNZANTE,DELINCUENCIA COMÚN,TRÁFICO INTERNO DE DROGAS (MICROTRÁFICO),HERIDA POR ARMA BLANCA,28,A,HOMBRE,MASCULINO,AFRO,SOLTERO,ECUADOR,NINGUNA,BACHILLER CIENCIAS,SIN_DATO
ASESINATO,ZONA 7,EL ORO,MACHALA,EL RETIRO,07D02C21S01,EL RETIRO 1,07,EL ORO,0701,MACHALA,"-3,39367","-79,9278",RURAL,HACIENDAS,PRIVADO,2026/01/18,23:00:00,ARMA DE FUEGO,PISTOLA,DELINCUENCIA COMÚN,TRÁFICO INTERNO DE DROGAS (MICROTRÁFICO),HERIDA POR ARMA DE FUEGO,18,A,HOMBRE,MASCULINO,MESTIZO/A,SOLTERO,ECUADOR,NINGUNA,ESTADO PERSONAL,SIN_DATO
ASESINATO,ZONA 7,EL ORO,MACHALA,LA FERROVIARIA,07D02C15S01,LA FERROVIARIA 1,07,EL ORO,0701,MACHALA,"-3,30196","-79,90933",RURAL,HACIENDAS,PRIVADO,2026/01/21,14:45:00,ARMA DE FUEGO,PISTOLA,DELINCUENCIA COMÚN,TRÁFICO INTERNO DE DROGAS (MICROTRÁFICO),HERIDA POR ARMA DE FUEGO,27,A,HOMBRE,MASCULINO,MESTIZO/A,SOLTERO,ECUADOR,NINGUNA,TRABAJADOR GENERAL,SIN_DATO
ASESINATO,ZONA 8,D.M. GUAYAQUIL,NUEVA PROSPERINA,FORTIN,09D08C02S02,FORTIN 2,09,GUAYAS,0901,GUAYAQUIL,"-2,11097","-79,95382",URBANO,VÍA PÚBLICA,PUBLICO,2026/01/21,09:15:00,ARMA DE FUEGO,PISTOLA,DELINCUENCIA COMÚN,AMENAZA,HERIDA POR ARMA DE FUEGO,21,A,HOMBRE,MASCULINO,MESTIZO/A,SOLTERO,ECUADOR,NINGUNA,ESTADO PERSONAL,SIN_DATO
ASESINATO,ZONA 8,D.M. GUAYAQUIL,PASCUALES,PASCUALES,09D07C06S01,PASCUALES 1,09,GUAYAS,0901,GUAYAQUIL,"-2,07892","-79,92834",URBANO,VÍA PÚBLICA,PUBLICO,2026/01/21,20:10:00,ARMA DE FUEGO,PISTOLA,DELINCUENCIA COMÚN,AMENAZA,HERIDA POR ARMA DE FUEGO,31,A,HOMBRE,MASCULINO,MESTIZO/A,SOLTERO,ECUADOR,NINGUNA,BACHILLER CIENCIAS,SIN_DATO
HOMICIDIO,ZONA 8,D.M. GUAYAQUIL,PASCUALES,SAN FRANCISCO,09D07C07S02,SAN FRANCISCO 2,09,GUAYAS,0901,GUAYAQUIL,"-2,05292","-79,94452",URBANO,CENTROS DE REHABILITACIÓN SOCIAL,PRIVADO,2026/01/20,07:00:00,OTROS,NINGUNA,VIOLENCIA COMUNITARIA,ACTOS DE ODIO,ESTRANGULACION,26,A,HOMBRE,MASCULINO,AFRO,SOLTERO,ECUADOR,NINGUNA,SIN_DATO,INICIAL
ASESINATO,ZONA 8,D.M. GUAYAQUIL,PASCUALES,BASTIÓN POPULAR NORTE,09D07C03S03,BASTIÓN POPULAR NORTE 3,09,GUAYAS,0901,GUAYAQUIL,"-2,085","-79,93285",URBANO,VÍA PÚBLICA,PUBLICO,2026/01/21,12:10:00,ARMA DE FUEGO,PISTOLA,DELINCUENCIA COMÚN,AMENAZA,HERIDA POR ARMA DE FUEGO,21,A,HOMBRE,MASCULINO,MESTIZO/A,SOLTERO,ECUADOR,NINGUNA,ESTADO PERSONAL,SIN_DATO
ASESINATO,ZONA 8,D.M. GUAYAQUIL,SAMBORONDÓN,SAMBORONDÓN,09D23C01S03,SAMBORONDÓN 3,09,GUAYAS,0916,SAMBORONDÓN,"-2,03479","-79,81992",URBANO,VÍA PÚBLICA,PUBLICO,2026/01/21,18:30:00,ARMA DE FUEGO,PISTOLA,DELINCUENCIA COMÚN,AMENAZA,HERIDA POR ARMA DE FUEGO,23,A,HOMBRE,MASCULINO,NO DETERMINADO,SOLTERO,ECUADOR,NINGUNA,BACHILLER CIENCIAS,SIN_DATO
ASESINATO,ZONA 8,D.M. GUAYAQUIL,SAMBORONDÓN,SAMBORONDÓN,09D23C01S03,SAMBORONDÓN 3,09,GUAYAS,0916,SAMBORONDÓN,"-2,03479","-79,81992",URBANO,VÍA PÚBLICA,PUBLICO,2026/01/21,18:30:00,ARMA DE FUEGO,PISTOLA,DELINCUENCIA COMÚN,AMENAZA,HERIDA POR ARMA DE FUEGO,20,A,HOMBRE,MASCULINO,NO DETERMINADO,SOLTERO,ECUADOR,NINGUNA,BACHILLER TÉCNICO,SIN_DATO
ASESINATO,ZONA 5,LOS RÍOS,VINCES,VINCES SUR,12D05C06S01,VINCES SUR 1,12,LOS RÍOS,1208,VINCES,"-1,56648","-79,7498",URBANO,VÍA PÚBLICA,PUBLICO,2026/01/21,06:30:00,ARMA DE FUEGO,PISTOLA,DELINCUENCIA COMÚN,AMENAZA,HERIDA POR ARMA DE FUEGO,20,A,HOMBRE,MASCULINO,MESTIZO/A,SOLTERO,ECUADOR,NINGUNA,ESTADO PERSONAL,SIN_DATO
ASESINATO,ZONA 8,D.M. GUAYAQUIL,MODELO,SAUCES,09D05C02S06,SAUCES 6,09,GUAYAS,0901,GUAYAQUIL,"-2,12542","-79,89927",URBANO,VÍA PÚBLICA,PUBLICO,2026/01/21,22:45:00,ARMA DE FUEGO,PISTOLA,DELINCUENCIA COMÚN,AMENAZA,HERIDA POR ARMA DE FUEGO,52,A,HOMBRE,MASCULINO,MESTIZO/A,SOLTERO,ECUADOR,NINGUNA,ESTADO PERSONAL,SIN_DATO
ASESINATO,ZONA 8,D.M. GUAYAQUIL,PORTETE,PORTETE,09D04C04S01,PORTETE 1,09,GUAYAS,0901,GUAYAQUIL,"-2,20478","-79,94601",URBANO,VÍA PÚBLICA,PUBLICO,2026/01/21,22:30:00,ARMA DE FUEGO,PISTOLA,DELINCUENCIA COMÚN,AMENAZA,HERIDA POR ARMA DE FUEGO,60,A,HOMBRE,MASCULINO,MESTIZO/A,CASADO,ECUADOR,NINGUNA,ARTESANO/OFICIO,SIN_DATO
ASESINATO,ZONA 1,SUCUMBÍOS,LAGO AGRIO,LAS PALMERAS,21D02C04S01,LAS PALMERAS 1,21,SUCUMBÍOS,2101,LAGO AGRIO,"0,20886","-76,89953",URBANO,VÍA PÚBLICA,PUBLICO,2026/01/21,17:00:00,ARMA DE FUEGO,PISTOLA,DELINCUENCIA COMÚN,AMENAZA,HERIDA POR ARMA DE FUEGO,20,A,HOMBRE,MASCULINO,MESTIZO/A,NO DETERMINADO,ECUADOR,NINGUNA,ESTADO PERSONAL,SIN_DATO
ASESINATO,ZONA 4,STO DGO DE LOS TSÁCHILAS,LA CONCORDIA,CONCORDIA NORTE,23D03C01S02,CONCORDIA NORTE 2,23,STO DGO DE LOS TSÁCHILAS,2302,LA CONCORDIA,"0,00954","-79,38994",URBANO,VÍA PÚBLICA,PUBLICO,2026/01/21,13:45:00,ARMA DE FUEGO,OTROS ARMA CORTA,DELINCUENCIA COMÚN,AMENAZA,HERIDA POR ARMA DE FUEGO,21,A,HOMBRE,MASCULINO,MESTIZO/A,SOLTERO,ECUADOR,NINGUNA,ESTADO PERSONAL,SIN_DATO
ASESINATO,ZONA 4,MANABÍ,MANTA,JARAMIJO,13D02C20S01,JARAMIJO 1,13,MANABÍ,1321,JARAMIJÓ,"-0,932","-80,667",URBANO,PUERTOS,PUBLICO,2026/01/21,03:00:00,ARMA DE FUEGO,OTROS ARMA LARGA,DELINCUENCIA COMÚN,TRÁFICO INTERNO DE DROGAS (MICROTRÁFICO),HERIDA POR ARMA DE FUEGO,25,A,HOMBRE,MASCULINO,MESTIZO/A,SOLTERO,ECUADOR,NINGUNA,ESTADO PERSONAL,SIN_DATO
ASESINATO,ZONA 4,MANABÍ,CHONE,CANUTO,13D07C12S01,CANUTO 1,13,MANABÍ,1303,CHONE,"-0,80029","-80,12647",RURAL,VÍA PÚBLICA,PUBLICO,2026/01/22,11:40:00,ARMA DE FUEGO,PISTOLA,DELINCUENCIA COMÚN,AMENAZA,HERIDA POR ARMA DE FUEGO,53,A,HOMBRE,MASCULINO,MESTIZO/A,CASADO,ECUADOR,NINGUNA,CHOFER/CONDUCTOR,SIN_DATO
ASESINATO,ZONA 6,MORONA SANTIAGO,MORONA,MACAS,14D01C05S02,MACAS 2,14,MORONA SANTIAGO,1401,MORONA,"-2,27731","-78,12517",URBANO,CASA/VILLA,PRIVADO,2026/01/22,21:30:00,ARMA DE FUEGO,PISTOLA,DELINCUENCIA COMÚN,TRÁFICO INTERNO DE DROGAS (MICROTRÁFICO),HERIDA POR ARMA DE FUEGO,41,A,HOMBRE,MASCULINO,OTROS,SOLTERO,ECUADOR,NINGUNA,CHOFER/CONDUCTOR,SIN_DATO
ASESINATO,ZONA 7,EL ORO,PASAJE,BAJO ALTO,07D01C04S01,BAJO ALTO 1,07,EL ORO,0706,EL GUABO,"-3,23763","-79,83211",URBANO,VÍA PÚBLICA,PUBLICO,2026/01/22,17:00:00,ARMA DE FUEGO,PISTOLA,DELINCUENCIA COMÚN,TRÁFICO INTERNO DE DROGAS (MICROTRÁFICO),HERIDA POR ARMA DE FUEGO,23,A,HOMBRE,MASCULINO,MESTIZO/A,SOLTERO,ECUADOR,NINGUNA,BACHILLER CIENCIAS,SIN_DATO
ASESINATO,ZONA 8,D.M. GUAYAQUIL,PORTETE,CISNE,09D04C01S01,CISNE 1,09,GUAYAS,0901,GUAYAQUIL,"-2,22811","-79,92777",URBANO,VÍA PÚBLICA,PUBLICO,2026/01/22,20:30:00,ARMA DE FUEGO,PISTOLA,DELINCUENCIA COMÚN,AMENAZA,HERIDA POR ARMA DE FUEGO,39,A,HOMBRE,MASCULINO,MESTIZO/A,SOLTERO,ECUADOR,NINGUNA,ESTADO PERSONAL,SIN_DATO
ASESINATO,ZONA 8,D.M. GUAYAQUIL,PORTETE,CISNE,09D04C01S01,CISNE 1,09,GUAYAS,0901,GUAYAQUIL,"-2,22811","-79,92777",URBANO,VÍA PÚBLICA,PUBLICO,2026/01/22,20:30:00,ARMA DE FUEGO,PISTOLA,DELINCUENCIA COMÚN,AMENAZA,HERIDA POR ARMA DE FUEGO,45,A,HOMBRE,MASCULINO,MESTIZO/A,SOLTERO,ECUADOR,NINGUNA,TRABAJADOR COMERCIAL,SIN_DATO
ASESINATO,ZONA 5,GUAYAS,NARANJAL BALAO,VILLA NUEVA,09D12C08S01,VILLA NUEVA 1,09,GUAYAS,0911,NARANJAL,"-2,56278","-79,56215",RURAL,FINCA,PRIVADO,2026/01/22,19:40:00,ARMA DE FUEGO,PISTOLA,DELINCUENCIA COMÚN,AMENAZA,HERIDA POR ARMA DE FUEGO,42,A,MUJER,FEMENINO,MESTIZO/A,SOLTERO,ECUADOR,NINGUNA,ESTADO PERSONAL,SIN_DATO
ASESINATO,ZONA 5,GUAYAS,NARANJAL BALAO,VILLA NUEVA,09D12C08S01,VILLA NUEVA 1,09,GUAYAS,0911,NARANJAL,"-2,56278","-79,56215",RURAL,FINCA,PRIVADO,2026/01/22,19:40:00,ARMA DE FUEGO,PISTOLA,DELINCUENCIA COMÚN,TRÁFICO INTERNO DE DROGAS (MICROTRÁFICO),HERIDA POR ARMA DE FUEGO,38,A,HOMBRE,MASCULINO,MESTIZO/A,SOLTERO,ECUADOR,NINGUNA,TRABAJADOR GENERAL,SIN_DATO
ASESINATO,ZONA 1,SUCUMBÍOS,SHUSHUFINDI,7 DE JULIO,21D04C03S01,7 DE JULIO 1,21,SUCUMBÍOS,2104,SHUSHUFINDI,"-0,18602","-76,78409",URBANO,VÍA PÚBLICA,PUBLICO,2026/01/22,22:35:00,ARMA DE FUEGO,FUSIL,DELINCUENCIA COMÚN,AMENAZA,HERIDA POR ARMA DE FUEGO,35,A,HOMBRE,MASCULINO,MESTIZO/A,VIUDO,ECUADOR,NINGUNA,MAESTRO DE OBRA/CONSTRUCCIÓN,SIN_DATO
ASESINATO,ZONA 8,D.M. GUAYAQUIL,PASCUALES,PASCUALES,09D07C06S03,PASCUALES 3,09,GUAYAS,0901,GUAYAQUIL,"-2,06847","-79,93536",URBANO,VÍA PÚBLICA,PUBLICO,2026/01/23,04:35:00,ARMA DE FUEGO,OTROS ARMA CORTA,DELINCUENCIA COMÚN,AMENAZA,HERIDA POR ARMA DE FUEGO,18,A,HOMBRE,MASCULINO,AFRO,SOLTERO,ECUADOR,NINGUNA,ESTADO PERSONAL,SIN_DATO
ASESINATO,ZONA 8,D.M. GUAYAQUIL,FLORIDA,MARTHA DE ROLDÓS,09D06C02S07,MARTHA DE ROLDÓS 7,09,GUAYAS,0901,GUAYAQUIL,"-2,14859","-79,92637",URBANO,VÍA PÚBLICA,PUBLICO,2026/01/22,12:30:00,ARMA DE FUEGO,OTROS ARMA CORTA,DELINCUENCIA COMÚN,AMENAZA,HERIDA POR ARMA DE FUEGO,27,A,HOMBRE,MASCULINO,MESTIZO/A,SOLTERO,ECUADOR,NINGUNA,COCINERO/CHEFF,SIN_DATO
ASESINATO,ZONA 5,GUAYAS,PLAYAS,GENERAL VILLAMIL,09D22C02S01,GENERAL VILLAMIL 1,09,GUAYAS,0921,PLAYAS,"-2,66796","-80,36635",URBANO,MAR,PUBLICO,2026/01/23,02:00:00,ARMA DE FUEGO,PISTOLA,DELINCUENCIA COMÚN,AMENAZA,HERIDA POR ARMA DE FUEGO,22,A,HOMBRE,MASCULINO,MESTIZO/A,SOLTERO,ECUADOR,NINGUNA,TRABAJADOR PRIMARIO,SIN_DATO
ASESINATO,ZONA 1,ESMERALDAS,ESMERALDAS,CENTRO,08D01C13S01,CENTRO 1,08,ESMERALDAS,0801,ESMERALDAS,"0,96502","-79,65579",URBANO,VÍA PÚBLICA,PUBLICO,2026/01/23,13:15:00,ARMA DE FUEGO,PISTOLA,DELINCUENCIA COMÚN,AMENAZA,HERIDA POR ARMA DE FUEGO,25,A,HOMBRE,MASCULINO,AFRO,SOLTERO,ECUADOR,NINGUNA,ESTADO PERSONAL,BASICA
HOMICIDIO,ZONA 9,D.M. QUITO,ELOY ALFARO - DMQ,MENA,17D06C08S02,MENA 2,17,PICHINCHA,1701,QUITO,"-0,25069","-78,55426",URBANO,CASA/VILLA,PRIVADO,2026/01/23,18:30:00,ARMA DE FUEGO,PISTOLA,DELINCUENCIA COMÚN,AMENAZA,HERIDA POR ARMA DE FUEGO,21,A,HOMBRE,MASCULINO,MESTIZO/A,SOLTERO,ECUADOR,NINGUNA,BACHILLER CIENCIAS,SIN_DATO
ASESINATO,ZONA 8,D.M. GUAYAQUIL,MODELO,ALBORADA,09D05C04S06,ALBORADA 6,09,GUAYAS,0901,GUAYAQUIL,"-2,13525","-79,90791",URBANO,VÍA PÚBLICA,PUBLICO,2026/01/23,14:27:00,ARMA DE FUEGO,PISTOLA,DELINCUENCIA COMÚN,AMENAZA,HERIDA POR ARMA DE FUEGO,39,A,HOMBRE,MASCULINO,NO DETERMINADO,DIVORCIADO,ECUADOR,NINGUNA,ESTADO PERSONAL,SUPERIOR
ASESINATO,ZONA 8,D.M. GUAYAQUIL,9 DE OCTUBRE,VENEZUELA,09D03C05S02,VENEZUELA 2,09,GUAYAS,0901,GUAYAQUIL,"-2,20551","-79,89884",URBANO,VÍA PÚBLICA,PUBLICO,2026/01/23,16:00:00,ARMA DE FUEGO,PISTOLA,DELINCUENCIA COMÚN,AMENAZA,HERIDA POR ARMA DE FUEGO,30,A,HOMBRE,MASCULINO,NO DETERMINADO,SOLTERO,ECUADOR,NINGUNA,BACHILLER CIENCIAS,SIN_DATO
ASESINATO,ZONA 8,D.M. GUAYAQUIL,ESTEROS,ESTEROS,09D02C01S01,ESTEROS 1,09,GUAYAS,0901,GUAYAQUIL,"-2,25918","-79,90585",URBANO,COVACHA/CHOZA,PRIVADO,2026/01/23,02:00:00,ARMA BLANCA,CORTO PUNZANTE,DELINCUENCIA COMÚN,AMENAZA,HERIDA POR ARMA BLANCA,62,A,HOMBRE,MASCULINO,NO DETERMINADO,CASADO,ECUADOR,NINGUNA,ESTADO PERSONAL,SIN_DATO
ASESINATO,ZONA 8,D.M. GUAYAQUIL,PORTETE,SUBURBIO,09D04C06S03,SUBURBIO 3,09,GUAYAS,0901,GUAYAQUIL,"-2,22775","-79,93418",URBANO,VÍA PÚBLICA,PUBLICO,2026/01/24,04:30:00,ARMA DE FUEGO,PISTOLA,DELINCUENCIA COMÚN,AMENAZA,HERIDA POR ARMA DE FUEGO,18,A,HOMBRE,MASCULINO,NO DETERMINADO,SOLTERO,ECUADOR,NINGUNA,ESTADO PERSONAL,SIN_DATO
ASESINATO,ZONA 4,MANABÍ,MANTA,SAN JUAN,13D02C11S01,SAN JUAN 1,13,MANABÍ,1308,MANTA,"-1,00303","-80,72507",URBANO,VÍA PÚBLICA,PUBLICO,2026/01/23,19:40:00,ARMA DE FUEGO,PISTOLA,DELINCUENCIA COMÚN,TRÁFICO INTERNO DE DROGAS (MICROTRÁFICO),HERIDA POR ARMA DE FUEGO,24,A,HOMBRE,MASCULINO,MESTIZO/A,SOLTERO,ECUADOR,NINGUNA,ESTADO PERSONAL,SIN_DATO
ASESINATO,ZONA 4,MANABÍ,MANTA,SAN JUAN,13D02C11S01,SAN JUAN 1,13,MANABÍ,1308,MANTA,"-1,00303","-80,72507",URBANO,VÍA PÚBLICA,PUBLICO,2026/01/23,19:40:00,ARMA DE FUEGO,PISTOLA,DELINCUENCIA COMÚN,TRÁFICO INTERNO DE DROGAS (MICROTRÁFICO),HERIDA POR ARMA DE FUEGO,28,A,HOMBRE,MASCULINO,MESTIZO/A,SOLTERO,ECUADOR,NINGUNA,BACHILLER CIENCIAS,SIN_DATO
ASESINATO,ZONA 5,GUAYAS,YAGUACHI,CONE,09D21C05S01,CONE 1,09,GUAYAS,0920,SAN JACINTO DE YAGUACHI,"-2,16535","-79,74614",RURAL,FINCA,PRIVADO,2026/01/23,10:00:00,ARMA DE FUEGO,OTROS ARMA CORTA,DELINCUENCIA COMÚN,AMENAZA,HERIDA POR ARMA DE FUEGO,45,A,HOMBRE,MASCULINO,MESTIZO/A,SOLTERO,ECUADOR,NINGUNA,TRABAJADOR GENERAL,SIN_DATO
ASESINATO,ZONA 5,LOS RÍOS,QUEVEDO,GALO PLAZA,12D03C05S03,GALO PLAZA 3,12,LOS RÍOS,1205,QUEVEDO,"-1,02301","-79,47421",URBANO,VÍA PÚBLICA,PUBLICO,2026/01/23,21:30:00,ARMA DE FUEGO,PISTOLA,DELINCUENCIA COMÚN,AMENAZA,HERIDA POR ARMA DE FUEGO,47,A,HOMBRE,MASCULINO,MESTIZO/A,SOLTERO,ECUADOR,NINGUNA,TRABAJADOR COMERCIAL,SIN_DATO
ASESINATO,ZONA 5,SANTA ELENA,SANTA ELENA,MONTAÑITA,24D01C10S01,MONTAÑITA 1,24,SANTA ELENA,2401,SANTA ELENA,"-1,84316","-80,74686",RURAL,VÍA PÚBLICA,PUBLICO,2026/01/23,21:20:00,ARMA DE FUEGO,PISTOLA,DELINCUENCIA COMÚN,AMENAZA,HERIDA POR ARMA DE FUEGO,54,A,HOMBRE,MASCULINO,MESTIZO/A,SOLTERO,ECUADOR,NINGUNA,TRABAJADOR GENERAL,SIN_DATO
ASESINATO,ZONA 3,CHIMBORAZO,RIOBAMBA,QUIMIAG,06D01C16S01,QUIMIAG 1,06,CHIMBORAZO,0601,RIOBAMBA,"-1,64513","-78,58654",RURAL,VÍA PÚBLICA,PUBLICO,2026/01/23,22:30:00,ARMA DE FUEGO,REVOLVER,DELINCUENCIA COMÚN,AMENAZA,HERIDA POR ARMA DE FUEGO,31,A,HOMBRE,MASCULINO,MESTIZO/A,SOLTERO,ECUADOR,NINGUNA,TRABAJADOR GENERAL,INICIAL
ASESINATO,ZONA 7,EL ORO,PASAJE,LAS PRADERAS,07D01C09S01,LAS PRADERAS 1,07,EL ORO,0709,PASAJE,"-3,33276","-79,81351",URBANO,VÍA PÚBLICA,PUBLICO,2026/01/23,20:47:00,ARMA DE FUEGO,PISTOLA,DELINCUENCIA COMÚN,AMENAZA,HERIDA POR ARMA DE FUEGO,39,A,HOMBRE,MASCULINO,MESTIZO/A,CASADO,ECUADOR,NINGUNA,SERVIDOR PÚBLICO,SIN_DATO
HOMICIDIO,ZONA 6,AZUAY,CUENCA SUR,TURI,01D02C14S01,TURI 1,01,AZUAY,0101,CUENCA,"-2,93533","-79,00805",URBANO,CENTROS DE REHABILITACIÓN SOCIAL,PRIVADO,2026/01/23,22:30:00,OTROS,NINGUNA,DELINCUENCIA COMÚN,AMENAZA,ESTRANGULACION,29,A,HOMBRE,MASCULINO,MESTIZO/A,SOLTERO,VENEZUELA,NINGUNA,ESTADO PERSONAL,SIN_DATO
ASESINATO,ZONA 5,LOS RÍOS,BABAHOYO,CARACOL,12D01C13S01,CARACOL 1,12,LOS RÍOS,1201,BABAHOYO,"-1,67116","-79,4617",RURAL,VÍA PÚBLICA,PUBLICO,2026/01/24,00:10:00,ARMA DE FUEGO,PISTOLA,DELINCUENCIA COMÚN,AMENAZA,HERIDA POR ARMA DE FUEGO,36,A,HOMBRE,MASCULINO,MONTUBIO/A,SOLTERO,ECUADOR,NINGUNA,AYUDANTE/JORNALERO,SIN_DATO
ASESINATO,ZONA 7,EL ORO,MACHALA,JAMBELI CENTRO,07D02C09S01,JAMBELI CENTRO 1,07,EL ORO,0701,MACHALA,"-3,24546","-79,97006",URBANO,VÍA PÚBLICA,PUBLICO,2026/01/24,14:15:00,ARMA DE FUEGO,PISTOLA,DELINCUENCIA COMÚN,TRÁFICO INTERNO DE DROGAS (MICROTRÁFICO),HERIDA POR ARMA DE FUEGO,30,A,HOMBRE,MASCULINO,MESTIZO/A,SOLTERO,ECUADOR,NINGUNA,CHOFER/CONDUCTOR,SIN_DATO
ASESINATO,ZONA 7,EL ORO,MACHALA,WILSON FRANCO,07D02C18S01,WILSON FRANCO 1,07,EL ORO,0701,MACHALA,"-3,26575","-79,99551",URBANO,VÍA PÚBLICA,PUBLICO,2026/01/24,15:35:00,ARMA DE FUEGO,PISTOLA,DELINCUENCIA COMÚN,TRÁFICO INTERNO DE DROGAS (MICROTRÁFICO),HERIDA POR ARMA DE FUEGO,32,A,HOMBRE,MASCULINO,MESTIZO/A,SOLTERO,ECUADOR,NINGUNA,TRABAJADOR PRIMARIO,SIN_DATO
ASESINATO,ZONA 7,EL ORO,MACHALA,WILSON FRANCO,07D02C18S01,WILSON FRANCO 1,07,EL ORO,0701,MACHALA,"-3,26694","-79,99667",URBANO,VÍA PÚBLICA,PUBLICO,2026/01/24,18:00:00,ARMA DE FUEGO,PISTOLA,DELINCUENCIA COMÚN,TRÁFICO INTERNO DE DROGAS (MICROTRÁFICO),HERIDA POR ARMA DE FUEGO,30,A,HOMBRE,MASCULINO,MESTIZO/A,SOLTERO,ECUADOR,NINGUNA,ESTADO PERSONAL,PRIMARIA
ASESINATO,ZONA 4,MANABÍ,MANTA,LOS ESTEROS,13D02C01S01,LOS ESTEROS 1,13,MANABÍ,1308,MANTA,"-0,95272","-80,69403",URBANO,VÍA PÚBLICA,PUBLICO,2026/01/24,21:30:00,ARMA DE FUEGO,PISTOLA,DELINCUENCIA COMÚN,AMENAZA,HERIDA POR ARMA DE FUEGO,25,A,HOMBRE,MASCULINO,MESTIZO/A,SOLTERO,ECUADOR,NINGUNA,ESTADO PERSONAL,SIN_DATO
ASESINATO,ZONA 8,D.M. GUAYAQUIL,ESTEROS,ESTEROS,09D02C01S02,ESTEROS 2,09,GUAYAS,0901,GUAYAQUIL,"-2,25417","-79,90183",URBANO,VÍA PÚBLICA,PUBLICO,2026/01/24,07:40:00,ARMA DE FUEGO,PISTOLA,DELINCUENCIA COMÚN,AMENAZA,HERIDA POR ARMA DE FUEGO,31,A,HOMBRE,MASCULINO,NO DETERMINADO,SOLTERO,ECUADOR,NINGUNA,ESTADO PERSONAL,SIN_DATO
ASESINATO,ZONA 8,D.M. GUAYAQUIL,PASCUALES,ORQUÍDEAS,09D07C05S02,ORQUÍDEAS 2,09,GUAYAS,0901,GUAYAQUIL,"-2,08952","-79,89996",URBANO,HOSPITALES,PRIVADO,2026/01/23,16:00:00,ARMA DE FUEGO,PISTOLA,DELINCUENCIA COMÚN,AMENAZA,HERIDA POR ARMA DE FUEGO,34,A,HOMBRE,MASCULINO,OTROS,SOLTERO,ECUADOR,NINGUNA,ESTADO PERSONAL,BACHILLERATO
ASESINATO,ZONA 9,D.M. QUITO,LA DELICIA,EL MIRADOR,17D03C19S03,EL MIRADOR 3,17,PICHINCHA,1701,QUITO,"-0,12379","-78,46533",URBANO,VÍA PÚBLICA,PUBLICO,2026/01/24,22:30:00,ARMA DE FUEGO,PISTOLA,VIOLENCIA COMUNITARIA,RIÑAS,HERIDA POR ARMA DE FUEGO,33,A,HOMBRE,MASCULINO,AFRO,SOLTERO,ECUADOR,NINGUNA,AYUDANTE/JORNALERO,SIN_DATO
ASESINATO,ZONA 7,EL ORO,ZARUMA,PORTOVELO,07D03C05S01,PORTOVELO 1,07,EL ORO,0711,PORTOVELO,"-3,71161","-79,62706",RURAL,MECÁNICAS,PRIVADO,2026/01/23,12:30:00,ARMA DE FUEGO,REVOLVER,DELINCUENCIA COMÚN,AMENAZA,HERIDA POR ARMA DE FUEGO,51,A,HOMBRE,MASCULINO,MESTIZO/A,CASADO,ECUADOR,NINGUNA,SIN_DATO,SIN_DATO
ASESINATO,ZONA 7,EL ORO,SANTA ROSA,SANTA ROSA OESTE,07D06C05S01,SANTA ROSA OESTE 1,07,EL ORO,0712,SANTA ROSA,"-3,4703","-79,93036",URBANO,COVACHA/CHOZA,PRIVADO,2026/01/24,22:00:00,ARMA DE FUEGO,PISTOLA,DELINCUENCIA COMÚN,TRÁFICO INTERNO DE DROGAS (MICROTRÁFICO),HERIDA POR ARMA DE FUEGO,23,A,HOMBRE,MASCULINO,MESTIZO/A,SOLTERO,ECUADOR,NINGUNA,ESTADO PERSONAL,SIN_DATO
ASESINATO,ZONA 7,EL ORO,SANTA ROSA,SANTA ROSA OESTE,07D06C05S01,SANTA ROSA OESTE 1,07,EL ORO,0712,SANTA ROSA,"-3,4703","-79,93036",URBANO,COVACHA/CHOZA,PRIVADO,2026/01/24,22:00:00,ARMA DE FUEGO,PISTOLA,DELINCUENCIA COMÚN,TRÁFICO INTERNO DE DROGAS (MICROTRÁFICO),HERIDA POR ARMA DE FUEGO,26,A,HOMBRE,MASCULINO,MESTIZO/A,SOLTERO,ECUADOR,NINGUNA,ESTADO PERSONAL,SIN_DATO
ASESINATO,ZONA 8,D.M. GUAYAQUIL,DURÁN,RECREO,09D24C05S08,RECREO 8,09,GUAYAS,0907,DURÁN,"-2,1697","-79,80854",URBANO,CASA/VILLA,PRIVADO,2026/01/24,20:00:00,ARMA DE FUEGO,PISTOLA,DELINCUENCIA COMÚN,AMENAZA,HERIDA POR ARMA DE FUEGO,17,A,HOMBRE,MASCULINO,MESTIZO/A,SOLTERO,ECUADOR,NINGUNA,ESTADO PERSONAL,SIN_DATO
ASESINATO,ZONA 8,D.M. GUAYAQUIL,DURÁN,RECREO,09D24C05S07,RECREO 7,09,GUAYAS,0907,DURÁN,"-2,15273","-79,81551",URBANO,VÍA PÚBLICA,PUBLICO,2026/01/24,22:00:00,ARMA DE FUEGO,PISTOLA,DELINCUENCIA COMÚN,AMENAZA,HERIDA POR ARMA DE FUEGO,34,A,HOMBRE,MASCULINO,MESTIZO/A,SOLTERO,ECUADOR,NINGUNA,TRABAJADOR GENERAL,SIN_DATO
ASESINATO,ZONA 8,D.M. GUAYAQUIL,DURÁN,RECREO,09D24C05S07,RECREO 7,09,GUAYAS,0907,DURÁN,"-2,15273","-79,81551",URBANO,VÍA PÚBLICA,PUBLICO,2026/01/24,22:00:00,ARMA DE FUEGO,PISTOLA,DELINCUENCIA COMÚN,AMENAZA,HERIDA POR ARMA DE FUEGO,66,A,HOMBRE,MASCULINO,MESTIZO/A,DIVORCIADO,ECUADOR,FISICA,TRABAJADOR COMERCIAL,SIN_DATO
ASESINATO,ZONA 8,D.M. GUAYAQUIL,DURÁN,RECREO,09D24C05S01,RECREO 1,09,GUAYAS,0907,DURÁN,"-2,17896","-79,81157",URBANO,VÍA PÚBLICA,PUBLICO,2026/01/25,00:30:00,ARMA DE FUEGO,PISTOLA,DELINCUENCIA COMÚN,AMENAZA,HERIDA POR ARMA DE FUEGO,52,A,HOMBRE,MASCULINO,AFRO,SOLTERO,ECUADOR,NINGUNA,TRABAJADOR GENERAL,SIN_DATO
ASESINATO,ZONA 5,SANTA ELENA,LIBERTAD SALINAS,ENRÍQUEZ GALLO,24D02C04S01,ENRÍQUEZ GALLO 1,24,SANTA ELENA,2402,LA LIBERTAD,"-2,24233","-80,88911",URBANO,VÍA PÚBLICA,PUBLICO,2026/01/24,12:00:00,ARMA DE FUEGO,PISTOLA,DELINCUENCIA COMÚN,TRÁFICO INTERNO DE DROGAS (MICROTRÁFICO),HERIDA POR ARMA DE FUEGO,25,A,HOMBRE,MASCULINO,NO DETERMINADO,SOLTERO,ECUADOR,NINGUNA,ESTADO PERSONAL,SIN_DATO
ASESINATO,ZONA 5,LOS RÍOS,BUENA FE,BUENA FE ESTE,12D06C04S01,BUENA FE ESTE 1,12,LOS RÍOS,1210,BUENA FE,"-0,8929","-79,4843",URBANO,VÍA PÚBLICA,PUBLICO,2026/01/25,01:40:00,ARMA DE FUEGO,OTROS ARMA CORTA,DELINCUENCIA COMÚN,AMENAZA,HERIDA POR ARMA DE FUEGO,36,A,HOMBRE,MASCULINO,MESTIZO/A,SOLTERO,ECUADOR,NINGUNA,ESTADO PERSONAL,SIN_DATO
ASESINATO,ZONA 5,SANTA ELENA,LIBERTAD SALINAS,SALINAS CENTRO,24D02C05S03,SALINAS CENTRO 3,24,SANTA ELENA,2403,SALINAS,"-2,21008","-80,94925",URBANO,PLAYA,PUBLICO,2026/01/24,22:20:00,ARMA DE FUEGO,REVOLVER,DELINCUENCIA COMÚN,TRÁFICO INTERNO DE DROGAS (MICROTRÁFICO),HERIDA POR ARMA DE FUEGO,35,A,HOMBRE,MASCULINO,NO DETERMINADO,NO DETERMINADO,NO DETERMINADO,NINGUNA,SIN_DATO,SIN_DATO
ASESINATO,ZONA 5,GUAYAS,EL TRIUNFO BUCAY,EL TRIUNFO CENTRO,09D16C03S01,EL TRIUNFO CENTRO 1,09,GUAYAS,0909,EL TRIUNFO,"-2,3313","-79,40013",URBANO,VÍA PÚBLICA,PUBLICO,2026/01/24,20:30:00,ARMA DE FUEGO,OTROS ARMA LARGA,DELINCUENCIA COMÚN,AMENAZA,HERIDA POR ARMA DE FUEGO,21,A,HOMBRE,MASCULINO,MESTIZO/A,SOLTERO,ECUADOR,NINGUNA,ESTADO PERSONAL,SIN_DATO
ASESINATO,ZONA 5,GUAYAS,EL TRIUNFO BUCAY,EL TRIUNFO CENTRO,09D16C03S01,EL TRIUNFO CENTRO 1,09,GUAYAS,0909,EL TRIUNFO,"-2,3313","-79,40013",URBANO,VÍA PÚBLICA,PUBLICO,2026/01/24,20:30:00,ARMA DE FUEGO,OTROS ARMA LARGA,DELINCUENCIA COMÚN,AMENAZA,HERIDA POR ARMA DE FUEGO,32,A,HOMBRE,MASCULINO,MESTIZO/A,SOLTERO,ECUADOR,NINGUNA,BACHILLER TÉCNICO,SIN_DATO
ASESINATO,ZONA 2,ORELLANA,ORELLANA LORETO,COCA OCCIDENTE,22D02C05S04,COCA OCCIDENTE 4,22,ORELLANA,2201,FRANCISCO DE ORELLANA,"-0,44189","-77,00609",RURAL,VÍA PÚBLICA,PUBLICO,2026/01/25,00:50:00,ARMA DE FUEGO,PISTOLA,DELINCUENCIA COMÚN,AMENAZA,HERIDA POR ARMA DE FUEGO,22,A,HOMBRE,MASCULINO,MESTIZO/A,SOLTERO,ECUADOR,NINGUNA,ESTADO PERSONAL,SIN_DATO
ASESINATO,ZONA 5,GUAYAS,EL TRIUNFO BUCAY,EL TRIUNFO CENTRO,09D16C03S01,EL TRIUNFO CENTRO 1,09,GUAYAS,0909,EL TRIUNFO,"-2,3313","-79,40013",URBANO,VÍA PÚBLICA,PUBLICO,2026/01/24,20:30:00,ARMA DE FUEGO,OTROS ARMA LARGA,DELINCUENCIA COMÚN,AMENAZA,HERIDA POR ARMA DE FUEGO,37,A,HOMBRE,MASCULINO,MESTIZO/A,SOLTERO,ECUADOR,NINGUNA,TRABAJADOR GENERAL,SIN_DATO
ASESINATO,ZONA 3,TUNGURAHUA,AMBATO SUR,HUACHI GRANDE,18D02C12S01,HUACHI GRANDE 1,18,TUNGURAHUA,1801,AMBATO,"-1,32243","-78,6236",RURAL,VÍA PÚBLICA,PUBLICO,2026/01/24,04:00:00,ARMA DE FUEGO,PISTOLA,DELINCUENCIA COMÚN,AMENAZA,HERIDA POR ARMA DE FUEGO,28,A,HOMBRE,MASCULINO,MESTIZO/A,SOLTERO,ECUADOR,NINGUNA,ESTADO PERSONAL,SIN_DATO
ASESINATO,ZONA 3,TUNGURAHUA,AMBATO SUR,TECHO PROPIO,18D02C05S01,TECHO PROPIO 1,18,TUNGURAHUA,1801,AMBATO,"-1,24256","-78,5935",RURAL,VÍA PÚBLICA,PUBLICO,2026/01/24,04:00:00,ARMA DE FUEGO,PISTOLA,DELINCUENCIA COMÚN,AMENAZA,HERIDA POR ARMA DE FUEGO,24,A,HOMBRE,MASCULINO,MESTIZO/A,SOLTERO,ECUADOR,NINGUNA,BACHILLER CIENCIAS,SIN_DATO
ASESINATO,ZONA 4,MANABÍ,SUCRE,CHARAPOTO,13D11C03S01,CHARAPOTO 1,13,MANABÍ,1314,SUCRE,"-0,73345","-80,41304",RURAL,VÍA PÚBLICA,PUBLICO,2026/01/25,14:30:00,ARMA DE FUEGO,PISTOLA,DELINCUENCIA COMÚN,TRÁFICO INTERNO DE DROGAS (MICROTRÁFICO),HERIDA POR ARMA DE FUEGO,16,A,HOMBRE,MASCULINO,MESTIZO/A,SOLTERO,ECUADOR,NINGUNA,SIN_DATO,SIN_DATO
ASESINATO,ZONA 4,MANABÍ,SUCRE,CHARAPOTO,13D11C03S01,CHARAPOTO 1,13,MANABÍ,1314,SUCRE,"-0,73345","-80,41304",RURAL,VÍA PÚBLICA,PUBLICO,2026/01/25,14:30:00,ARMA DE FUEGO,PISTOLA,DELINCUENCIA COMÚN,TRÁFICO INTERNO DE DROGAS (MICROTRÁFICO),HERIDA POR ARMA DE FUEGO,14,A,HOMBRE,MASCULINO,MESTIZO/A,SOLTERO,ECUADOR,NINGUNA,SIN_DATO,SIN_DATO
ASESINATO,ZONA 5,LOS RÍOS,VINCES,AUGUSTO VALENCIA,12D05C07S01,AUGUSTO VALENCIA 1,12,LOS RÍOS,1208,VINCES,"-1,57086","-79,74337",RURAL,CASA/VILLA,PRIVADO,2026/01/25,06:00:00,ARMA DE FUEGO,PISTOLA,DELINCUENCIA COMÚN,AMENAZA,HERIDA POR ARMA DE FUEGO,25,A,HOMBRE,MASCULINO,MESTIZO/A,SOLTERO,ECUADOR,NINGUNA,ESTADO PERSONAL,SIN_DATO
ASESINATO,ZONA 4,MANABÍ,MANTA,MONTECRISTI,13D02C19S01,MONTECRISTI 1,13,MANABÍ,1309,MONTECRISTI,"-1,02051","-80,69206",RURAL,TERRENO BALDÍO,PUBLICO,2026/01/25,00:00:00,ARMA DE FUEGO,REVOLVER,DELINCUENCIA COMÚN,ROBO DE CARROS,HERIDA POR ARMA DE FUEGO,50,A,HOMBRE,MASCULINO,MESTIZO/A,SOLTERO,ECUADOR,NINGUNA,CHOFER/CONDUCTOR,SIN_DATO
ASESINATO,ZONA 5,LOS RÍOS,VINCES,AUGUSTO VALENCIA,12D05C07S01,AUGUSTO VALENCIA 1,12,LOS RÍOS,1208,VINCES,"-1,57086","-79,74337",RURAL,CASA/VILLA,PRIVADO,2026/01/25,06:00:00,ARMA DE FUEGO,PISTOLA,DELINCUENCIA COMÚN,AMENAZA,HERIDA POR ARMA DE FUEGO,26,A,HOMBRE,MASCULINO,MESTIZO/A,SOLTERO,ECUADOR,NINGUNA,BACHILLER TÉCNICO,SIN_DATO
ASESINATO,ZONA 5,LOS RÍOS,PUEBLO VIEJO,PUEBLO VIEJO,12D02C01S01,PUEBLO VIEJO 1,12,LOS RÍOS,1204,PUEBLOVIEJO,"-1,54778","-79,52961",URBANO,CASA/VILLA,PRIVADO,2026/01/25,11:30:00,ARMA DE FUEGO,OTROS ARMA CORTA,DELINCUENCIA COMÚN,AMENAZA,HERIDA POR ARMA DE FUEGO,23,A,HOMBRE,MASCULINO,NO DETERMINADO,SOLTERO,ECUADOR,NINGUNA,ESTADO PERSONAL,SIN_DATO
ASESINATO,ZONA 8,D.M. GUAYAQUIL,SUR - DMG,CENTENARIO,09D01C05S02,CENTENARIO 2,09,GUAYAS,0901,GUAYAQUIL,"-2,2259","-79,88835",URBANO,VÍA PÚBLICA,PUBLICO,2026/01/25,16:20:00,ARMA DE FUEGO,PISTOLA,DELINCUENCIA COMÚN,AMENAZA,HERIDA POR ARMA DE FUEGO,28,A,HOMBRE,MASCULINO,MESTIZO/A,SOLTERO,ECUADOR,NINGUNA,ESTADO PERSONAL,SIN_DATO
ASESINATO,ZONA 8,D.M. GUAYAQUIL,PORTETE,SUBURBIO,09D04C06S03,SUBURBIO 3,09,GUAYAS,0901,GUAYAQUIL,"-2,22509","-79,93675",URBANO,VÍA PÚBLICA,PUBLICO,2026/01/25,21:50:00,ARMA DE FUEGO,PISTOLA,DELINCUENCIA COMÚN,AMENAZA,HERIDA POR ARMA DE FUEGO,20,A,HOMBRE,MASCULINO,MESTIZO/A,SOLTERO,ECUADOR,NINGUNA,ESTADO PERSONAL,SIN_DATO
ASESINATO,ZONA 8,D.M. GUAYAQUIL,PASCUALES,BASTIÓN POPULAR NORTE,09D07C03S02,BASTIÓN POPULAR NORTE 2,09,GUAYAS,0901,GUAYAQUIL,"-2,08375","-79,93124",URBANO,VÍA PÚBLICA,PUBLICO,2026/01/25,23:50:00,ARMA DE FUEGO,PISTOLA,DELINCUENCIA COMÚN,AMENAZA,HERIDA POR ARMA DE FUEGO,39,A,HOMBRE,MASCULINO,MESTIZO/A,SOLTERO,ECUADOR,NINGUNA,TRABAJADOR GENERAL,SIN_DATO
ASESINATO,ZONA 8,D.M. GUAYAQUIL,DURÁN,RECREO,09D24C05S02,RECREO 2,09,GUAYAS,0907,DURÁN,"-2,175","-79,80808",URBANO,VÍA PÚBLICA,PUBLICO,2026/01/25,14:30:00,ARMA DE FUEGO,PISTOLA,DELINCUENCIA COMÚN,AMENAZA,HERIDA POR ARMA DE FUEGO,27,A,HOMBRE,MASCULINO,MESTIZO/A,CASADO,ECUADOR,NINGUNA,ESTADO PERSONAL,SIN_DATO
ASESINATO,ZONA 8,D.M. GUAYAQUIL,DURÁN,RECREO,09D24C05S02,RECREO 2,09,GUAYAS,0907,DURÁN,"-2,17412","-79,80921",URBANO,CASA/VILLA,PRIVADO,2026/01/26,01:00:00,ARMA DE FUEGO,PISTOLA,DELINCUENCIA COMÚN,ROBO A DOMICILIOS,HERIDA POR ARMA DE FUEGO,40,A,HOMBRE,MASCULINO,MESTIZO/A,SOLTERO,ECUADOR,NINGUNA,MAESTRO DE OBRA/CONSTRUCCIÓN,SIN_DATO
ASESINATO,ZONA 8,D.M. GUAYAQUIL,PASCUALES,BASTIÓN POPULAR NORTE,09D07C03S03,BASTIÓN POPULAR NORTE 3,09,GUAYAS,0901,GUAYAQUIL,"-2,08082","-79,9343",URBANO,CASA/VILLA,PRIVADO,2026/01/25,23:47:00,ARMA DE FUEGO,PISTOLA,DELINCUENCIA COMÚN,AMENAZA,HERIDA POR ARMA DE FUEGO,56,A,HOMBRE,MASCULINO,MESTIZO/A,SOLTERO,ECUADOR,NINGUNA,TRABAJADOR GENERAL,SIN_DATO
FEMICIDIO,ZONA 4,STO DGO DE LOS TSÁCHILAS,SANTO DOMINGO OESTE,VALLE HERMOSO,23D02C08S02,VALLE HERMOSO 2,23,STO DGO DE LOS TSÁCHILAS,2301,SANTO DOMINGO,"-0,07973","-79,17177",RURAL,CASA/VILLA,PRIVADO,2026/01/25,18:00:00,ARMA DE FUEGO,REVOLVER,VIOLENCIA INTRAFAMILIAR,SENTIMENTAL,HERIDA POR ARMA DE FUEGO,19,A,MUJER,FEMENINO,MESTIZO/A,SOLTERO,ECUADOR,NINGUNA,BACHILLER CIENCIAS,SIN_DATO
ASESINATO,ZONA 8,D.M. GUAYAQUIL,NUEVA PROSPERINA,NUEVA PROSPERINA,09D08C01S02,NUEVA PROSPERINA 2,09,GUAYAS,0901,GUAYAQUIL,"-2,12396","-79,95852",URBANO,VÍA PÚBLICA,PUBLICO,2026/01/25,20:30:00,ARMA DE FUEGO,PISTOLA,DELINCUENCIA COMÚN,AMENAZA,HERIDA POR ARMA DE FUEGO,29,A,HOMBRE,MASCULINO,MESTIZO/A,SOLTERO,ECUADOR,NINGUNA,ESTADO PERSONAL,BACHILLERATO
ASESINATO,ZONA 8,D.M. GUAYAQUIL,FLORIDA,SAMANES,09D06C03S02,SAMANES 2,09,GUAYAS,0901,GUAYAQUIL,"-2,13069","-79,90729",URBANO,CASA/VILLA,PRIVADO,2026/01/26,04:00:00,ARMA DE FUEGO,PISTOLA,DELINCUENCIA COMÚN,AMENAZA,HERIDA POR ARMA DE FUEGO,21,A,HOMBRE,MASCULINO,MESTIZO/A,SOLTERO,ECUADOR,NINGUNA,BACHILLER CIENCIAS,SIN_DATO
ASESINATO,ZONA 8,D.M. GUAYAQUIL,FLORIDA,SAMANES,09D06C03S02,SAMANES 2,09,GUAYAS,0901,GUAYAQUIL,"-2,13069","-79,90729",URBANO,CASA/VILLA,PRIVADO,2026/01/26,04:00:00,ARMA DE FUEGO,PISTOLA,DELINCUENCIA COMÚN,AMENAZA,HERIDA POR ARMA DE FUEGO,19,A,HOMBRE,MASCULINO,MESTIZO/A,SOLTERO,ECUADOR,NINGUNA,BACHILLER CIENCIAS,SIN_DATO
ASESINATO,ZONA 7,EL ORO,PASAJE,BUENA VISTA,07D01C07S02,BUENA VISTA 2,07,EL ORO,0709,PASAJE,"-3,36687","-79,84414",RURAL,VÍA PÚBLICA,PUBLICO,2026/01/25,21:10:00,ARMA DE FUEGO,PISTOLA,DELINCUENCIA COMÚN,TRÁFICO INTERNO DE DROGAS (MICROTRÁFICO),HERIDA POR ARMA DE FUEGO,28,A,HOMBRE,MASCULINO,MESTIZO/A,SOLTERO,ECUADOR,NINGUNA,ESTADO PERSONAL,SIN_DATO
ASESINATO,ZONA 1,ESMERALDAS,ESMERALDAS,COLECTIVA,08D01C07S02,COLECTIVA 2,08,ESMERALDAS,0801,ESMERALDAS,"0,92824","-79,67691",URBANO,VÍA PÚBLICA,PUBLICO,2026/01/25,20:20:00,ARMA DE FUEGO,OTROS ARMA CORTA,DELINCUENCIA COMÚN,AMENAZA,HERIDA POR ARMA DE FUEGO,34,A,HOMBRE,MASCULINO,AFRO,SOLTERO,ECUADOR,NINGUNA,TRABAJADOR GENERAL,SIN_DATO
ASESINATO,ZONA 5,LOS RÍOS,VENTANAS,QUINSALOMA,12D04C07S01,QUINSALOMA 1,12,LOS RÍOS,1213,QUINSALOMA,"-1,20726","-79,31219",URBANO,CANCHAS DE USO MÚLTIPLE,PUBLICO,2026/01/25,17:23:00,ARMA DE FUEGO,OTROS ARMA CORTA,DELINCUENCIA COMÚN,AMENAZA,HERIDA POR ARMA DE FUEGO,52,A,MUJER,FEMENINO,NO DETERMINADO,SOLTERO,ECUADOR,NINGUNA,ESTADO PERSONAL,SIN_DATO
ASESINATO,ZONA 4,MANABÍ,MANTA,MONTECRISTI,13D02C19S01,MONTECRISTI 1,13,MANABÍ,1309,MONTECRISTI,"-1,0076","-80,7074",RURAL,VÍA PÚBLICA,PUBLICO,2026/01/25,20:00:00,ARMA DE FUEGO,PISTOLA,DELINCUENCIA COMÚN,AMENAZA,HERIDA POR ARMA DE FUEGO,26,A,HOMBRE,MASCULINO,MESTIZO/A,NO DETERMINADO,NO DETERMINADO,NINGUNA,SIN_DATO,SIN_DATO
ASESINATO,ZONA 5,LOS RÍOS,VENTANAS,QUINSALOMA,12D04C07S01,QUINSALOMA 1,12,LOS RÍOS,1213,QUINSALOMA,"-1,20726","-79,31219",URBANO,CANCHAS DE USO MÚLTIPLE,PUBLICO,2026/01/25,17:23:00,ARMA DE FUEGO,OTROS ARMA CORTA,DELINCUENCIA COMÚN,AMENAZA,HERIDA POR ARMA DE FUEGO,32,A,MUJER,FEMENINO,NO DETERMINADO,SOLTERO,ECUADOR,NINGUNA,ESTADO PERSONAL,SIN_DATO
ASESINATO,ZONA 5,LOS RÍOS,VENTANAS,QUINSALOMA,12D04C07S01,QUINSALOMA 1,12,LOS RÍOS,1213,QUINSALOMA,"-1,20726","-79,31219",URBANO,CANCHAS DE USO MÚLTIPLE,PUBLICO,2026/01/25,17:23:00,ARMA DE FUEGO,OTROS ARMA CORTA,DELINCUENCIA COMÚN,AMENAZA,HERIDA POR ARMA DE FUEGO,35,A,MUJER,FEMENINO,NO DETERMINADO,SOLTERO,ECUADOR,NINGUNA,TRABAJADOR GENERAL,SIN_DATO
ASESINATO,ZONA 4,MANABÍ,MANTA,MIRAFLORES,13D02C09S02,MIRAFLORES 2,13,MANABÍ,1308,MANTA,"-0,95903","-80,72405",URBANO,CASA/VILLA,PRIVADO,2026/01/25,20:00:00,ARMA DE FUEGO,PISTOLA,DELINCUENCIA COMÚN,AMENAZA,HERIDA POR ARMA DE FUEGO,26,A,HOMBRE,MASCULINO,MESTIZO/A,SOLTERO,ECUADOR,NINGUNA,BACHILLER CIENCIAS,SIN_DATO
ASESINATO,ZONA 4,MANABÍ,MANTA,MONTECRISTI,13D02C19S01,MONTECRISTI 1,13,MANABÍ,1309,MONTECRISTI,"-1,0076","-80,7074",RURAL,VÍA PÚBLICA,PUBLICO,2026/01/25,20:00:00,ARMA DE FUEGO,PISTOLA,DELINCUENCIA COMÚN,AMENAZA,HERIDA POR ARMA DE FUEGO,21,A,MUJER,FEMENINO,MESTIZO/A,SOLTERO,ECUADOR,NINGUNA,ESTADO PERSONAL,SIN_DATO
ASESINATO,ZONA 5,LOS RÍOS,BABAHOYO,GUARE DE BABA,12D01C17S02,GUARE DE BABA 2,12,LOS RÍOS,1202,BABA,"-1,65446","-79,70361",RURAL,VÍA PÚBLICA,PUBLICO,2026/01/25,12:00:00,ARMA DE FUEGO,PISTOLA,DELINCUENCIA COMÚN,AMENAZA,HERIDA POR ARMA DE FUEGO,31,A,HOMBRE,MASCULINO,MESTIZO/A,SOLTERO,ECUADOR,NINGUNA,TRABAJADOR GENERAL,PRIMARIA
ASESINATO,ZONA 1,SUCUMBÍOS,LAGO AGRIO,GENERAL FARFÁN,21D02C08S01,GENERAL FARFÁN 1,21,SUCUMBÍOS,2101,LAGO AGRIO,"0,23722","-76,84677",RURAL,VÍA PÚBLICA,PUBLICO,2026/01/25,21:30:00,ARMA DE FUEGO,PISTOLA,DELINCUENCIA COMÚN,AMENAZA,HERIDA POR ARMA DE FUEGO,49,A,HOMBRE,MASCULINO,MESTIZO/A,CASADO,ECUADOR,NINGUNA,CHOFER/CONDUCTOR,SIN_DATO
ASESINATO,ZONA 4,MANABÍ,MANTA,TARQUI,13D02C04S01,TARQUI 1,13,MANABÍ,1308,MANTA,"-0,95564","-80,71384",URBANO,VÍA PÚBLICA,PUBLICO,2026/01/25,20:10:00,ARMA DE FUEGO,PISTOLA,DELINCUENCIA COMÚN,AMENAZA,HERIDA POR ARMA DE FUEGO,43,A,HOMBRE,MASCULINO,MESTIZO/A,SOLTERO,ECUADOR,NINGUNA,ESTADO PERSONAL,BASICA
ASESINATO,ZONA 5,GUAYAS,DAULE,JUAN BAUTISTA AGUIRRE,09D19C02S02,JUAN BAUTISTA AGUIRRE 2,09,GUAYAS,0906,DAULE,"-2,05137","-79,88143",URBANO,VÍA PÚBLICA,PUBLICO,2026/01/25,22:30:00,ARMA DE FUEGO,PISTOLA,DELINCUENCIA COMÚN,AMENAZA,HERIDA POR ARMA DE FUEGO,30,A,HOMBRE,MASCULINO,MESTIZO/A,SOLTERO,ECUADOR,NINGUNA,ESTADO PERSONAL,SIN_DATO
ASESINATO,ZONA 5,GUAYAS,DAULE,JUAN BAUTISTA AGUIRRE,09D19C02S02,JUAN BAUTISTA AGUIRRE 2,09,GUAYAS,0906,DAULE,"-2,05137","-79,88143",URBANO,VÍA PÚBLICA,PUBLICO,2026/01/25,22:30:00,ARMA DE FUEGO,PISTOLA,DELINCUENCIA COMÚN,AMENAZA,HERIDA POR ARMA DE FUEGO,29,A,HOMBRE,MASCULINO,MESTIZO/A,SOLTERO,ECUADOR,NINGUNA,ESTADO PERSONAL,SIN_DATO
ASESINATO,ZONA 5,LOS RÍOS,BABAHOYO,MATA DE CACAO,12D01C12S02,MATA DE CACAO 2,12,LOS RÍOS,1201,BABAHOYO,"-2,00492","-79,2687",RURAL,VÍA PÚBLICA,PUBLICO,2026/01/25,17:00:00,ARMA DE FUEGO,PISTOLA,DELINCUENCIA COMÚN,AMENAZA,HERIDA POR ARMA DE FUEGO,19,A,HOMBRE,MASCULINO,MONTUBIO/A,SOLTERO,ECUADOR,NINGUNA,ESTADO PERSONAL,SIN_DATO
ASESINATO,ZONA 5,GUAYAS,DAULE,JUAN BAUTISTA AGUIRRE,09D19C02S02,JUAN BAUTISTA AGUIRRE 2,09,GUAYAS,0906,DAULE,"-2,05137","-79,88143",URBANO,VÍA PÚBLICA,PUBLICO,2026/01/25,22:30:00,ARMA DE FUEGO,PISTOLA,DELINCUENCIA COMÚN,AMENAZA,HERIDA POR ARMA DE FUEGO,21,A,HOMBRE,MASCULINO,MESTIZO/A,SOLTERO,VENEZUELA,NINGUNA,SIN_DATO,SIN_DATO
ASESINATO,ZONA 5,LOS RÍOS,BABAHOYO,MATA DE CACAO,12D01C12S02,MATA DE CACAO 2,12,LOS RÍOS,1201,BABAHOYO,"-2,00492","-79,2687",RURAL,VÍA PÚBLICA,PUBLICO,2026/01/25,17:00:00,ARMA DE FUEGO,PISTOLA,DELINCUENCIA COMÚN,AMENAZA,HERIDA POR ARMA DE FUEGO,60,A,MUJER,FEMENINO,MESTIZO/A,VIUDO,ECUADOR,NINGUNA,ESTADO PERSONAL,SIN_DATO
ASESINATO,ZONA 4,MANABÍ,MANTA,LA FABRIL,13D02C17S01,LA FABRIL 1,13,MANABÍ,1309,MONTECRISTI,"-0,99978","-80,69255",URBANO,VÍA PÚBLICA,PUBLICO,2026/01/25,22:50:00,ARMA DE FUEGO,PISTOLA,DELINCUENCIA COMÚN,AMENAZA,HERIDA POR ARMA DE FUEGO,27,A,HOMBRE,MASCULINO,MESTIZO/A,NO DETERMINADO,OTROS,NINGUNA,SIN_DATO,SIN_DATO
ASESINATO,ZONA 4,MANABÍ,MANTA,LA FABRIL,13D02C17S01,LA FABRIL 1,13,MANABÍ,1309,MONTECRISTI,"-0,99978","-80,69255",URBANO,VÍA PÚBLICA,PUBLICO,2026/01/25,22:50:00,ARMA DE FUEGO,PISTOLA,DELINCUENCIA COMÚN,AMENAZA,HERIDA POR ARMA DE FUEGO,49,A,HOMBRE,MASCULINO,MESTIZO/A,CASADO,ECUADOR,NINGUNA,TRABAJADOR GENERAL,SIN_DATO
ASESINATO,ZONA 4,MANABÍ,MANTA,LA FABRIL,13D02C17S01,LA FABRIL 1,13,MANABÍ,1309,MONTECRISTI,"-0,99978","-80,69255",URBANO,VÍA PÚBLICA,PUBLICO,2026/01/25,22:50:00,ARMA DE FUEGO,PISTOLA,DELINCUENCIA COMÚN,AMENAZA,HERIDA POR ARMA DE FUEGO,31,A,HOMBRE,MASCULINO,NO DETERMINADO,SOLTERO,ECUADOR,NINGUNA,ESTADO PERSONAL,SIN_DATO
ASESINATO,ZONA 5,GUAYAS,DAULE,JUAN BAUTISTA AGUIRRE,09D19C02S02,JUAN BAUTISTA AGUIRRE 2,09,GUAYAS,0906,DAULE,"-2,05137","-79,88143",URBANO,VÍA PÚBLICA,PUBLICO,2026/01/25,02:30:00,ARMA DE FUEGO,PISTOLA,DELINCUENCIA COMÚN,AMENAZA,HERIDA POR ARMA DE FUEGO,19,A,MUJER,FEMENINO,MESTIZO/A,SOLTERO,ECUADOR,NINGUNA,ESTADO PERSONAL,SIN_DATO
ASESINATO,ZONA 4,MANABÍ,MANTA,LA FABRIL,13D02C17S01,LA FABRIL 1,13,MANABÍ,1309,MONTECRISTI,"-0,99978","-80,69255",URBANO,VÍA PÚBLICA,PUBLICO,2026/01/25,22:50:00,ARMA DE FUEGO,PISTOLA,DELINCUENCIA COMÚN,AMENAZA,HERIDA POR ARMA DE FUEGO,27,A,HOMBRE,MASCULINO,NO DETERMINADO,SOLTERO,ECUADOR,NINGUNA,TRABAJADOR GENERAL,SIN_DATO
ASESINATO,ZONA 7,EL ORO,PASAJE,BUENA VISTA,07D01C07S02,BUENA VISTA 2,07,EL ORO,0709,PASAJE,"-3,36687","-79,84414",RURAL,VÍA PÚBLICA,PUBLICO,2026/01/25,21:10:00,ARMA DE FUEGO,PISTOLA,DELINCUENCIA COMÚN,TRÁFICO INTERNO DE DROGAS (MICROTRÁFICO),HERIDA POR ARMA DE FUEGO,30,A,HOMBRE,MASCULINO,MESTIZO/A,SOLTERO,ECUADOR,NINGUNA,TRABAJADOR GENERAL,SIN_DATO
ASESINATO,ZONA 9,D.M. QUITO,CALDERÓN,OYACOTO,17D02C06S01,OYACOTO 1,17,PICHINCHA,1701,QUITO,"-0,094","-78,40063",RURAL,TERRENO BALDÍO,PUBLICO,2026/01/26,15:30:00,ARMA DE FUEGO,OTROS ARMA CORTA,DELINCUENCIA COMÚN,AMENAZA,HERIDA POR ARMA DE FUEGO,35,A,HOMBRE,MASCULINO,MESTIZO/A,NO DETERMINADO,NO DETERMINADO,NINGUNA,SIN_DATO,SIN_DATO
ASESINATO,ZONA 9,D.M. QUITO,CALDERÓN,OYACOTO,17D02C06S01,OYACOTO 1,17,PICHINCHA,1701,QUITO,"-0,094","-78,40063",RURAL,TERRENO BALDÍO,PUBLICO,2026/01/26,15:30:00,ARMA DE FUEGO,OTROS ARMA CORTA,DELINCUENCIA COMÚN,AMENAZA,HERIDA POR ARMA DE FUEGO,34,A,HOMBRE,MASCULINO,MESTIZO/A,SOLTERO,ECUADOR,NINGUNA,ESTADO PERSONAL,PRIMARIA
ASESINATO,ZONA 9,D.M. QUITO,CALDERÓN,OYACOTO,17D02C06S01,OYACOTO 1,17,PICHINCHA,1701,QUITO,"-0,094","-78,40063",RURAL,TERRENO BALDÍO,PUBLICO,2026/01/26,15:30:00,ARMA DE FUEGO,OTROS ARMA CORTA,DELINCUENCIA COMÚN,AMENAZA,HERIDA POR ARMA DE FUEGO,33,A,HOMBRE,MASCULINO,MESTIZO/A,DIVORCIADO,ECUADOR,NINGUNA,TRABAJADOR GENERAL,SIN_DATO
ASESINATO,ZONA 1,ESMERALDAS,ESMERALDAS,SANTA VAINAS,08D01C14S01,SANTA VAINAS 1,08,ESMERALDAS,0801,ESMERALDAS,"0,96538","-79,66066",URBANO,CENTROS DE REHABILITACIÓN SOCIAL,PRIVADO,2026/01/26,02:00:00,ARMA BLANCA,BISTURI,DELINCUENCIA COMÚN,AMENAZA,ESTRANGULACION,59,A,MUJER,FEMENINO,AFRO,SOLTERO,ECUADOR,NINGUNA,ESTADO PERSONAL,SIN_DATO
ASESINATO,ZONA 8,D.M. GUAYAQUIL,SUR - DMG,FLORESTA,09D01C03S03,FLORESTA 3,09,GUAYAS,0901,GUAYAQUIL,"-2,26063","-79,8935",URBANO,CANCHAS DE USO MÚLTIPLE,PUBLICO,2026/01/26,20:21:00,ARMA DE FUEGO,PISTOLA,DELINCUENCIA COMÚN,AMENAZA,HERIDA POR ARMA DE FUEGO,39,A,HOMBRE,MASCULINO,MESTIZO/A,SOLTERO,ECUADOR,NINGUNA,ESTADO PERSONAL,SIN_DATO
ASESINATO,ZONA 8,D.M. GUAYAQUIL,SUR - DMG,FLORESTA,09D01C03S02,FLORESTA 2,09,GUAYAS,0901,GUAYAQUIL,"-2,25713","-79,88104",URBANO,VÍA PÚBLICA,PUBLICO,2026/01/27,03:40:00,ARMA DE FUEGO,PISTOLA,DELINCUENCIA COMÚN,AMENAZA,HERIDA POR ARMA DE FUEGO,19,A,HOMBRE,MASCULINO,MESTIZO/A,SOLTERO,ECUADOR,NINGUNA,BACHILLER CIENCIAS,SIN_DATO
ASESINATO,ZONA 7,EL ORO,HUAQUILLAS,ARENILLAS,07D05C02S01,ARENILLAS 1,07,EL ORO,0702,ARENILLAS,"-3,56012","-80,05872",URBANO,TERRENO BALDÍO,PUBLICO,2026/01/26,00:50:00,ARMA BLANCA,CUCHILLO,DELINCUENCIA COMÚN,TRÁFICO INTERNO DE DROGAS (MICROTRÁFICO),HERIDA POR ARMA BLANCA,26,A,HOMBRE,MASCULINO,MESTIZO/A,SOLTERO,ECUADOR,NINGUNA,BACHILLER CIENCIAS,SIN_DATO
ASESINATO,ZONA 7,EL ORO,MACHALA,WILSON FRANCO,07D02C18S01,WILSON FRANCO 1,07,EL ORO,0701,MACHALA,"-3,26826","-79,99849",URBANO,VÍA PÚBLICA,PUBLICO,2026/01/26,11:00:00,ARMA DE FUEGO,PISTOLA,DELINCUENCIA COMÚN,TRÁFICO INTERNO DE DROGAS (MICROTRÁFICO),HERIDA POR ARMA DE FUEGO,31,A,MUJER,FEMENINO,MESTIZO/A,SOLTERO,ECUADOR,NINGUNA,BACHILLER TÉCNICO,SIN_DATO
ASESINATO,ZONA 8,D.M. GUAYAQUIL,DURÁN,RECREO,09D24C05S08,RECREO 8,09,GUAYAS,0907,DURÁN,"-2,17747","-79,82689",URBANO,VÍA PÚBLICA,PUBLICO,2026/01/26,20:00:00,ARMA DE FUEGO,PISTOLA,DELINCUENCIA COMÚN,AMENAZA,HERIDA POR ARMA DE FUEGO,52,A,HOMBRE,MASCULINO,MESTIZO/A,SOLTERO,ECUADOR,NINGUNA,CHOFER/CONDUCTOR,SIN_DATO
ASESINATO,ZONA 8,D.M. GUAYAQUIL,DURÁN,RECREO,09D24C05S02,RECREO 2,09,GUAYAS,0907,DURÁN,"-2,175","-79,80808",URBANO,VÍA PÚBLICA,PUBLICO,2026/01/26,23:00:00,ARMA DE FUEGO,PISTOLA,DELINCUENCIA COMÚN,AMENAZA,HERIDA POR ARMA DE FUEGO,59,A,HOMBRE,MASCULINO,MESTIZO/A,SOLTERO,ECUADOR,NINGUNA,TRABAJADOR COMERCIAL,SIN_DATO
ASESINATO,ZONA 2,ORELLANA,ORELLANA LORETO,COCA OCCIDENTE,22D02C05S01,COCA OCCIDENTE 1,22,ORELLANA,2201,FRANCISCO DE ORELLANA,"-0,46892","-76,98962",URBANO,VÍA PÚBLICA,PUBLICO,2026/01/26,14:50:00,ARMA DE FUEGO,PISTOLA,DELINCUENCIA COMÚN,AMENAZA,HERIDA POR ARMA DE FUEGO,21,A,HOMBRE,MASCULINO,MESTIZO/A,SOLTERO,ECUADOR,NINGUNA,BACHILLER TÉCNICO,SIN_DATO
ASESINATO,ZONA 8,D.M. GUAYAQUIL,DURÁN,RECREO,09D24C05S01,RECREO 1,09,GUAYAS,0907,DURÁN,"-2,17875","-79,81081",URBANO,VÍA PÚBLICA,PUBLICO,2026/01/26,23:00:00,ARMA DE FUEGO,PISTOLA,DELINCUENCIA COMÚN,AMENAZA,HERIDA POR ARMA DE FUEGO,16,A,HOMBRE,MASCULINO,MESTIZO/A,SOLTERO,ECUADOR,NINGUNA,SIN_DATO,SIN_DATO
ASESINATO,ZONA 7,EL ORO,SANTA ROSA,SANTA ROSA ESTE,07D06C04S02,SANTA ROSA ESTE 2,07,EL ORO,0712,SANTA ROSA,"-3,45404","-79,96847",URBANO,VÍA PÚBLICA,PUBLICO,2026/01/26,22:00:00,ARMA DE FUEGO,PISTOLA,DELINCUENCIA COMÚN,TRÁFICO INTERNO DE DROGAS (MICROTRÁFICO),HERIDA POR ARMA DE FUEGO,33,A,HOMBRE,MASCULINO,MESTIZO/A,SOLTERO,ECUADOR,NINGUNA,TRABAJADOR GENERAL,BASICA
ASESINATO,ZONA 8,D.M. GUAYAQUIL,DURÁN,RECREO,09D24C05S01,RECREO 1,09,GUAYAS,0907,DURÁN,"-2,17875","-79,81081",URBANO,VÍA PÚBLICA,PUBLICO,2026/01/26,23:00:00,ARMA DE FUEGO,PISTOLA,DELINCUENCIA COMÚN,AMENAZA,HERIDA POR ARMA DE FUEGO,24,A,MUJER,FEMENINO,MESTIZO/A,NO DETERMINADO,OTROS,NINGUNA,SIN_DATO,SIN_DATO
ASESINATO,ZONA 2,ORELLANA,ORELLANA LORETO,COCA OCCIDENTE,22D02C05S01,COCA OCCIDENTE 1,22,ORELLANA,2201,FRANCISCO DE ORELLANA,"-0,46892","-76,98962",URBANO,VÍA PÚBLICA,PUBLICO,2026/01/26,14:50:00,ARMA DE FUEGO,PISTOLA,DELINCUENCIA COMÚN,AMENAZA,HERIDA POR ARMA DE FUEGO,34,A,HOMBRE,MASCULINO,MESTIZO/A,SOLTERO,ECUADOR,NINGUNA,ESTADO PERSONAL,SIN_DATO
ASESINATO,ZONA 7,EL ORO,SANTA ROSA,SANTA ROSA ESTE,07D06C04S02,SANTA ROSA ESTE 2,07,EL ORO,0712,SANTA ROSA,"-3,45978","-79,97386",URBANO,VÍA PÚBLICA,PUBLICO,2026/01/26,20:39:00,ARMA DE FUEGO,PISTOLA,DELINCUENCIA COMÚN,TRÁFICO INTERNO DE DROGAS (MICROTRÁFICO),HERIDA POR ARMA DE FUEGO,17,A,HOMBRE,MASCULINO,MESTIZO/A,SOLTERO,ECUADOR,NINGUNA,SIN_DATO,SIN_DATO
ASESINATO,ZONA 5,GUAYAS,DAULE,JUAN BAUTISTA AGUIRRE,09D19C02S02,JUAN BAUTISTA AGUIRRE 2,09,GUAYAS,0906,DAULE,"-2,04977","-79,88805",URBANO,VÍA PÚBLICA,PUBLICO,2026/01/25,23:30:00,ARMA DE FUEGO,PISTOLA,DELINCUENCIA COMÚN,AMENAZA,HERIDA POR ARMA DE FUEGO,24,A,HOMBRE,MASCULINO,AFRO,SOLTERO,ECUADOR,NINGUNA,ESTADO PERSONAL,SIN_DATO
ASESINATO,ZONA 5,LOS RÍOS,VINCES,AUGUSTO VALENCIA,12D05C07S01,AUGUSTO VALENCIA 1,12,LOS RÍOS,1208,VINCES,"-1,56533","-79,74547",RURAL,VÍA PÚBLICA,PUBLICO,2026/01/26,21:20:00,ARMA DE FUEGO,PISTOLA,DELINCUENCIA COMÚN,ROBO DE MOTOS,HERIDA POR ARMA DE FUEGO,24,A,HOMBRE,MASCULINO,MESTIZO/A,SOLTERO,ECUADOR,NINGUNA,BACHILLER CIENCIAS,SIN_DATO
ASESINATO,ZONA 7,EL ORO,MACHALA,LA FERROVIARIA,07D02C15S01,LA FERROVIARIA 1,07,EL ORO,0701,MACHALA,"-3,28256","-79,92821",URBANO,VÍA PÚBLICA,PUBLICO,2026/01/26,22:45:00,ARMA BLANCA,CUCHILLO,DELINCUENCIA COMÚN,AMENAZA,HERIDA POR ARMA BLANCA,22,A,HOMBRE,MASCULINO,MESTIZO/A,SOLTERO,ECUADOR,NINGUNA,BACHILLER CIENCIAS,SIN_DATO
ASESINATO,ZONA 2,ORELLANA,ORELLANA LORETO,COCA OCCIDENTE,22D02C05S01,COCA OCCIDENTE 1,22,ORELLANA,2201,FRANCISCO DE ORELLANA,"-0,46428","-76,98819",URBANO,VÍA PÚBLICA,PUBLICO,2026/01/26,03:30:00,ARMA DE FUEGO,PISTOLA,DELINCUENCIA COMÚN,AMENAZA,HERIDA POR ARMA DE FUEGO,30,A,MUJER,FEMENINO,MESTIZO/A,NO DETERMINADO,VENEZUELA,NINGUNA,SIN_DATO,SIN_DATO
ASESINATO,ZONA 8,D.M. GUAYAQUIL,ESTEROS,MALVINAS SUR,09D02C02S03,MALVINAS SUR 3,09,GUAYAS,0901,GUAYAQUIL,"-2,23854","-79,90641",URBANO,VÍA PÚBLICA,PUBLICO,2026/01/27,04:20:00,ARMA DE FUEGO,PISTOLA,DELINCUENCIA COMÚN,AMENAZA,HERIDA POR ARMA DE FUEGO,SIN_DATO,SIN_DATO,MUJER,FEMENINO,MESTIZO/A,NO DETERMINADO,NO DETERMINADO,NINGUNA,SIN_DATO,SIN_DATO
ASESINATO,ZONA 7,EL ORO,PASAJE,BUENA VISTA,07D01C07S02,BUENA VISTA 2,07,EL ORO,0709,PASAJE,"-3,38526","-79,8067",RURAL,VÍA PÚBLICA,PUBLICO,2026/01/27,03:14:00,ARMA BLANCA,CORTO PUNZANTE,DELINCUENCIA COMÚN,AMENAZA,HERIDA POR ARMA BLANCA,29,A,HOMBRE,MASCULINO,MESTIZO/A,SOLTERO,ECUADOR,NINGUNA,ESTADO PERSONAL,SIN_DATO
ASESINATO,ZONA 7,EL ORO,PASAJE,BUENA VISTA,07D01C07S02,BUENA VISTA 2,07,EL ORO,0709,PASAJE,"-3,38526","-79,8067",RURAL,VÍA PÚBLICA,PUBLICO,2026/01/27,03:14:00,ARMA BLANCA,CORTO PUNZANTE,DELINCUENCIA COMÚN,AMENAZA,HERIDA POR ARMA BLANCA,17,A,HOMBRE,MASCULINO,MESTIZO/A,SOLTERO,ECUADOR,NINGUNA,ESTADO PERSONAL,SIN_DATO
ASESINATO,ZONA 7,EL ORO,MACHALA,NUEVO PILO,07D02C02S01,NUEVO PILO 1,07,EL ORO,0701,MACHALA,"-3,27282","-79,96495",URBANO,VÍA PÚBLICA,PUBLICO,2026/01/27,19:00:00,ARMA DE FUEGO,PISTOLA,DELINCUENCIA COMÚN,TRÁFICO INTERNO DE DROGAS (MICROTRÁFICO),HERIDA POR ARMA DE FUEGO,26,A,HOMBRE,MASCULINO,MESTIZO/A,SOLTERO,ECUADOR,NINGUNA,ESTADO PERSONAL,PRIMARIA
ASESINATO,ZONA 4,MANABÍ,ROCAFUERTE,LA FLORIDA,13D12C03S01,LA FLORIDA 1,13,MANABÍ,1315,TOSAGUA,"-0,699","-80,3171",RURAL,VÍA PÚBLICA,PUBLICO,2026/01/27,18:00:00,ARMA DE FUEGO,PISTOLA,DELINCUENCIA COMÚN,TRÁFICO INTERNO DE DROGAS (MICROTRÁFICO),HERIDA POR ARMA DE FUEGO,40,A,HOMBRE,MASCULINO,MESTIZO/A,SOLTERO,ECUADOR,NINGUNA,TRABAJADOR GENERAL,SIN_DATO
ASESINATO,ZONA 8,D.M. GUAYAQUIL,SUR - DMG,GUASMO,09D01C01S01,GUASMO 1,09,GUAYAS,0901,GUAYAQUIL,"-2,28493","-79,8828",URBANO,MAR,PUBLICO,2026/01/27,01:55:00,ARMA BLANCA,CORTO PUNZANTE,DELINCUENCIA COMÚN,AMENAZA,HERIDA POR ARMA BLANCA,33,A,HOMBRE,FEMENINO,MESTIZO/A,SOLTERO,ECUADOR,NINGUNA,TRABAJADOR GENERAL,SIN_DATO
ASESINATO,ZONA 8,D.M. GUAYAQUIL,SUR - DMG,GUASMO,09D01C01S01,GUASMO 1,09,GUAYAS,0901,GUAYAQUIL,"-2,28493","-79,8828",URBANO,MAR,PUBLICO,2026/01/27,01:55:00,ARMA BLANCA,CORTO PUNZANTE,DELINCUENCIA COMÚN,AMENAZA,HERIDA POR ARMA BLANCA,22,A,HOMBRE,MASCULINO,MESTIZO/A,SOLTERO,ECUADOR,NINGUNA,ESTADO PERSONAL,SIN_DATO
ASESINATO,ZONA 8,D.M. GUAYAQUIL,SUR - DMG,GUASMO,09D01C01S01,GUASMO 1,09,GUAYAS,0901,GUAYAQUIL,"-2,28493","-79,8828",URBANO,MAR,PUBLICO,2026/01/27,01:55:00,ARMA BLANCA,CORTO PUNZANTE,DELINCUENCIA COMÚN,AMENAZA,HERIDA POR ARMA BLANCA,26,A,HOMBRE,MASCULINO,MESTIZO/A,SOLTERO,ECUADOR,NINGUNA,ESTADO PERSONAL,SIN_DATO
ASESINATO,ZONA 5,LOS RÍOS,QUEVEDO,CONTROL,12D03C02S02,CONTROL 2,12,LOS RÍOS,1205,QUEVEDO,"-1,00272","-79,4766",URBANO,VÍA PÚBLICA,PUBLICO,2026/01/27,20:30:00,ARMA DE FUEGO,PISTOLA,DELINCUENCIA COMÚN,AMENAZA,HERIDA POR ARMA DE FUEGO,20,A,HOMBRE,MASCULINO,MESTIZO/A,SOLTERO,ECUADOR,NINGUNA,BACHILLER TÉCNICO,SIN_DATO
ASESINATO,ZONA 8,D.M. GUAYAQUIL,DURÁN,LIGA CANTONAL,09D24C08S02,LIGA CANTONAL 2,09,GUAYAS,0907,DURÁN,"-2,16164","-79,83753",URBANO,VÍA PÚBLICA,PUBLICO,2026/01/28,04:00:00,ARMA DE FUEGO,PISTOLA,DELINCUENCIA COMÚN,AMENAZA,HERIDA POR ARMA DE FUEGO,36,A,HOMBRE,MASCULINO,MESTIZO/A,SOLTERO,ECUADOR,NINGUNA,ESTADO PERSONAL,BACHILLERATO
ASESINATO,ZONA 8,D.M. GUAYAQUIL,DURÁN,LIGA CANTONAL,09D24C08S02,LIGA CANTONAL 2,09,GUAYAS,0907,DURÁN,"-2,16164","-79,83753",URBANO,VÍA PÚBLICA,PUBLICO,2026/01/28,04:00:00,ARMA DE FUEGO,PISTOLA,DELINCUENCIA COMÚN,AMENAZA,HERIDA POR ARMA DE FUEGO,34,A,HOMBRE,MASCULINO,MESTIZO/A,SOLTERO,ECUADOR,NINGUNA,ESTADO PERSONAL,SIN_DATO
ASESINATO,ZONA 8,D.M. GUAYAQUIL,DURÁN,LIGA CANTONAL,09D24C08S02,LIGA CANTONAL 2,09,GUAYAS,0907,DURÁN,"-2,16164","-79,83753",URBANO,VÍA PÚBLICA,PUBLICO,2026/01/28,04:00:00,ARMA DE FUEGO,PISTOLA,DELINCUENCIA COMÚN,AMENAZA,HERIDA POR ARMA DE FUEGO,33,A,HOMBRE,MASCULINO,MESTIZO/A,CASADO,ECUADOR,NINGUNA,BACHILLER CIENCIAS,SIN_DATO
ASESINATO,ZONA 2,ORELLANA,ORELLANA LORETO,COCA OCCIDENTE,22D02C05S01,COCA OCCIDENTE 1,22,ORELLANA,2201,FRANCISCO DE ORELLANA,"-0,468","-76,99182",URBANO,VÍA PÚBLICA,PUBLICO,2026/01/27,22:50:00,ARMA DE FUEGO,PISTOLA,DELINCUENCIA COMÚN,AMENAZA,HERIDA POR ARMA DE FUEGO,24,A,HOMBRE,MASCULINO,MULATO/A,SOLTERO,ECUADOR,NINGUNA,SIN_DATO,SIN_DATO
ASESINATO,ZONA 5,LOS RÍOS,QUEVEDO,LA MERCED,12D03C04S01,LA MERCED 1,12,LOS RÍOS,1205,QUEVEDO,"-1,01528","-79,45981",URBANO,VÍA PÚBLICA,PUBLICO,2026/01/27,17:30:00,ARMA DE FUEGO,PISTOLA,DELINCUENCIA COMÚN,AMENAZA,HERIDA POR ARMA DE FUEGO,20,A,HOMBRE,MASCULINO,MESTIZO/A,SOLTERO,ECUADOR,NINGUNA,ESTADO PERSONAL,SIN_DATO
ASESINATO,ZONA 8,D.M. GUAYAQUIL,MODELO,SAUCES,09D05C02S07,SAUCES 7,09,GUAYAS,0901,GUAYAQUIL,"-2,12883","-79,89222",URBANO,VÍA PÚBLICA,PUBLICO,2026/01/28,00:00:00,ARMA DE FUEGO,OTROS ARMA CORTA,DELINCUENCIA COMÚN,AMENAZA,HERIDA POR ARMA DE FUEGO,32,A,HOMBRE,MASCULINO,MESTIZO/A,SOLTERO,ECUADOR,NINGUNA,BACHILLER CIENCIAS,SIN_DATO
ASESINATO,ZONA 4,MANABÍ,SUCRE,BAHÍA,13D11C01S01,BAHÍA 1,13,MANABÍ,1314,SUCRE,"-0,62605","-80,42912",URBANO,CASA/VILLA,PRIVADO,2026/01/28,02:17:00,ARMA DE FUEGO,FUSIL,DELINCUENCIA COMÚN,TRÁFICO INTERNO DE DROGAS (MICROTRÁFICO),HERIDA POR ARMA DE FUEGO,38,A,HOMBRE,MASCULINO,MESTIZO/A,DIVORCIADO,ECUADOR,NINGUNA,BACHILLER CIENCIAS,BACHILLERATO
ASESINATO,ZONA 4,MANABÍ,SUCRE,BAHÍA,13D11C01S01,BAHÍA 1,13,MANABÍ,1314,SUCRE,"-0,62605","-80,42912",URBANO,CASA/VILLA,PRIVADO,2026/01/28,02:17:00,ARMA DE FUEGO,FUSIL,DELINCUENCIA COMÚN,TRÁFICO INTERNO DE DROGAS (MICROTRÁFICO),HERIDA POR ARMA DE FUEGO,34,A,MUJER,FEMENINO,MESTIZO/A,SOLTERO,ECUADOR,NINGUNA,ESTADO PERSONAL,SIN_DATO
ASESINATO,ZONA 8,D.M. GUAYAQUIL,9 DE OCTUBRE,GARAY,09D03C04S01,GARAY 1,09,GUAYAS,0901,GUAYAQUIL,"-2,196","-79,89735",URBANO,VÍA PÚBLICA,PUBLICO,2026/01/27,19:45:00,ARMA DE FUEGO,OTROS ARMA CORTA,DELINCUENCIA COMÚN,AMENAZA,HERIDA POR ARMA DE FUEGO,30,A,HOMBRE,MASCULINO,MESTIZO/A,SOLTERO,ECUADOR,NINGUNA,BACHILLER CIENCIAS,SIN_DATO
ASESINATO,ZONA 1,ESMERALDAS,ESMERALDAS,VALLE HERMOSO,08D01C08S01,VALLE HERMOSO 1,08,ESMERALDAS,0801,ESMERALDAS,"0,91396","-79,68718",URBANO,CASA/VILLA,PRIVADO,2026/01/27,19:40:00,ARMA DE FUEGO,PISTOLA,DELINCUENCIA COMÚN,AMENAZA,HERIDA POR ARMA DE FUEGO,34,A,HOMBRE,MASCULINO,MESTIZO/A,CASADO,ECUADOR,NINGUNA,BACHILLER TÉCNICO,SIN_DATO
ASESINATO,ZONA 1,ESMERALDAS,SAN LORENZO,FRONTERA,08D05C01S03,FRONTERA 3,08,ESMERALDAS,0805,SAN LORENZO,"1,26144","-78,79404",URBANO,VÍA PÚBLICA,PUBLICO,2026/01/27,17:34:00,ARMA DE FUEGO,PISTOLA,DELINCUENCIA COMÚN,AMENAZA,HERIDA POR ARMA DE FUEGO,24,A,HOMBRE,MASCULINO,AFRO,SOLTERO,ECUADOR,NINGUNA,SIN_DATO,NINGUNA
ASESINATO,ZONA 8,D.M. GUAYAQUIL,PORTETE,CHALA,09D04C02S03,CHALA 3,09,GUAYAS,0901,GUAYAQUIL,"-2,20919","-79,92482",URBANO,VÍA PÚBLICA,PUBLICO,2026/01/28,03:30:00,ARMA DE FUEGO,OTROS ARMA CORTA,DELINCUENCIA COMÚN,AMENAZA,HERIDA POR ARMA DE FUEGO,26,A,HOMBRE,MASCULINO,MESTIZO/A,SOLTERO,ECUADOR,NINGUNA,BACHILLER CIENCIAS,SIN_DATO
HOMICIDIO,ZONA 9,D.M. QUITO,EUGENIO ESPEJO,UNIVERSITARIO,17D05C04S03,UNIVERSITARIO 3,17,PICHINCHA,1701,QUITO,"-0,18949","-78,5183",URBANO,VÍA PÚBLICA,PUBLICO,2026/01/27,15:00:00,OTROS,NINGUNA,VIOLENCIA COMUNITARIA,RIÑAS,HERIDAS CONTUSAS,22,A,HOMBRE,MASCULINO,MESTIZO/A,SOLTERO,ECUADOR,NINGUNA,ARTESANO/OFICIO,SIN_DATO
ASESINATO,ZONA 5,GUAYAS,PEDRO CARBO,LOMAS DE SARGENTILLO,09D14C05S01,LOMAS DE SARGENTILLO 1,09,GUAYAS,0924,LOMAS DE SARGENTILLO,"-1,87393","-80,09096",URBANO,VÍA PÚBLICA,PUBLICO,2026/01/28,13:30:00,ARMA DE FUEGO,PISTOLA,DELINCUENCIA COMÚN,AMENAZA,HERIDA POR ARMA DE FUEGO,18,A,HOMBRE,MASCULINO,MESTIZO/A,SOLTERO,ECUADOR,NINGUNA,ESTADO PERSONAL,SIN_DATO
ASESINATO,ZONA 8,D.M. GUAYAQUIL,DURÁN,CENTRO,09D24C02S03,CENTRO 3,09,GUAYAS,0907,DURÁN,"-2,17027","-79,84462",URBANO,VÍA PÚBLICA,PUBLICO,2026/01/28,12:30:00,ARMA DE FUEGO,PISTOLA,DELINCUENCIA COMÚN,AMENAZA,HERIDA POR ARMA DE FUEGO,42,A,HOMBRE,MASCULINO,MESTIZO/A,EN UNION DE HECHO,ECUADOR,NINGUNA,ESTADO PERSONAL,SIN_DATO
ASESINATO,ZONA 4,MANABÍ,MANTA,JARAMIJO,13D02C20S02,JARAMIJO 2,13,MANABÍ,1321,JARAMIJÓ,"-0,9942","-80,6168",RURAL,VÍA PÚBLICA,PUBLICO,2026/01/28,05:00:00,ARMA DE FUEGO,PISTOLA,DELINCUENCIA COMÚN,AMENAZA,HERIDA POR ARMA DE FUEGO,30,A,HOMBRE,MASCULINO,MESTIZO/A,SOLTERO,ECUADOR,NINGUNA,ESTADO PERSONAL,SIN_DATO
ASESINATO,ZONA 4,MANABÍ,MANTA,LA FABRIL,13D02C17S01,LA FABRIL 1,13,MANABÍ,1309,MONTECRISTI,"-0,9972","-80,6933",URBANO,VÍA PÚBLICA,PUBLICO,2026/01/28,12:00:00,ARMA DE FUEGO,PISTOLA,DELINCUENCIA COMÚN,TRÁFICO INTERNO DE DROGAS (MICROTRÁFICO),HERIDA POR ARMA DE FUEGO,29,A,HOMBRE,MASCULINO,MESTIZO/A,SOLTERO,ECUADOR,NINGUNA,ARTESANO/OFICIO,SIN_DATO
HOMICIDIO,ZONA 9,D.M. QUITO,LOS CHILLOS,AMAGUAÑA CENTRO,17D08C06S01,AMAGUAÑA CENTRO 1,17,PICHINCHA,1701,QUITO,"-0,38208","-78,51111",URBANO,CASA/VILLA,PRIVADO,2026/01/28,21:40:00,ARMA DE FUEGO,PISTOLA,DELINCUENCIA COMÚN,AMENAZA,HERIDA POR ARMA DE FUEGO,22,A,HOMBRE,MASCULINO,MESTIZO/A,SOLTERO,ECUADOR,NINGUNA,BACHILLER TÉCNICO,SIN_DATO
ASESINATO,ZONA 7,EL ORO,MACHALA,27 DE FEBRERO,07D02C07S01,27 DE FEBRERO 1,07,EL ORO,0701,MACHALA,"-3,26021","-79,96869",URBANO,VÍA PÚBLICA,PUBLICO,2026/01/28,22:30:00,ARMA DE FUEGO,PISTOLA,DELINCUENCIA COMÚN,TRÁFICO INTERNO DE DROGAS (MICROTRÁFICO),HERIDA POR ARMA DE FUEGO,38,A,HOMBRE,MASCULINO,MESTIZO/A,SOLTERO,ECUADOR,NINGUNA,TRABAJADOR GENERAL,SIN_DATO
ASESINATO,ZONA 1,ESMERALDAS,ATACAMES,MUISNE,08D03C02S03,MUISNE 3,08,ESMERALDAS,0803,MUISNE,"0,63987","-79,94712",URBANO,CASA/VILLA,PRIVADO,2026/01/29,02:00:00,ARMA DE FUEGO,PISTOLA,DELINCUENCIA COMÚN,AMENAZA,HERIDA POR ARMA DE FUEGO,59,A,MUJER,FEMENINO,MESTIZO/A,DIVORCIADO,ECUADOR,NINGUNA,ESTADO PERSONAL,SIN_DATO
ASESINATO,ZONA 7,EL ORO,MACHALA,WILSON FRANCO,07D02C18S01,WILSON FRANCO 1,07,EL ORO,0701,MACHALA,"-3,26694","-79,99667",URBANO,VÍA PÚBLICA,PUBLICO,2026/01/24,17:35:00,ARMA DE FUEGO,PISTOLA,DELINCUENCIA COMÚN,TRÁFICO INTERNO DE DROGAS (MICROTRÁFICO),HERIDA POR ARMA DE FUEGO,26,A,HOMBRE,MASCULINO,MESTIZO/A,SOLTERO,ECUADOR,NINGUNA,BACHILLER CIENCIAS,SIN_DATO
ASESINATO,ZONA 8,D.M. GUAYAQUIL,DURÁN,RECREO,09D24C05S03,RECREO 3,09,GUAYAS,0907,DURÁN,"-2,17334","-79,80423",URBANO,VÍA PÚBLICA,PUBLICO,2026/01/29,06:30:00,ARMA DE FUEGO,PISTOLA,DELINCUENCIA COMÚN,ROBO A PERSONAS,HERIDA POR ARMA DE FUEGO,28,A,HOMBRE,MASCULINO,MESTIZO/A,SOLTERO,ECUADOR,NINGUNA,ESTADO PERSONAL,SIN_DATO
ASESINATO,ZONA 4,MANABÍ,MANTA,MURCIÉLAGO,13D02C06S02,MURCIÉLAGO 2,13,MANABÍ,1308,MANTA,"-0,9425","-80,7254",URBANO,VÍA PÚBLICA,PUBLICO,2026/01/28,14:00:00,ARMA DE FUEGO,PISTOLA,DELINCUENCIA COMÚN,AMENAZA,HERIDA POR ARMA DE FUEGO,17,A,HOMBRE,MASCULINO,MESTIZO/A,SOLTERO,ECUADOR,NINGUNA,ESTADO PERSONAL,SIN_DATO
ASESINATO,ZONA 5,LOS RÍOS,VENTANAS,QUINSALOMA,12D04C07S01,QUINSALOMA 1,12,LOS RÍOS,1213,QUINSALOMA,"-1,18807","-79,31196",RURAL,RÍO,PUBLICO,2026/01/28,08:00:00,ARMA DE FUEGO,PISTOLA,DELINCUENCIA COMÚN,TRÁFICO INTERNO DE DROGAS (MICROTRÁFICO),HERIDA POR ARMA DE FUEGO,20,A,HOMBRE,MASCULINO,MESTIZO/A,SOLTERO,ECUADOR,NINGUNA,ESTADO PERSONAL,SIN_DATO
ASESINATO,ZONA 8,D.M. GUAYAQUIL,NUEVA PROSPERINA,NUEVA PROSPERINA,09D08C01S01,NUEVA PROSPERINA 1,09,GUAYAS,0901,GUAYAQUIL,"-2,13046","-79,96151",URBANO,VÍA PÚBLICA,PUBLICO,2026/01/29,20:50:00,ARMA DE FUEGO,REVOLVER,DELINCUENCIA COMÚN,TRÁFICO INTERNO DE DROGAS (MICROTRÁFICO),HERIDA POR ARMA DE FUEGO,29,A,HOMBRE,MASCULINO,AFRO,SOLTERO,ECUADOR,NINGUNA,ESTADO PERSONAL,SIN_DATO
ASESINATO,ZONA 2,PICHINCHA,CAYAMBE,TABACUNDO,17D10C07S01,TABACUNDO 1,17,PICHINCHA,1704,PEDRO MONCAYO,"0,04509","-78,22251",URBANO,VÍA PÚBLICA,PUBLICO,2026/01/29,22:15:00,ARMA DE FUEGO,PISTOLA,DELINCUENCIA COMÚN,AMENAZA,HERIDA POR ARMA DE FUEGO,26,A,HOMBRE,MASCULINO,OTROS,SOLTERO,ECUADOR,NINGUNA,BACHILLER CIENCIAS,SIN_DATO
ASESINATO,ZONA 6,CAÑAR,LA TRONCAL,TRONCAL CENTRO,03D03C02S01,TRONCAL CENTRO 1,03,CAÑAR,0304,LA TRONCAL,"-2,34938","-79,31205",RURAL,MAR,PUBLICO,2026/01/23,01:00:00,ARMA DE FUEGO,PISTOLA,DELINCUENCIA COMÚN,TRÁFICO INTERNO DE DROGAS (MICROTRÁFICO),HERIDA POR ARMA DE FUEGO,17,A,HOMBRE,MASCULINO,MESTIZO/A,SOLTERO,ECUADOR,NINGUNA,ESTADO PERSONAL,SIN_DATO
ASESINATO,ZONA 7,EL ORO,SANTA ROSA,SANTA ROSA ESTE,07D06C04S01,SANTA ROSA ESTE 1,07,EL ORO,0712,SANTA ROSA,"-3,41124","-79,99698",URBANO,VÍA PÚBLICA,PUBLICO,2026/01/29,14:30:00,ARMA DE FUEGO,PISTOLA,DELINCUENCIA COMÚN,AMENAZA,HERIDA POR ARMA DE FUEGO,22,A,HOMBRE,MASCULINO,MESTIZO/A,SOLTERO,ECUADOR,NINGUNA,ESTADO PERSONAL,SIN_DATO
HOMICIDIO,ZONA 5,LOS RÍOS,BUENA FE,PATRICIA PILAR,12D06C05S01,PATRICIA PILAR 1,12,LOS RÍOS,1210,BUENA FE,"-0,54502","-79,37372",RURAL,VÍA PÚBLICA,PUBLICO,2026/01/29,03:00:00,OTROS,NINGUNA,DELINCUENCIA COMÚN,AMENAZA,SOFOCACION,48,A,HOMBRE,MASCULINO,MESTIZO/A,CASADO,ECUADOR,NINGUNA,ESTADO PERSONAL,SIN_DATO
ASESINATO,ZONA 8,D.M. GUAYAQUIL,PASCUALES,ORQUÍDEAS,09D07C05S02,ORQUÍDEAS 2,09,GUAYAS,0901,GUAYAQUIL,"-2,089","-79,90178",URBANO,CASA/VILLA,PRIVADO,2026/01/29,23:00:00,ARMA DE FUEGO,PISTOLA,DELINCUENCIA COMÚN,TRÁFICO INTERNO DE DROGAS (MICROTRÁFICO),HERIDA POR ARMA DE FUEGO,SIN_DATO,SIN_DATO,HOMBRE,MASCULINO,MESTIZO/A,NO DETERMINADO,OTROS,NINGUNA,SIN_DATO,SIN_DATO
ASESINATO,ZONA 7,EL ORO,PASAJE,VELASCO IBARRA,07D01C08S01,VELASCO IBARRA 1,07,EL ORO,0709,PASAJE,"-3,32811","-79,78781",URBANO,CASA/VILLA,PRIVADO,2026/01/29,14:00:00,ARMA DE FUEGO,PISTOLA,DELINCUENCIA COMÚN,AMENAZA,HERIDA POR ARMA DE FUEGO,15,A,HOMBRE,MASCULINO,MESTIZO/A,SOLTERO,ECUADOR,NINGUNA,ESTADO PERSONAL,SIN_DATO
ASESINATO,ZONA 1,ESMERALDAS,RÍO VERDE,MONTALVO,08D06C02S01,MONTALVO 1,08,ESMERALDAS,0807,RIOVERDE,"1,04476","-79,38425",URBANO,FINCA,PRIVADO,2026/01/29,15:00:00,ARMA BLANCA,MACHETE,DELINCUENCIA COMÚN,AMENAZA,HERIDA POR ARMA BLANCA,50,A,HOMBRE,MASCULINO,MESTIZO/A,CASADO,ECUADOR,NINGUNA,TRABAJADOR GENERAL,SIN_DATO
ASESINATO,ZONA 4,MANABÍ,MANTA,SAN JUAN,13D02C11S01,SAN JUAN 1,13,MANABÍ,1308,MANTA,"-0,95792","-80,76618",URBANO,VÍA PÚBLICA,PUBLICO,2026/01/29,18:55:00,ARMA DE FUEGO,PISTOLA,DELINCUENCIA COMÚN,AMENAZA,HERIDA POR ARMA DE FUEGO,47,A,HOMBRE,MASCULINO,MESTIZO/A,CASADO,ECUADOR,NINGUNA,ESTADO PERSONAL,SIN_DATO
ASESINATO,ZONA 1,ESMERALDAS,ESMERALDAS,CODESA,08D01C01S01,CODESA 1,08,ESMERALDAS,0801,ESMERALDAS,"0,92706","-79,67309",URBANO,VÍA PÚBLICA,PUBLICO,2026/01/29,19:40:00,ARMA DE FUEGO,PISTOLA,DELINCUENCIA COMÚN,AMENAZA,HERIDA POR ARMA DE FUEGO,25,A,HOMBRE,MASCULINO,AFRO,SOLTERO,ECUADOR,NINGUNA,ESTADO PERSONAL,SIN_DATO
ASESINATO,ZONA 1,SUCUMBÍOS,LAGO AGRIO,PARQUE ECOLÓGICO,21D02C03S02,PARQUE ECOLÓGICO 2,21,SUCUMBÍOS,2101,LAGO AGRIO,"0,05858","-76,87488",URBANO,CASA/VILLA,PRIVADO,2026/01/29,20:00:00,ARMA DE FUEGO,OTROS ARMA CORTA,DELINCUENCIA COMÚN,AMENAZA,HERIDA POR ARMA DE FUEGO,40,A,HOMBRE,MASCULINO,MESTIZO/A,SOLTERO,ECUADOR,NINGUNA,TRABAJADOR GENERAL,SIN_DATO
ASESINATO,ZONA 8,D.M. GUAYAQUIL,SUR - DMG,FLORESTA,09D01C03S02,FLORESTA 2,09,GUAYAS,0901,GUAYAQUIL,"-2,25549","-79,8826",URBANO,VÍA PÚBLICA,PUBLICO,2026/01/30,09:00:00,ARMA DE FUEGO,PISTOLA,DELINCUENCIA COMÚN,TRÁFICO INTERNO DE DROGAS (MICROTRÁFICO),HERIDA POR ARMA DE FUEGO,25,A,HOMBRE,MASCULINO,MESTIZO/A,NO DETERMINADO,OTROS,NINGUNA,SIN_DATO,SIN_DATO
ASESINATO,ZONA 4,MANABÍ,PEDERNALES,PEDERNALES SUR,13D10C02S01,PEDERNALES SUR 1,13,MANABÍ,1317,PEDERNALES,"-0,0633","-80,13865",RURAL,VÍA PÚBLICA,PUBLICO,2026/01/30,10:00:00,ARMA DE FUEGO,PISTOLA,DELINCUENCIA COMÚN,TRÁFICO INTERNO DE DROGAS (MICROTRÁFICO),HERIDA POR ARMA DE FUEGO,23,A,HOMBRE,MASCULINO,MESTIZO/A,NO DETERMINADO,ECUADOR,NINGUNA,BACHILLER TÉCNICO,SIN_DATO
ASESINATO,ZONA 4,MANABÍ,MANTA,JARAMIJO,13D02C20S02,JARAMIJO 2,13,MANABÍ,1321,JARAMIJÓ,"-0,94732","-80,6386",URBANO,VÍA PÚBLICA,PUBLICO,2026/01/29,20:50:00,ARMA DE FUEGO,PISTOLA,DELINCUENCIA COMÚN,AMENAZA,HERIDA POR ARMA DE FUEGO,16,A,HOMBRE,MASCULINO,MESTIZO/A,SOLTERO,ECUADOR,NINGUNA,ESTADO PERSONAL,SIN_DATO
ASESINATO,ZONA 8,D.M. GUAYAQUIL,ESTEROS,TRINITARIA NORTE,09D02C04S02,TRINITARIA NORTE 2,09,GUAYAS,0901,GUAYAQUIL,"-2,2291","-79,92199",URBANO,VÍA PÚBLICA,PUBLICO,2026/01/29,12:55:00,ARMA DE FUEGO,PISTOLA,DELINCUENCIA COMÚN,TRÁFICO INTERNO DE DROGAS (MICROTRÁFICO),HERIDA POR ARMA DE FUEGO,26,A,MUJER,FEMENINO,OTROS,SOLTERO,ECUADOR,NINGUNA,ESTADO PERSONAL,SIN_DATO
ASESINATO,ZONA 8,D.M. GUAYAQUIL,ESTEROS,TRINITARIA NORTE,09D02C04S02,TRINITARIA NORTE 2,09,GUAYAS,0901,GUAYAQUIL,"-2,23319","-79,92276",URBANO,VÍA PÚBLICA,PUBLICO,2026/01/29,23:30:00,ARMA DE FUEGO,PISTOLA,DELINCUENCIA COMÚN,TRÁFICO INTERNO DE DROGAS (MICROTRÁFICO),HERIDA POR ARMA DE FUEGO,27,A,HOMBRE,MASCULINO,AFRO,SOLTERO,ECUADOR,NINGUNA,ESTADO PERSONAL,BASICA
ASESINATO,ZONA 4,MANABÍ,MANTA,LA FABRIL,13D02C17S01,LA FABRIL 1,13,MANABÍ,1309,MONTECRISTI,"-0,9957","-80,69406",URBANO,VÍA PÚBLICA,PUBLICO,2026/01/29,21:15:00,ARMA DE FUEGO,PISTOLA,DELINCUENCIA COMÚN,AMENAZA,HERIDA POR ARMA DE FUEGO,41,A,HOMBRE,MASCULINO,MESTIZO/A,SOLTERO,ECUADOR,NINGUNA,ESTADO PERSONAL,SIN_DATO
ASESINATO,ZONA 2,ORELLANA,LA JOYA DE LOS SACHAS,SACHAS,22D01C03S01,SACHAS 1,22,ORELLANA,2203,LA JOYA DE LOS SACHAS,"-0,29967","-76,8561",URBANO,VÍA PÚBLICA,PUBLICO,2026/01/30,09:30:00,ARMA DE FUEGO,PISTOLA,DELINCUENCIA COMÚN,AMENAZA,HERIDA POR ARMA DE FUEGO,32,A,HOMBRE,MASCULINO,NO DETERMINADO,EN UNION DE HECHO,COLOMBIA,NINGUNA,SIN_DATO,SIN_DATO
ASESINATO,ZONA 2,ORELLANA,LA JOYA DE LOS SACHAS,SACHAS,22D01C03S01,SACHAS 1,22,ORELLANA,2203,LA JOYA DE LOS SACHAS,"-0,29967","-76,8561",URBANO,VÍA PÚBLICA,PUBLICO,2026/01/30,09:30:00,ARMA DE FUEGO,PISTOLA,DELINCUENCIA COMÚN,AMENAZA,HERIDA POR ARMA DE FUEGO,34,A,HOMBRE,MASCULINO,NO DETERMINADO,EN UNION DE HECHO,COLOMBIA,NINGUNA,SIN_DATO,SIN_DATO
ASESINATO,ZONA 8,D.M. GUAYAQUIL,SUR - DMG,UNIÓN DE BANANEROS,09D01C02S01,UNIÓN DE BANANEROS 1,09,GUAYAS,0901,GUAYAQUIL,"-2,2716","-79,88001",URBANO,VÍA PÚBLICA,PUBLICO,2026/01/30,16:30:00,ARMA DE FUEGO,PISTOLA,DELINCUENCIA COMÚN,AMENAZA,HERIDA POR ARMA DE FUEGO,20,A,HOMBRE,MASCULINO,MESTIZO/A,SOLTERO,ECUADOR,NINGUNA,ESTADO PERSONAL,SIN_DATO
ASESINATO,ZONA 8,D.M. GUAYAQUIL,ESTEROS,MALVINAS NORTE,09D02C03S02,MALVINAS NORTE 2,09,GUAYAS,0901,GUAYAQUIL,"-2,22322","-79,90489",URBANO,PARQUES Y PLAZAS,PUBLICO,2026/01/30,15:30:00,ARMA DE FUEGO,PISTOLA,DELINCUENCIA COMÚN,TRÁFICO INTERNO DE DROGAS (MICROTRÁFICO),HERIDA POR ARMA DE FUEGO,29,A,HOMBRE,MASCULINO,MESTIZO/A,SOLTERO,ECUADOR,NINGUNA,ESTADO PERSONAL,SIN_DATO
ASESINATO,ZONA 6,MORONA SANTIAGO,MORONA,MACAS,14D01C05S02,MACAS 2,14,MORONA SANTIAGO,1401,MORONA,"-2,29935","-78,11674",URBANO,CASA/VILLA,PRIVADO,2026/01/30,23:30:00,ARMA DE FUEGO,REVOLVER,DELINCUENCIA COMÚN,AMENAZA,HERIDA POR ARMA DE FUEGO,62,A,HOMBRE,MASCULINO,MESTIZO/A,SOLTERO,ECUADOR,NINGUNA,SIN_DATO,SIN_DATO
ASESINATO,ZONA 8,D.M. GUAYAQUIL,NUEVA PROSPERINA,MONTE SINAÍ,09D08C05S03,MONTE SINAÍ 3,09,GUAYAS,0901,GUAYAQUIL,"-2,10693","-79,99253",URBANO,VÍA PÚBLICA,PUBLICO,2026/01/30,21:00:00,ARMA DE FUEGO,PISTOLA,DELINCUENCIA COMÚN,AMENAZA,HERIDA POR ARMA DE FUEGO,28,A,HOMBRE,MASCULINO,MESTIZO/A,SOLTERO,ECUADOR,NINGUNA,CHOFER/CONDUCTOR,SIN_DATO
ASESINATO,ZONA 3,PASTAZA,PASTAZA,PUYO SUR,16D01C01S02,PUYO SUR 2,16,PASTAZA,1601,PASTAZA,"-1,49023","-78,00649",URBANO,VÍA PÚBLICA,PUBLICO,2026/01/30,02:00:00,ARMA BLANCA,MACHETE,DELINCUENCIA COMÚN,AMENAZA,HERIDA POR ARMA BLANCA,20,A,HOMBRE,MASCULINO,MESTIZO/A,SOLTERO,ECUADOR,NINGUNA,SIN_DATO,SIN_DATO
ASESINATO,ZONA 5,LOS RÍOS,QUEVEDO,CONTROL,12D03C02S02,CONTROL 2,12,LOS RÍOS,1205,QUEVEDO,"-1,00291","-79,47675",URBANO,VÍA PÚBLICA,PUBLICO,2026/01/30,23:34:00,ARMA DE FUEGO,PISTOLA,DELINCUENCIA COMÚN,AMENAZA,HERIDA POR ARMA DE FUEGO,40,A,HOMBRE,MASCULINO,MESTIZO/A,NO DETERMINADO,ECUADOR,NINGUNA,SIN_DATO,SIN_DATO
ASESINATO,ZONA 8,D.M. GUAYAQUIL,NUEVA PROSPERINA,MONTE SINAÍ,09D08C05S03,MONTE SINAÍ 3,09,GUAYAS,0901,GUAYAQUIL,"-2,10897","-79,99142",URBANO,CASA/VILLA,PRIVADO,2026/01/30,19:23:00,ARMA DE FUEGO,PISTOLA,DELINCUENCIA COMÚN,AMENAZA,HERIDA POR ARMA DE FUEGO,36,A,HOMBRE,MASCULINO,AFRO,SOLTERO,ECUADOR,NINGUNA,ESTADO PERSONAL,BASICA
ASESINATO,ZONA 8,D.M. GUAYAQUIL,DURÁN,PANORAMA,09D24C03S01,PANORAMA 1,09,GUAYAS,0907,DURÁN,"-2,21135","-79,80371",URBANO,CASA/VILLA,PRIVADO,2026/01/30,21:30:00,ARMA DE FUEGO,PISTOLA,DELINCUENCIA COMÚN,AMENAZA,HERIDA POR ARMA DE FUEGO,38,A,HOMBRE,MASCULINO,AFRO,SOLTERO,ECUADOR,NINGUNA,ESTADO PERSONAL,SIN_DATO
ASESINATO,ZONA 7,EL ORO,MACHALA,WILSON FRANCO,07D02C18S01,WILSON FRANCO 1,07,EL ORO,0701,MACHALA,"-3,26109","-79,99323",URBANO,PARQUES Y PLAZAS,PUBLICO,2026/01/30,22:20:00,ARMA DE FUEGO,PISTOLA,DELINCUENCIA COMÚN,AMENAZA,HERIDA POR ARMA DE FUEGO,14,A,HOMBRE,MASCULINO,AFRO,SOLTERO,ECUADOR,NINGUNA,SIN_DATO,SIN_DATO
ASESINATO,ZONA 8,D.M. GUAYAQUIL,DURÁN,PANORAMA,09D24C03S01,PANORAMA 1,09,GUAYAS,0907,DURÁN,"-2,21135","-79,80371",URBANO,CASA/VILLA,PRIVADO,2026/01/30,21:30:00,ARMA DE FUEGO,PISTOLA,DELINCUENCIA COMÚN,AMENAZA,HERIDA POR ARMA DE FUEGO,57,A,HOMBRE,MASCULINO,AFRO,SOLTERO,ECUADOR,NINGUNA,ESTADO PERSONAL,SIN_DATO
ASESINATO,ZONA 8,D.M. GUAYAQUIL,DURÁN,PANORAMA,09D24C03S01,PANORAMA 1,09,GUAYAS,0907,DURÁN,"-2,21135","-79,80371",URBANO,CASA/VILLA,PRIVADO,2026/01/30,21:30:00,ARMA DE FUEGO,PISTOLA,DELINCUENCIA COMÚN,AMENAZA,HERIDA POR ARMA DE FUEGO,46,A,HOMBRE,MASCULINO,AFRO,CASADO,ECUADOR,NINGUNA,TRABAJADOR GENERAL,SIN_DATO
ASESINATO,ZONA 8,D.M. GUAYAQUIL,DURÁN,PANORAMA,09D24C03S01,PANORAMA 1,09,GUAYAS,0907,DURÁN,"-2,21135","-79,80371",URBANO,CASA/VILLA,PRIVADO,2026/01/30,21:30:00,ARMA DE FUEGO,PISTOLA,DELINCUENCIA COMÚN,AMENAZA,HERIDA POR ARMA DE FUEGO,34,A,HOMBRE,MASCULINO,AFRO,SOLTERO,ECUADOR,NINGUNA,ESTADO PERSONAL,SIN_DATO
ASESINATO,ZONA 8,D.M. GUAYAQUIL,DURÁN,PANORAMA,09D24C03S01,PANORAMA 1,09,GUAYAS,0907,DURÁN,"-2,21135","-79,80371",URBANO,CASA/VILLA,PRIVADO,2026/01/30,21:30:00,ARMA DE FUEGO,PISTOLA,DELINCUENCIA COMÚN,AMENAZA,HERIDA POR ARMA DE FUEGO,25,A,HOMBRE,MASCULINO,AFRO,SOLTERO,ECUADOR,NINGUNA,SIN_DATO,SIN_DATO
ASESINATO,ZONA 7,EL ORO,MACHALA,GRAL SERRANO,07D02C06S01,GRAL SERRANO 1,07,EL ORO,0701,MACHALA,"-3,26822","-79,95777",URBANO,VÍA PÚBLICA,PUBLICO,2026/01/31,02:45:00,ARMA DE FUEGO,PISTOLA,DELINCUENCIA COMÚN,ROBO A PERSONAS,HERIDA POR ARMA DE FUEGO,24,A,HOMBRE,MASCULINO,MESTIZO/A,NO DETERMINADO,ECUADOR,NINGUNA,ESTADO PERSONAL,SIN_DATO
ASESINATO,ZONA 5,LOS RÍOS,BABAHOYO,PIMOCHA,12D01C11S01,PIMOCHA 1,12,LOS RÍOS,1201,BABAHOYO,"-1,76141","-79,55572",RURAL,VÍA PÚBLICA,PUBLICO,2026/01/29,18:45:00,ARMA DE FUEGO,PISTOLA,DELINCUENCIA COMÚN,AMENAZA,HERIDA POR ARMA DE FUEGO,40,A,HOMBRE,MASCULINO,MESTIZO/A,SOLTERO,ECUADOR,NINGUNA,ESTADO PERSONAL,BASICA
ASESINATO,ZONA 5,LOS RÍOS,VENTANAS,QUINSALOMA,12D04C07S01,QUINSALOMA 1,12,LOS RÍOS,1213,QUINSALOMA,"-1,10442","-79,33763",RURAL,CASA/VILLA,PRIVADO,2026/01/30,19:00:00,ARMA DE FUEGO,OTROS ARMA CORTA,DELINCUENCIA COMÚN,AMENAZA,HERIDA POR ARMA DE FUEGO,51,A,HOMBRE,MASCULINO,MESTIZO/A,SOLTERO,ECUADOR,NINGUNA,SIN_DATO,SIN_DATO
HOMICIDIO,ZONA 5,GUAYAS,BALZAR,LA GUAYAQUIL,09D13C02S01,LA GUAYAQUIL 1,09,GUAYAS,0904,BALZAR,"-1,11884","-79,69318",RURAL,VÍA PÚBLICA,PUBLICO,2026/01/31,02:30:00,OTROS,NINGUNA,DELINCUENCIA COMÚN,EVASIÓN DE LA JUSTICIA,SOFOCACION,22,A,HOMBRE,MASCULINO,MESTIZO/A,SOLTERO,ECUADOR,NINGUNA,SIN_DATO,SIN_DATO
ASESINATO,ZONA 5,LOS RÍOS,PUEBLO VIEJO,SAN JUAN,12D02C02S01,SAN JUAN 1,12,LOS RÍOS,1204,PUEBLOVIEJO,"-1,63229","-79,57798",RURAL,VÍA PÚBLICA,PUBLICO,2026/01/30,16:00:00,ARMA DE FUEGO,PISTOLA,DELINCUENCIA COMÚN,ROBO DE MOTOS,HERIDA POR ARMA DE FUEGO,25,A,HOMBRE,MASCULINO,MESTIZO/A,NO DETERMINADO,ECUADOR,NINGUNA,SIN_DATO,SIN_DATO
ASESINATO,ZONA 5,LOS RÍOS,QUEVEDO,7 DE OCTUBRE,12D03C07S01,7 DE OCTUBRE 1,12,LOS RÍOS,1205,QUEVEDO,"-1,02699","-79,46612",URBANO,VÍA PÚBLICA,PUBLICO,2026/01/29,23:00:00,ARMA DE FUEGO,PISTOLA,DELINCUENCIA COMÚN,AMENAZA,HERIDA POR ARMA DE FUEGO,39,A,HOMBRE,MASCULINO,MESTIZO/A,SOLTERO,ECUADOR,NINGUNA,SIN_DATO,SIN_DATO
ASESINATO,ZONA 5,GUAYAS,DAULE,LA YOLITA,09D19C01S01,LA YOLITA 1,09,GUAYAS,0906,DAULE,"-1,86827","-79,97822",URBANO,VÍA PÚBLICA,PUBLICO,2026/01/31,09:40:00,ARMA DE FUEGO,PISTOLA,DELINCUENCIA COMÚN,ROBO A PERSONAS,HERIDA POR ARMA DE FUEGO,24,A,HOMBRE,MASCULINO,AFRO,SOLTERO,ECUADOR,NINGUNA,SIN_DATO,SIN_DATO
ASESINATO,ZONA 8,D.M. GUAYAQUIL,PASCUALES,PASCUALES,09D07C06S04,PASCUALES 4,09,GUAYAS,0901,GUAYAQUIL,"-2,07308","-79,93203",URBANO,CASA/VILLA,PRIVADO,2026/01/31,11:00:00,ARMA DE FUEGO,PISTOLA,DELINCUENCIA COMÚN,AMENAZA,HERIDA POR ARMA DE FUEGO,47,A,HOMBRE,MASCULINO,MESTIZO/A,SOLTERO,ECUADOR,NINGUNA,ARTESANO/OFICIO,SIN_DATO
ASESINATO,ZONA 8,D.M. GUAYAQUIL,NUEVA PROSPERINA,FORTIN,09D08C02S01,FORTIN 1,09,GUAYAS,0901,GUAYAQUIL,"-2,1138","-79,94845",URBANO,VÍA PÚBLICA,PUBLICO,2026/01/30,20:30:00,ARMA DE FUEGO,PISTOLA,DELINCUENCIA COMÚN,AMENAZA,HERIDA POR ARMA DE FUEGO,35,A,HOMBRE,MASCULINO,MESTIZO/A,SOLTERO,ECUADOR,NINGUNA,ESTADO PERSONAL,SIN_DATO
ASESINATO,ZONA 8,D.M. GUAYAQUIL,SUR - DMG,UNIÓN DE BANANEROS,09D01C02S01,UNIÓN DE BANANEROS 1,09,GUAYAS,0901,GUAYAQUIL,"-2,2719","-79,87754",URBANO,VÍA PÚBLICA,PUBLICO,2026/01/31,11:20:00,ARMA DE FUEGO,PISTOLA,DELINCUENCIA COMÚN,AMENAZA,HERIDA POR ARMA DE FUEGO,59,A,HOMBRE,MASCULINO,MESTIZO/A,SOLTERO,ECUADOR,NINGUNA,ESTADO PERSONAL,BACHILLERATO
ASESINATO,ZONA 4,STO DGO DE LOS TSÁCHILAS,SANTO DOMINGO OESTE,EL PROLETARIADO,23D02C05S02,EL PROLETARIADO 2,23,STO DGO DE LOS TSÁCHILAS,2301,SANTO DOMINGO,"-0,32885","-79,25856",RURAL,FINCA,PRIVADO,2026/01/29,20:00:00,ARMA BLANCA,OTRO,DELINCUENCIA COMÚN,AMENAZA,AHORCADURA,32,A,HOMBRE,MASCULINO,MESTIZO/A,SOLTERO,ECUADOR,NINGUNA,SIN_DATO,SIN_DATO
ASESINATO,ZONA 7,EL ORO,MACHALA,EL CAMBIO,07D02C12S01,EL CAMBIO 1,07,EL ORO,0701,MACHALA,"-3,28956","-79,89548",URBANO,VÍA PÚBLICA,PUBLICO,2026/01/31,17:10:00,ARMA DE FUEGO,PISTOLA,DELINCUENCIA COMÚN,TRÁFICO INTERNO DE DROGAS (MICROTRÁFICO),HERIDA POR ARMA DE FUEGO,51,A,HOMBRE,MASCULINO,MESTIZO/A,CASADO,ECUADOR,NINGUNA,TRABAJADOR GENERAL,SIN_DATO
ASESINATO,ZONA 7,EL ORO,SANTA ROSA,LAS PALMERAS,07D06C06S01,LAS PALMERAS 1,07,EL ORO,0712,SANTA ROSA,"-3,44261","-79,96277",URBANO,VÍA PÚBLICA,PUBLICO,2026/01/31,18:40:00,ARMA DE FUEGO,PISTOLA,DELINCUENCIA COMÚN,AMENAZA,HERIDA POR ARMA DE FUEGO,36,A,HOMBRE,MASCULINO,MESTIZO/A,SOLTERO,ECUADOR,NINGUNA,TRABAJADOR GENERAL,SIN_DATO
ASESINATO,ZONA 8,D.M. GUAYAQUIL,PORTETE,BATALLÓN DEL SUBURBIO,09D04C05S02,BATALLÓN DEL SUBURBIO 2,09,GUAYAS,0901,GUAYAQUIL,"-2,21536","-79,94445",URBANO,VÍA PÚBLICA,PUBLICO,2026/01/31,15:00:00,ARMA DE FUEGO,PISTOLA,DELINCUENCIA COMÚN,AMENAZA,HERIDA POR ARMA DE FUEGO,35,A,HOMBRE,MASCULINO,NO DETERMINADO,SOLTERO,ECUADOR,NINGUNA,ESTADO PERSONAL,BACHILLERATO
ASESINATO,ZONA 8,D.M. GUAYAQUIL,PORTETE,BATALLÓN DEL SUBURBIO,09D04C05S02,BATALLÓN DEL SUBURBIO 2,09,GUAYAS,0901,GUAYAQUIL,"-2,21536","-79,94445",URBANO,VÍA PÚBLICA,PUBLICO,2026/01/31,15:00:00,ARMA DE FUEGO,PISTOLA,DELINCUENCIA COMÚN,AMENAZA,HERIDA POR ARMA DE FUEGO,14,A,HOMBRE,MASCULINO,MESTIZO/A,SOLTERO,ECUADOR,NINGUNA,SIN_DATO,SIN_DATO
HOMICIDIO,ZONA 9,D.M. QUITO,ELOY ALFARO - DMQ,SANTA ANITA,17D06C03S02,SANTA ANITA 2,17,PICHINCHA,1701,QUITO,"-0,26323","-78,54064",URBANO,VÍA PÚBLICA,PUBLICO,2026/01/31,19:20:00,ARMA DE FUEGO,REVOLVER,DELINCUENCIA COMÚN,AMENAZA,HERIDA POR ARMA DE FUEGO,40,A,HOMBRE,MASCULINO,MESTIZO/A,NO DETERMINADO,ECUADOR,NINGUNA,SIN_DATO,SIN_DATO
HOMICIDIO,ZONA 9,D.M. QUITO,CALDERÓN,LLANO CHICO,17D02C09S01,LLANO CHICO 1,17,PICHINCHA,1701,QUITO,"-0,12614","-78,45003",URBANO,QUEBRADAS,PUBLICO,2026/01/31,22:30:00,ARMA DE FUEGO,PISTOLA,DELINCUENCIA COMÚN,AMENAZA,HERIDA POR ARMA DE FUEGO,22,A,HOMBRE,MASCULINO,MESTIZO/A,NO DETERMINADO,ECUADOR,NINGUNA,SIN_DATO,SIN_DATO
ASESINATO,ZONA 8,D.M. GUAYAQUIL,PORTETE,BATALLÓN DEL SUBURBIO,09D04C05S02,BATALLÓN DEL SUBURBIO 2,09,GUAYAS,0901,GUAYAQUIL,"-2,21536","-79,94445",URBANO,VÍA PÚBLICA,PUBLICO,2026/01/31,15:00:00,ARMA DE FUEGO,PISTOLA,DELINCUENCIA COMÚN,AMENAZA,HERIDA POR ARMA DE FUEGO,22,A,HOMBRE,MASCULINO,MESTIZO/A,SOLTERO,ECUADOR,NINGUNA,ESTADO PERSONAL,SIN_DATO
ASESINATO,ZONA 8,D.M. GUAYAQUIL,ESTEROS,MALVINAS NORTE,09D02C03S01,MALVINAS NORTE 1,09,GUAYAS,0901,GUAYAQUIL,"-2,22308","-79,90447",URBANO,PARQUES Y PLAZAS,PUBLICO,2026/01/31,12:50:00,ARMA DE FUEGO,PISTOLA,DELINCUENCIA COMÚN,TRÁFICO INTERNO DE DROGAS (MICROTRÁFICO),HERIDA POR ARMA DE FUEGO,47,A,HOMBRE,MASCULINO,MESTIZO/A,CASADO,ECUADOR,NINGUNA,ESTADO PERSONAL,BACHILLERATO
ASESINATO,ZONA 8,D.M. GUAYAQUIL,NUEVA PROSPERINA,MONTE SINAÍ,09D08C05S02,MONTE SINAÍ 2,09,GUAYAS,0901,GUAYAQUIL,"-2,11808","-79,98596",URBANO,VÍA PÚBLICA,PUBLICO,2026/01/31,20:15:00,ARMA DE FUEGO,PISTOLA,DELINCUENCIA COMÚN,AMENAZA,HERIDA POR ARMA DE FUEGO,23,A,HOMBRE,MASCULINO,MESTIZO/A,SOLTERO,ECUADOR,NINGUNA,ESTADO PERSONAL,SIN_DATO
ASESINATO,ZONA 8,D.M. GUAYAQUIL,SUR - DMG,7 LAGOS,09D01C04S01,7 LAGOS 1,09,GUAYAS,0901,GUAYAQUIL,"-2,25528","-79,87438",URBANO,PARQUES Y PLAZAS,PUBLICO,2026/02/01,00:00:00,ARMA DE FUEGO,PISTOLA,DELINCUENCIA COMÚN,TRÁFICO INTERNO DE DROGAS (MICROTRÁFICO),HERIDA POR ARMA DE FUEGO,24,A,HOMBRE,MASCULINO,MESTIZO/A,SOLTERO,ECUADOR,NINGUNA,BACHILLER CIENCIAS,SIN_DATO
ASESINATO,ZONA 8,D.M. GUAYAQUIL,SUR - DMG,7 LAGOS,09D01C04S01,7 LAGOS 1,09,GUAYAS,0901,GUAYAQUIL,"-2,25528","-79,87438",URBANO,PARQUES Y PLAZAS,PUBLICO,2026/02/01,00:00:00,ARMA DE FUEGO,PISTOLA,DELINCUENCIA COMÚN,TRÁFICO INTERNO DE DROGAS (MICROTRÁFICO),HERIDA POR ARMA DE FUEGO,25,A,HOMBRE,MASCULINO,MESTIZO/A,SOLTERO,ECUADOR,NINGUNA,ESTADO PERSONAL,SIN_DATO
ASESINATO,ZONA 7,EL ORO,MACHALA,PARQUE LINEAL,07D02C20S01,PARQUE LINEAL 1,07,EL ORO,0701,MACHALA,"-3,26428","-79,971",URBANO,VÍA PÚBLICA,PUBLICO,2026/01/31,22:15:00,ARMA DE FUEGO,PISTOLA,DELINCUENCIA COMÚN,TRÁFICO INTERNO DE DROGAS (MICROTRÁFICO),HERIDA POR ARMA DE FUEGO,23,A,HOMBRE,MASCULINO,MESTIZO/A,SOLTERO,ECUADOR,NINGUNA,ESTADO PERSONAL,SIN_DATO
ASESINATO,ZONA 8,D.M. GUAYAQUIL,DURÁN,ARBOLITO,09D24C07S03,ARBOLITO 3,09,GUAYAS,0907,DURÁN,"-2,14571","-79,83252",URBANO,VÍA PÚBLICA,PUBLICO,2026/01/31,20:00:00,ARMA DE FUEGO,PISTOLA,DELINCUENCIA COMÚN,AMENAZA,HERIDA POR ARMA DE FUEGO,29,A,HOMBRE,MASCULINO,MESTIZO/A,SOLTERO,ECUADOR,NINGUNA,ESTADO PERSONAL,SIN_DATO
ASESINATO,ZONA 7,EL ORO,MACHALA,PARQUE LINEAL,07D02C20S01,PARQUE LINEAL 1,07,EL ORO,0701,MACHALA,"-3,26428","-79,971",URBANO,VÍA PÚBLICA,PUBLICO,2026/01/31,22:15:00,ARMA DE FUEGO,PISTOLA,DELINCUENCIA COMÚN,TRÁFICO INTERNO DE DROGAS (MICROTRÁFICO),HERIDA POR ARMA DE FUEGO,26,A,HOMBRE,MASCULINO,MESTIZO/A,SOLTERO,ECUADOR,NINGUNA,BACHILLER CIENCIAS,SIN_DATO
ASESINATO,ZONA 7,EL ORO,MACHALA,PARQUE LINEAL,07D02C20S01,PARQUE LINEAL 1,07,EL ORO,0701,MACHALA,"-3,26428","-79,971",URBANO,VÍA PÚBLICA,PUBLICO,2026/01/31,22:15:00,ARMA DE FUEGO,PISTOLA,DELINCUENCIA COMÚN,TRÁFICO INTERNO DE DROGAS (MICROTRÁFICO),HERIDA POR ARMA DE FUEGO,24,A,HOMBRE,MASCULINO,MESTIZO/A,SOLTERO,ECUADOR,NINGUNA,BACHILLER TÉCNICO,SIN_DATO
ASESINATO,ZONA 7,EL ORO,MACHALA,PARQUE LINEAL,07D02C20S01,PARQUE LINEAL 1,07,EL ORO,0701,MACHALA,"-3,26428","-79,971",URBANO,VÍA PÚBLICA,PUBLICO,2026/01/31,22:15:00,ARMA DE FUEGO,PISTOLA,DELINCUENCIA COMÚN,TRÁFICO INTERNO DE DROGAS (MICROTRÁFICO),HERIDA POR ARMA DE FUEGO,31,A,HOMBRE,MASCULINO,MESTIZO/A,SOLTERO,ECUADOR,NINGUNA,ESTADO PERSONAL,SIN_DATO
ASESINATO,ZONA 8,D.M. GUAYAQUIL,DURÁN,CENTRO,09D24C02S03,CENTRO 3,09,GUAYAS,0907,DURÁN,"-2,16947","-79,85075",URBANO,MERCADOS,PUBLICO,2026/01/31,22:00:00,ARMA DE FUEGO,PISTOLA,DELINCUENCIA COMÚN,AMENAZA,HERIDA POR ARMA DE FUEGO,23,A,HOMBRE,MASCULINO,MESTIZO/A,SOLTERO,ECUADOR,NINGUNA,SIN_DATO,SIN_DATO
ASESINATO,ZONA 7,EL ORO,MACHALA,MACHALA OCCIDENTAL,07D02C05S01,MACHALA OCCIDENTAL 1,07,EL ORO,0701,MACHALA,"-3,25771","-79,94451",URBANO,VÍA PÚBLICA,PUBLICO,2026/02/01,02:30:00,ARMA DE FUEGO,PISTOLA,DELINCUENCIA COMÚN,TRÁFICO INTERNO DE DROGAS (MICROTRÁFICO),HERIDA POR ARMA DE FUEGO,50,A,HOMBRE,MASCULINO,MESTIZO/A,SOLTERO,ECUADOR,NINGUNA,TRABAJADOR GENERAL,SIN_DATO
ASESINATO,ZONA 5,GUAYAS,NARANJAL BALAO,VILLA NUEVA,09D12C08S01,VILLA NUEVA 1,09,GUAYAS,0911,NARANJAL,"-2,63626","-79,64931",RURAL,CASA/VILLA,PRIVADO,2026/01/31,20:50:00,ARMA DE FUEGO,PISTOLA,DELINCUENCIA COMÚN,AMENAZA,HERIDA POR ARMA DE FUEGO,19,A,HOMBRE,MASCULINO,MESTIZO/A,SOLTERO,ECUADOR,NINGUNA,SIN_DATO,SIN_DATO
ASESINATO,ZONA 1,ESMERALDAS,ESMERALDAS,CENTRO,08D01C13S02,CENTRO 2,08,ESMERALDAS,0801,ESMERALDAS,"0,96305","-79,65365",URBANO,VÍA PÚBLICA,PUBLICO,2026/01/31,17:20:00,ARMA DE FUEGO,PISTOLA,DELINCUENCIA COMÚN,AMENAZA,HERIDA POR ARMA DE FUEGO,29,A,HOMBRE,MASCULINO,MESTIZO/A,SOLTERO,ECUADOR,NINGUNA,BACHILLER CIENCIAS,SIN_DATO
ASESINATO,ZONA 8,D.M. GUAYAQUIL,PROGRESO,PROGRESO,09D10C03S01,PROGRESO 1,09,GUAYAS,0901,GUAYAQUIL,"-2,24627","-80,08518",URBANO,VÍA PÚBLICA,PUBLICO,2026/01/31,19:15:00,ARMA DE FUEGO,OTROS ARMA CORTA,DELINCUENCIA COMÚN,AMENAZA,HERIDA POR ARMA DE FUEGO,23,A,HOMBRE,MASCULINO,MESTIZO/A,SOLTERO,ECUADOR,NINGUNA,SIN_DATO,SIN_DATO
ASESINATO,ZONA 4,MANABÍ,MANTA,LA FABRIL,13D02C17S01,LA FABRIL 1,13,MANABÍ,1309,MONTECRISTI,"-0,99574","-80,69341",URBANO,VÍA PÚBLICA,PUBLICO,2026/01/31,21:41:00,ARMA DE FUEGO,PISTOLA,DELINCUENCIA COMÚN,AMENAZA,HERIDA POR ARMA DE FUEGO,23,A,HOMBRE,MASCULINO,MESTIZO/A,SOLTERO,ECUADOR,NINGUNA,BACHILLER CIENCIAS,SIN_DATO
ASESINATO,ZONA 4,MANABÍ,MANTA,MIRAFLORES,13D02C09S02,MIRAFLORES 2,13,MANABÍ,1308,MANTA,"-0,95986","-80,71753",URBANO,VÍA PÚBLICA,PUBLICO,2026/01/31,17:00:00,ARMA DE FUEGO,PISTOLA,DELINCUENCIA COMÚN,AMENAZA,HERIDA POR ARMA DE FUEGO,12,A,HOMBRE,MASCULINO,MESTIZO/A,SOLTERO,ECUADOR,NINGUNA,SIN_DATO,SIN_DATO
ASESINATO,ZONA 8,D.M. GUAYAQUIL,PASCUALES,ORQUÍDEAS,09D07C05S02,ORQUÍDEAS 2,09,GUAYAS,0901,GUAYAQUIL,"-2,09272","-79,90541",URBANO,VÍA PÚBLICA,PUBLICO,2026/02/01,01:25:00,ARMA DE FUEGO,PISTOLA,DELINCUENCIA COMÚN,AMENAZA,HERIDA POR ARMA DE FUEGO,30,A,MUJER,FEMENINO,MESTIZO/A,NO DETERMINADO,NO DETERMINADO,NINGUNA,SIN_DATO,SIN_DATO
ASESINATO,ZONA 5,SANTA ELENA,LIBERTAD SALINAS,ANCONCITO,24D02C08S01,ANCONCITO 1,24,SANTA ELENA,2403,SALINAS,"-2,33186","-80,89001",URBANO,PUERTOS,PUBLICO,2026/01/31,13:15:00,ARMA DE FUEGO,PISTOLA,DELINCUENCIA COMÚN,AMENAZA,HERIDA POR ARMA DE FUEGO,32,A,HOMBRE,MASCULINO,MESTIZO/A,SOLTERO,ECUADOR,NINGUNA,ESTADO PERSONAL,SIN_DATO
ASESINATO,ZONA 5,LOS RÍOS,VINCES,VINCES CENTRO,12D05C08S01,VINCES CENTRO 1,12,LOS RÍOS,1208,VINCES,"-1,54873","-79,75053",URBANO,VÍA PÚBLICA,PUBLICO,2026/02/01,02:30:00,ARMA DE FUEGO,FUSIL,DELINCUENCIA COMÚN,AMENAZA,HERIDA POR ARMA DE FUEGO,28,A,HOMBRE,MASCULINO,MESTIZO/A,SOLTERO,ECUADOR,NINGUNA,BACHILLER CIENCIAS,SIN_DATO
ASESINATO,ZONA 5,LOS RÍOS,VINCES,VINCES CENTRO,12D05C08S01,VINCES CENTRO 1,12,LOS RÍOS,1208,VINCES,"-1,54873","-79,75053",URBANO,VÍA PÚBLICA,PUBLICO,2026/02/01,02:30:00,ARMA DE FUEGO,FUSIL,DELINCUENCIA COMÚN,AMENAZA,HERIDA POR ARMA DE FUEGO,22,A,HOMBRE,MASCULINO,MESTIZO/A,SOLTERO,ECUADOR,NINGUNA,SIN_DATO,SIN_DATO
ASESINATO,ZONA 5,LOS RÍOS,VINCES,VINCES CENTRO,12D05C08S01,VINCES CENTRO 1,12,LOS RÍOS,1208,VINCES,"-1,54873","-79,75053",URBANO,VÍA PÚBLICA,PUBLICO,2026/02/01,02:30:00,ARMA DE FUEGO,FUSIL,DELINCUENCIA COMÚN,AMENAZA,HERIDA POR ARMA DE FUEGO,16,A,MUJER,FEMENINO,MESTIZO/A,SOLTERO,ECUADOR,NINGUNA,SIN_DATO,SIN_DATO
ASESINATO,ZONA 8,D.M. GUAYAQUIL,SUR - DMG,UNIÓN DE BANANEROS,09D01C02S01,UNIÓN DE BANANEROS 1,09,GUAYAS,0901,GUAYAQUIL,"-2,26678","-79,88699",URBANO,VÍA PÚBLICA,PUBLICO,2026/02/01,00:40:00,ARMA DE FUEGO,OTROS ARMA LARGA,DELINCUENCIA COMÚN,AMENAZA,HERIDA POR ARMA DE FUEGO,26,A,HOMBRE,MASCULINO,MESTIZO/A,SOLTERO,ECUADOR,NINGUNA,TRABAJADOR COMERCIAL,SIN_DATO
ASESINATO,ZONA 4,MANABÍ,CHONE,SANTA RITA,13D07C05S01,SANTA RITA 1,13,MANABÍ,1303,CHONE,"-0,74886","-80,11028",RURAL,NIGHT CLUBS,PRIVADO,2026/01/31,21:10:00,ARMA DE FUEGO,PISTOLA,DELINCUENCIA COMÚN,TRÁFICO INTERNO DE DROGAS (MICROTRÁFICO),HERIDA POR ARMA DE FUEGO,20,A,HOMBRE,MASCULINO,MESTIZO/A,SOLTERO,ECUADOR,NINGUNA,ESTADO PERSONAL,SIN_DATO
ASESINATO,ZONA 5,LOS RÍOS,BABAHOYO,MATA DE CACAO,12D01C12S04,MATA DE CACAO 4,12,LOS RÍOS,1201,BABAHOYO,"-1,99488","-79,29433",RURAL,VÍA PÚBLICA,PUBLICO,2026/01/31,20:30:00,ARMA BLANCA,MACHETE,DELINCUENCIA COMÚN,AMENAZA,HERIDA POR ARMA BLANCA,45,A,HOMBRE,MASCULINO,MESTIZO/A,SOLTERO,ECUADOR,NINGUNA,TRABAJADOR GENERAL,SIN_DATO
ASESINATO,ZONA 8,D.M. GUAYAQUIL,DURÁN,RECREO,09D24C05S02,RECREO 2,09,GUAYAS,0907,DURÁN,"-2,17557","-79,80741",URBANO,VÍA PÚBLICA,PUBLICO,2026/02/01,12:00:00,ARMA DE FUEGO,PISTOLA,DELINCUENCIA COMÚN,AMENAZA,HERIDA POR ARMA DE FUEGO,16,A,HOMBRE,MASCULINO,MESTIZO/A,SOLTERO,ECUADOR,NINGUNA,ESTADO PERSONAL,SIN_DATO
ASESINATO,ZONA 5,LOS RÍOS,BABAHOYO,BARREIRO,12D01C04S01,BARREIRO 1,12,LOS RÍOS,1201,BABAHOYO,"-1,79425","-79,52042",URBANO,CASA/VILLA,PRIVADO,2026/02/01,01:50:00,ARMA DE FUEGO,REVOLVER,DELINCUENCIA COMÚN,AMENAZA,HERIDA POR ARMA DE FUEGO,20,A,HOMBRE,MASCULINO,MESTIZO/A,SOLTERO,ECUADOR,NINGUNA,ESTADO PERSONAL,SIN_DATO
ASESINATO,ZONA 6,CAÑAR,LA TRONCAL,TRONCAL CENTRO,03D03C02S01,TRONCAL CENTRO 1,03,CAÑAR,0304,LA TRONCAL,"-2,34938","-79,31205",RURAL,MAR,PUBLICO,2026/02/01,10:00:00,ARMA DE FUEGO,PISTOLA,DELINCUENCIA COMÚN,TRÁFICO INTERNO DE DROGAS (MICROTRÁFICO),HERIDA POR ARMA DE FUEGO,23,A,HOMBRE,MASCULINO,MESTIZO/A,SOLTERO,ECUADOR,NINGUNA,ESTADO PERSONAL,SIN_DATO
ASESINATO,ZONA 8,D.M. GUAYAQUIL,FLORIDA,JUAN MONTALVO,09D06C04S04,JUAN MONTALVO 4,09,GUAYAS,0901,GUAYAQUIL,"-2,11761","-79,91393",URBANO,VÍA PÚBLICA,PUBLICO,2026/02/01,15:08:00,ARMA DE FUEGO,PISTOLA,DELINCUENCIA COMÚN,TRÁFICO INTERNO DE DROGAS (MICROTRÁFICO),HERIDA POR ARMA DE FUEGO,30,A,HOMBRE,MASCULINO,MESTIZO/A,SOLTERO,ECUADOR,NINGUNA,ARTESANO/OFICIO,SIN_DATO
ASESINATO,ZONA 8,D.M. GUAYAQUIL,PROGRESO,POSORJA,09D10C02S01,POSORJA 1,09,GUAYAS,0901,GUAYAQUIL,"-2,70425","-80,26367",RURAL,VÍA PÚBLICA,PUBLICO,2026/01/30,17:00:00,ARMA BLANCA,OTRO,DELINCUENCIA COMÚN,AMENAZA,HERIDA POR ARMA BLANCA,23,A,HOMBRE,MASCULINO,NO DETERMINADO,SOLTERO,ECUADOR,NINGUNA,ESTADO PERSONAL,SIN_DATO
ASESINATO,ZONA 6,CAÑAR,LA TRONCAL,TRONCAL CENTRO,03D03C02S01,TRONCAL CENTRO 1,03,CAÑAR,0304,LA TRONCAL,"-2,34938","-79,31205",RURAL,MAR,PUBLICO,2026/02/01,05:00:00,ARMA DE FUEGO,PISTOLA,DELINCUENCIA COMÚN,AMENAZA,HERIDA POR ARMA DE FUEGO,21,A,HOMBRE,MASCULINO,MESTIZO/A,SOLTERO,ECUADOR,NINGUNA,ESTADO PERSONAL,SIN_DATO
ASESINATO,ZONA 8,D.M. GUAYAQUIL,SUR - DMG,7 LAGOS,09D01C04S01,7 LAGOS 1,09,GUAYAS,0901,GUAYAQUIL,"-2,25769","-79,87307",URBANO,VÍA PÚBLICA,PUBLICO,2026/02/01,18:30:00,ARMA DE FUEGO,PISTOLA,DELINCUENCIA COMÚN,TRÁFICO INTERNO DE DROGAS (MICROTRÁFICO),HERIDA POR ARMA DE FUEGO,31,A,HOMBRE,TRANSGENERO,MESTIZO/A,SOLTERO,ECUADOR,NINGUNA,ESTADO PERSONAL,SIN_DATO
ASESINATO,ZONA 5,LOS RÍOS,PUEBLO VIEJO,SAN JUAN,12D02C02S02,SAN JUAN 2,12,LOS RÍOS,1204,PUEBLOVIEJO,"-1,63418","-79,55934",RURAL,HACIENDAS,PRIVADO,2026/01/31,19:30:00,ARMA BLANCA,OTRO,DELINCUENCIA COMÚN,AMENAZA,HERIDA POR ARMA BLANCA,41,A,HOMBRE,MASCULINO,MESTIZO/A,SOLTERO,ECUADOR,NINGUNA,AYUDANTE/JORNALERO,SIN_DATO
ASESINATO,ZONA 5,LOS RÍOS,PUEBLO VIEJO,RICAURTE,12D02C05S01,RICAURTE 1,12,LOS RÍOS,1206,URDANETA,"-1,56953","-79,46733",RURAL,VÍA PÚBLICA,PUBLICO,2026/02/01,03:45:00,ARMA DE FUEGO,PISTOLA,DELINCUENCIA COMÚN,AMENAZA,HERIDA POR ARMA DE FUEGO,19,A,HOMBRE,MASCULINO,MESTIZO/A,SOLTERO,ECUADOR,NINGUNA,BACHILLER CIENCIAS,SIN_DATO
HOMICIDIO,ZONA 9,D.M. QUITO,EUGENIO ESPEJO,JIPIJAPA,17D05C12S01,JIPIJAPA 1,17,PICHINCHA,1701,QUITO,"-0,16693","-78,4772",URBANO,VÍA PÚBLICA,PUBLICO,2026/02/01,17:20:00,ARMA BLANCA,CUCHILLO,VIOLENCIA COMUNITARIA,RIÑAS,HERIDA POR ARMA BLANCA,25,A,HOMBRE,MASCULINO,MESTIZO/A,SOLTERO,ECUADOR,NINGUNA,BACHILLER TÉCNICO,SIN_DATO
ASESINATO,ZONA 1,IMBABURA,CIUDAD BLANCA,CARANQUIS,10D01C02S02,CARANQUIS 2,10,IMBABURA,1001,IBARRA,"0,30646","-78,13395",RURAL,TERRENO BALDÍO,PUBLICO,2026/01/30,23:00:00,OTROS,FUNDA,DELINCUENCIA COMÚN,SECUESTRO EXPRESS,SOFOCACION,26,A,HOMBRE,MASCULINO,MESTIZO/A,SOLTERO,ECUADOR,NINGUNA,ESTADO PERSONAL,SIN_DATO
ASESINATO,ZONA 8,D.M. GUAYAQUIL,DURÁN,RECREO,09D24C05S08,RECREO 8,09,GUAYAS,0907,DURÁN,"-2,17569","-79,81252",URBANO,CASA/VILLA,PRIVADO,2026/02/02,03:00:00,ARMA DE FUEGO,PISTOLA,DELINCUENCIA COMÚN,AMENAZA,HERIDA POR ARMA DE FUEGO,14,A,HOMBRE,MASCULINO,MESTIZO/A,SOLTERO,ECUADOR,NINGUNA,SIN_DATO,SIN_DATO
ASESINATO,ZONA 8,D.M. GUAYAQUIL,DURÁN,RECREO,09D24C05S08,RECREO 8,09,GUAYAS,0907,DURÁN,"-2,17569","-79,81252",URBANO,CASA/VILLA,PRIVADO,2026/02/02,03:00:00,ARMA DE FUEGO,PISTOLA,DELINCUENCIA COMÚN,AMENAZA,HERIDA POR ARMA DE FUEGO,20,A,HOMBRE,MASCULINO,MESTIZO/A,SOLTERO,ECUADOR,NINGUNA,ESTADO PERSONAL,SIN_DATO
ASESINATO,ZONA 5,LOS RÍOS,QUEVEDO,CONTROL,12D03C02S02,CONTROL 2,12,LOS RÍOS,1205,QUEVEDO,"-1,00354","-79,47974",URBANO,VÍA PÚBLICA,PUBLICO,2026/02/01,03:00:00,ARMA DE FUEGO,PISTOLA,DELINCUENCIA COMÚN,AMENAZA,HERIDA POR ARMA DE FUEGO,27,A,HOMBRE,MASCULINO,MESTIZO/A,SOLTERO,ECUADOR,NINGUNA,ESTADO PERSONAL,SIN_DATO
ASESINATO,ZONA 8,D.M. GUAYAQUIL,PORTETE,SUBURBIO,09D04C06S01,SUBURBIO 1,09,GUAYAS,0901,GUAYAQUIL,"-2,23515","-79,94246",URBANO,VÍA PÚBLICA,PUBLICO,2026/02/01,21:00:00,ARMA DE FUEGO,PISTOLA,DELINCUENCIA COMÚN,AMENAZA,HERIDA POR ARMA DE FUEGO,28,A,HOMBRE,MASCULINO,MESTIZO/A,SOLTERO,ECUADOR,NINGUNA,ESTADO PERSONAL,BACHILLERATO
ASESINATO,ZONA 5,BOLÍVAR,SAN MIGUEL,CHIMBO,02D03C03S01,CHIMBO 1,02,BOLÍVAR,0203,CHIMBO,"-1,68685","-79,03032",RURAL,CASA/VILLA,PRIVADO,2026/01/31,02:00:00,ARMA DE FUEGO,REVOLVER,DELINCUENCIA COMÚN,ROBO A DOMICILIOS,HERIDA POR ARMA DE FUEGO,70,A,HOMBRE,MASCULINO,MESTIZO/A,CASADO,ECUADOR,NINGUNA,TRABAJADOR COMERCIAL,SIN_DATO
ASESINATO,ZONA 5,GUAYAS,JUJAN SIMÓN BOLÍVAR,LORENZO DE GARAICOA,09D11C04S01,LORENZO DE GARAICOA 1,09,GUAYAS,0922,SIMÓN BOLÍVAR,"-2,03284","-79,39848",RURAL,FINCA,PRIVADO,2026/02/01,11:50:00,ARMA BLANCA,MACHETE,DELINCUENCIA COMÚN,AMENAZA,HERIDA POR ARMA BLANCA,42,A,HOMBRE,MASCULINO,MESTIZO/A,CASADO,ECUADOR,NINGUNA,TRABAJADOR PRIMARIO,SIN_DATO
ASESINATO,ZONA 5,LOS RÍOS,QUEVEDO,MOCACHE,12D03C11S02,MOCACHE 2,12,LOS RÍOS,1212,MOCACHE,"-1,19209","-79,45294",RURAL,VÍA PÚBLICA,PUBLICO,2026/02/01,09:00:00,ARMA DE FUEGO,PISTOLA,DELINCUENCIA COMÚN,AMENAZA,HERIDA POR ARMA DE FUEGO,25,A,HOMBRE,MASCULINO,MESTIZO/A,SOLTERO,ECUADOR,NINGUNA,SIN_DATO,SIN_DATO
ASESINATO,ZONA 7,EL ORO,PASAJE,BARBONES,07D01C05S01,BARBONES 1,07,EL ORO,0706,EL GUABO,"-3,19178","-79,85095",URBANO,VÍA PÚBLICA,PUBLICO,2026/01/31,22:00:00,ARMA BLANCA,OTRO,DELINCUENCIA COMÚN,AMENAZA,HERIDA POR ARMA BLANCA,25,A,HOMBRE,MASCULINO,MESTIZO/A,NO DETERMINADO,NO DETERMINADO,NINGUNA,SIN_DATO,SIN_DATO
ASESINATO,ZONA 5,LOS RÍOS,BABAHOYO,CENTRO,12D01C05S02,CENTRO 2,12,LOS RÍOS,1201,BABAHOYO,"-1,80357","-79,52919",URBANO,CASA/VILLA,PRIVADO,2026/02/01,22:30:00,ARMA DE FUEGO,PISTOLA,DELINCUENCIA COMÚN,ROBO A PERSONAS,HERIDA POR ARMA DE FUEGO,23,A,HOMBRE,MASCULINO,MESTIZO/A,SOLTERO,ECUADOR,NINGUNA,BACHILLER CIENCIAS,SIN_DATO
ASESINATO,ZONA 4,MANABÍ,MANTA,SAN LORENZO,13D02C13S01,SAN LORENZO 1,13,MANABÍ,1308,MANTA,"-1,0502","-80,886",RURAL,FINCA,PRIVADO,2026/02/01,19:30:00,ARMA DE FUEGO,PISTOLA,DELINCUENCIA COMÚN,ROBO A DOMICILIOS,HERIDA POR ARMA DE FUEGO,63,A,HOMBRE,MASCULINO,MESTIZO/A,CASADO,ECUADOR,NINGUNA,TRABAJADOR PRIMARIO,SIN_DATO
ASESINATO,ZONA 5,SANTA ELENA,LIBERTAD SALINAS,PUERTO AGUAJE,24D02C07S02,PUERTO AGUAJE 2,24,SANTA ELENA,2403,SALINAS,"-2,25315","-80,92793",URBANO,VÍA PÚBLICA,PUBLICO,2026/02/01,19:30:00,ARMA DE FUEGO,PISTOLA,DELINCUENCIA COMÚN,TRÁFICO INTERNO DE DROGAS (MICROTRÁFICO),HERIDA POR ARMA DE FUEGO,31,A,MUJER,FEMENINO,MESTIZO/A,NO DETERMINADO,VENEZUELA,NINGUNA,SIN_DATO,SIN_DATO
ASESINATO,ZONA 7,EL ORO,MACHALA,WILSON FRANCO,07D02C18S01,WILSON FRANCO 1,07,EL ORO,0701,MACHALA,"-3,26694","-79,99667",URBANO,VÍA PÚBLICA,PUBLICO,2026/02/01,22:30:00,ARMA DE FUEGO,PISTOLA,DELINCUENCIA COMÚN,TRÁFICO INTERNO DE DROGAS (MICROTRÁFICO),HERIDA POR ARMA DE FUEGO,22,A,HOMBRE,MASCULINO,MESTIZO/A,SOLTERO,ECUADOR,NINGUNA,ESTADO PERSONAL,SIN_DATO
ASESINATO,ZONA 7,EL ORO,MACHALA,EL RETIRO,07D02C21S01,EL RETIRO 1,07,EL ORO,0701,MACHALA,"-3,34477","-79,95275",RURAL,VÍA PÚBLICA,PUBLICO,2026/02/02,04:00:00,CONSTRICTORA,SOGA,DELINCUENCIA COMÚN,AMENAZA,AHORCADURA,28,A,HOMBRE,MASCULINO,MESTIZO/A,NO DETERMINADO,ECUADOR,NINGUNA,SIN_DATO,SIN_DATO
ASESINATO,ZONA 1,ESMERALDAS,ESMERALDAS,AIRE LIBRE,08D01C03S02,AIRE LIBRE 2,08,ESMERALDAS,0801,ESMERALDAS,"0,94506","-79,64596",URBANO,CASA/VILLA,PRIVADO,2026/02/01,17:30:00,ARMA DE FUEGO,FUSIL,DELINCUENCIA COMÚN,AMENAZA,HERIDA POR ARMA DE FUEGO,48,A,HOMBRE,MASCULINO,MESTIZO/A,CASADO,ECUADOR,NINGUNA,TRABAJADOR GENERAL,SIN_DATO
ASESINATO,ZONA 1,ESMERALDAS,ESMERALDAS,AIRE LIBRE,08D01C03S02,AIRE LIBRE 2,08,ESMERALDAS,0801,ESMERALDAS,"0,94506","-79,64596",URBANO,CASA/VILLA,PRIVADO,2026/02/01,17:35:00,ARMA DE FUEGO,FUSIL,DELINCUENCIA COMÚN,AMENAZA,HERIDA POR ARMA DE FUEGO,65,A,HOMBRE,MASCULINO,AFRO,VIUDO,ECUADOR,NINGUNA,ARTESANO/OFICIO,SIN_DATO
ASESINATO,ZONA 7,EL ORO,PASAJE,BUENA VISTA,07D01C07S02,BUENA VISTA 2,07,EL ORO,0709,PASAJE,"-3,36604","-79,85068",URBANO,VÍA PÚBLICA,PUBLICO,2026/02/02,10:30:00,ARMA BLANCA,OTRO,DELINCUENCIA COMÚN,TRÁFICO INTERNO DE DROGAS (MICROTRÁFICO),HERIDA POR ARMA BLANCA,20,A,HOMBRE,MASCULINO,NO DETERMINADO,NO DETERMINADO,NO DETERMINADO,NINGUNA,SIN_DATO,SIN_DATO
ASESINATO,ZONA 5,SANTA ELENA,LIBERTAD SALINAS,SANTA ROSA,24D02C06S03,SANTA ROSA 3,24,SANTA ELENA,2403,SALINAS,"-2,23073","-80,94174",URBANO,VÍA PÚBLICA,PUBLICO,2026/02/01,19:00:00,ARMA DE FUEGO,PISTOLA,DELINCUENCIA COMÚN,TRÁFICO INTERNO DE DROGAS (MICROTRÁFICO),HERIDA POR ARMA DE FUEGO,18,A,HOMBRE,MASCULINO,MESTIZO/A,SOLTERO,ECUADOR,NINGUNA,TRABAJADOR PRIMARIO,SIN_DATO
ASESINATO,ZONA 5,SANTA ELENA,LIBERTAD SALINAS,SANTA ROSA,24D02C06S03,SANTA ROSA 3,24,SANTA ELENA,2403,SALINAS,"-2,23073","-80,94174",URBANO,VÍA PÚBLICA,PUBLICO,2026/02/01,19:00:00,ARMA DE FUEGO,PISTOLA,DELINCUENCIA COMÚN,TRÁFICO INTERNO DE DROGAS (MICROTRÁFICO),HERIDA POR ARMA DE FUEGO,21,A,HOMBRE,MASCULINO,MESTIZO/A,SOLTERO,ECUADOR,NINGUNA,BACHILLER CIENCIAS,SIN_DATO
ASESINATO,ZONA 1,IMBABURA,VALLE DEL AMANECER,SAN LUIS,10D02C08S01,SAN LUIS 1,10,IMBABURA,1004,OTAVALO,"0,22585","-78,25885",URBANO,VÍA PÚBLICA,PUBLICO,2026/02/01,04:30:00,OTROS,NINGUNA,VIOLENCIA COMUNITARIA,LINCHAMIENTO,HERIDAS CONTUSAS,66,A,HOMBRE,MASCULINO,MESTIZO/A,CASADO,ECUADOR,NINGUNA,AYUDANTE/JORNALERO,SIN_DATO
HOMICIDIO,ZONA 5,LOS RÍOS,QUEVEDO,DIVINO NIÑO,12D03C06S01,DIVINO NIÑO 1,12,LOS RÍOS,1205,QUEVEDO,"-1,03642","-79,45445",URBANO,CASA/VILLA,PRIVADO,2026/02/02,12:00:00,OTROS,NINGUNA,VIOLENCIA COMUNITARIA,RIÑAS,CAIDA,47,A,MUJER,FEMENINO,MESTIZO/A,SOLTERO,ECUADOR,NINGUNA,ESTADO PERSONAL,SIN_DATO
HOMICIDIO,ZONA 2,PICHINCHA,RUMIÑAHUI - MEJÍA,FAJARDO,17D11C13S01,FAJARDO 1,17,PICHINCHA,1705,RUMIÑAHUI,"-0,33531","-78,45322",URBANO,CASA/VILLA,PRIVADO,2026/01/31,09:30:00,OTROS,NINGUNA,VIOLENCIA COMUNITARIA,RIÑAS,ESTRANGULACION,22,A,HOMBRE,MASCULINO,MESTIZO/A,SOLTERO,VENEZUELA,NINGUNA,SIN_DATO,SIN_DATO
HOMICIDIO,ZONA 9,D.M. QUITO,ELOY ALFARO - DMQ,FERROVIARIA,17D06C11S01,FERROVIARIA 1,17,PICHINCHA,1701,QUITO,"-0,25683","-78,5217",URBANO,MECÁNICAS,PRIVADO,2026/02/02,18:00:00,ARMA DE FUEGO,OTRO,DELINCUENCIA COMÚN,AMENAZA,HERIDA POR ARMA DE FUEGO,29,A,HOMBRE,MASCULINO,MESTIZO/A,SOLTERO,ECUADOR,NINGUNA,BACHILLER TÉCNICO,SIN_DATO
HOMICIDIO,ZONA 1,ESMERALDAS,QUININDÉ,VICHE,08D04C09S01,VICHE 1,08,ESMERALDAS,0804,QUININDÉ,"0,65596","-79,54332",URBANO,CASA/VILLA,PRIVADO,2026/01/13,00:40:00,ARMA DE FUEGO,PISTOLA,DELINCUENCIA COMÚN,AMENAZA,HERIDA POR ARMA DE FUEGO,31,A,HOMBRE,MASCULINO,MESTIZO/A,SOLTERO,ECUADOR,NINGUNA,ARTESANO/OFICIO,SIN_DATO
ASESINATO,ZONA 5,GUAYAS,PLAYAS,PLAYAS,09D22C01S01,PLAYAS 1,09,GUAYAS,0921,PLAYAS,"-2,63671","-80,39148",URBANO,VÍA PÚBLICA,PUBLICO,2026/02/03,16:30:00,ARMA DE FUEGO,PISTOLA,DELINCUENCIA COMÚN,AMENAZA,HERIDA POR ARMA DE FUEGO,40,A,HOMBRE,MASCULINO,MESTIZO/A,CASADO,ECUADOR,NINGUNA,ESTADO PERSONAL,SIN_DATO
ASESINATO,ZONA 8,D.M. GUAYAQUIL,9 DE OCTUBRE,GARAY,09D03C04S01,GARAY 1,09,GUAYAS,0901,GUAYAQUIL,"-2,1968","-79,89878",URBANO,VÍA PÚBLICA,PUBLICO,2026/02/02,16:34:00,ARMA DE FUEGO,PISTOLA,DELINCUENCIA COMÚN,AMENAZA,HERIDA POR ARMA DE FUEGO,22,A,HOMBRE,MASCULINO,MESTIZO/A,SOLTERO,ECUADOR,NINGUNA,BACHILLER CIENCIAS,SIN_DATO
ASESINATO,ZONA 4,STO DGO DE LOS TSÁCHILAS,SANTO DOMINGO ESTE,EL ESFUERZO,23D01C12S01,EL ESFUERZO 1,23,STO DGO DE LOS TSÁCHILAS,2301,SANTO DOMINGO,"-0,47362","-79,27736",RURAL,FINCA,PRIVADO,2026/01/29,18:30:00,ARMA DE FUEGO,PISTOLA,DELINCUENCIA COMÚN,AMENAZA,HERIDA POR ARMA DE FUEGO,41,A,HOMBRE,MASCULINO,MESTIZO/A,SOLTERO,ECUADOR,NINGUNA,ARTESANO/OFICIO,SIN_DATO
ASESINATO,ZONA 8,D.M. GUAYAQUIL,NUEVA PROSPERINA,NUEVO GUAYAQUIL,09D08C06S02,NUEVO GUAYAQUIL 2,09,GUAYAS,0901,GUAYAQUIL,"-2,1075","-79,9713",URBANO,TERRENO BALDÍO,PUBLICO,2026/02/02,18:10:00,ARMA DE FUEGO,PISTOLA,DELINCUENCIA COMÚN,AMENAZA,HERIDA POR ARMA DE FUEGO,22,A,HOMBRE,MASCULINO,MESTIZO/A,SOLTERO,ECUADOR,NINGUNA,ESTADO PERSONAL,SIN_DATO
ASESINATO,ZONA 8,D.M. GUAYAQUIL,NUEVA PROSPERINA,NUEVO GUAYAQUIL,09D08C06S02,NUEVO GUAYAQUIL 2,09,GUAYAS,0901,GUAYAQUIL,"-2,1075","-79,9713",URBANO,TERRENO BALDÍO,PUBLICO,2026/02/02,18:10:00,ARMA DE FUEGO,PISTOLA,DELINCUENCIA COMÚN,AMENAZA,HERIDA POR ARMA DE FUEGO,22,A,HOMBRE,MASCULINO,MESTIZO/A,SOLTERO,ECUADOR,NINGUNA,TRABAJADOR GENERAL,SIN_DATO
ASESINATO,ZONA 8,D.M. GUAYAQUIL,PORTETE,CISNE,09D04C01S02,CISNE 2,09,GUAYAS,0901,GUAYAQUIL,"-2,22286","-79,92534",URBANO,VÍA PÚBLICA,PUBLICO,2026/02/01,12:30:00,ARMA CONTUNDENTE,OBJETO CONTUSO,DELINCUENCIA COMÚN,AMENAZA,HERIDAS CONTUSAS,33,A,HOMBRE,MASCULINO,MESTIZO/A,SOLTERO,ECUADOR,NINGUNA,ESTADO PERSONAL,SIN_DATO
ASESINATO,ZONA 7,EL ORO,PASAJE,LAS PRADERAS,07D01C09S01,LAS PRADERAS 1,07,EL ORO,0709,PASAJE,"-3,33487","-79,80314",URBANO,MECÁNICAS,PRIVADO,2026/02/02,20:25:00,ARMA DE FUEGO,PISTOLA,DELINCUENCIA COMÚN,AMENAZA,HERIDA POR ARMA DE FUEGO,33,A,HOMBRE,MASCULINO,MESTIZO/A,SOLTERO,ECUADOR,NINGUNA,BACHILLER CIENCIAS,SIN_DATO
ASESINATO,ZONA 7,EL ORO,MACHALA,PÁEZ,07D02C13S01,PÁEZ 1,07,EL ORO,0701,MACHALA,"-3,25992","-79,95385",URBANO,HOSPITALES,PRIVADO,2026/02/02,23:45:00,ARMA DE FUEGO,PISTOLA,DELINCUENCIA COMÚN,TRÁFICO INTERNO DE DROGAS (MICROTRÁFICO),HERIDA POR ARMA DE FUEGO,34,A,HOMBRE,MASCULINO,MESTIZO/A,NO DETERMINADO,VENEZUELA,NINGUNA,SIN_DATO,SIN_DATO
ASESINATO,ZONA 5,GUAYAS,EMPALME,EL ROSARIO,09D15C01S01,EL ROSARIO 1,09,GUAYAS,0908,EL EMPALME,"-1,03688","-79,7626",RURAL,VÍA PÚBLICA,PUBLICO,2026/02/03,06:00:00,ARMA DE FUEGO,OTROS ARMA CORTA,DELINCUENCIA COMÚN,AMENAZA,HERIDA POR ARMA DE FUEGO,17,A,HOMBRE,MASCULINO,MESTIZO/A,SOLTERO,ECUADOR,NINGUNA,ESTADO PERSONAL,SIN_DATO
ASESINATO,ZONA 8,D.M. GUAYAQUIL,NUEVA PROSPERINA,NUEVO GUAYAQUIL,09D08C06S01,NUEVO GUAYAQUIL 1,09,GUAYAS,0901,GUAYAQUIL,"-2,11955","-79,97451",URBANO,VÍA PÚBLICA,PUBLICO,2026/02/03,05:30:00,ARMA DE FUEGO,PISTOLA,DELINCUENCIA COMÚN,AMENAZA,HERIDA POR ARMA DE FUEGO,30,A,HOMBRE,MASCULINO,MESTIZO/A,NO DETERMINADO,NO DETERMINADO,NINGUNA,SIN_DATO,SIN_DATO
ASESINATO,ZONA 5,LOS RÍOS,PUEBLO VIEJO,RICAURTE,12D02C05S01,RICAURTE 1,12,LOS RÍOS,1206,URDANETA,"-1,58434","-79,40386",RURAL,VÍA PÚBLICA,PUBLICO,2026/02/02,19:00:00,ARMA DE FUEGO,PISTOLA,DELINCUENCIA COMÚN,AMENAZA,HERIDA POR ARMA DE FUEGO,34,A,HOMBRE,MASCULINO,MESTIZO/A,SOLTERO,ECUADOR,NINGUNA,TRABAJADOR GENERAL,SIN_DATO
ASESINATO,ZONA 7,EL ORO,MACHALA,WILSON FRANCO,07D02C18S01,WILSON FRANCO 1,07,EL ORO,0701,MACHALA,"-3,26174","-79,99299",URBANO,VÍA PÚBLICA,PUBLICO,2026/02/03,14:00:00,ARMA DE FUEGO,PISTOLA,DELINCUENCIA COMÚN,TRÁFICO INTERNO DE DROGAS (MICROTRÁFICO),HERIDA POR ARMA DE FUEGO,25,A,HOMBRE,MASCULINO,MESTIZO/A,SOLTERO,ECUADOR,NINGUNA,ESTADO PERSONAL,SIN_DATO
ASESINATO,ZONA 2,PICHINCHA,CAYAMBE,MALCHINGUI,17D10C08S02,MALCHINGUI 2,17,PICHINCHA,1704,PEDRO MONCAYO,"-0,00864","-78,32157",RURAL,TERRENO BALDÍO,PUBLICO,2026/02/02,22:00:00,ARMA DE FUEGO,PISTOLA,DELINCUENCIA COMÚN,TRÁFICO INTERNO DE DROGAS (MICROTRÁFICO),HERIDA POR ARMA DE FUEGO,21,A,HOMBRE,MASCULINO,MESTIZO/A,SOLTERO,ECUADOR,NINGUNA,ESTADO PERSONAL,SIN_DATO
ASESINATO,ZONA 2,PICHINCHA,CAYAMBE,MALCHINGUI,17D10C08S02,MALCHINGUI 2,17,PICHINCHA,1704,PEDRO MONCAYO,"-0,00864","-78,32157",RURAL,TERRENO BALDÍO,PUBLICO,2026/02/02,22:00:00,ARMA DE FUEGO,PISTOLA,DELINCUENCIA COMÚN,TRÁFICO INTERNO DE DROGAS (MICROTRÁFICO),HERIDA POR ARMA DE FUEGO,26,A,HOMBRE,MASCULINO,MESTIZO/A,SOLTERO,ECUADOR,NINGUNA,ESTADO PERSONAL,PRIMARIA
ASESINATO,ZONA 2,PICHINCHA,CAYAMBE,MALCHINGUI,17D10C08S02,MALCHINGUI 2,17,PICHINCHA,1704,PEDRO MONCAYO,"-0,00864","-78,32157",RURAL,TERRENO BALDÍO,PUBLICO,2026/02/02,22:00:00,ARMA DE FUEGO,PISTOLA,DELINCUENCIA COMÚN,TRÁFICO INTERNO DE DROGAS (MICROTRÁFICO),HERIDA POR ARMA DE FUEGO,18,A,HOMBRE,MASCULINO,MESTIZO/A,SOLTERO,ECUADOR,NINGUNA,ESTADO PERSONAL,SIN_DATO
ASESINATO,ZONA 8,D.M. GUAYAQUIL,SUR - DMG,CENTENARIO,09D01C05S02,CENTENARIO 2,09,GUAYAS,0901,GUAYAQUIL,"-2,22094","-79,88739",URBANO,VÍA PÚBLICA,PUBLICO,2026/02/03,12:30:00,ARMA DE FUEGO,PISTOLA,DELINCUENCIA COMÚN,TRÁFICO INTERNO DE DROGAS (MICROTRÁFICO),HERIDA POR ARMA DE FUEGO,17,A,HOMBRE,MASCULINO,MESTIZO/A,SOLTERO,ECUADOR,NINGUNA,ESTADO PERSONAL,SIN_DATO
ASESINATO,ZONA 8,D.M. GUAYAQUIL,PORTETE,SUBURBIO,09D04C06S05,SUBURBIO 5,09,GUAYAS,0901,GUAYAQUIL,"-2,21272","-79,9325",URBANO,VÍA PÚBLICA,PUBLICO,2026/02/02,21:12:00,ARMA DE FUEGO,PISTOLA,DELINCUENCIA COMÚN,AMENAZA,HERIDA POR ARMA DE FUEGO,24,A,HOMBRE,MASCULINO,MESTIZO/A,SOLTERO,ECUADOR,NINGUNA,BACHILLER CIENCIAS,SIN_DATO
ASESINATO,ZONA 4,MANABÍ,PORTOVIEJO,SAN PABLO,13D01C05S02,SAN PABLO 2,13,MANABÍ,1301,PORTOVIEJO,"-1,04669","-80,44731",URBANO,VÍA PÚBLICA,PUBLICO,2026/02/03,22:00:00,ARMA DE FUEGO,PISTOLA,DELINCUENCIA COMÚN,TRÁFICO INTERNO DE DROGAS (MICROTRÁFICO),HERIDA POR ARMA DE FUEGO,40,A,HOMBRE,MASCULINO,MESTIZO/A,SOLTERO,ECUADOR,NINGUNA,ESTADO PERSONAL,SIN_DATO
ASESINATO,ZONA 8,D.M. GUAYAQUIL,CEIBOS,CHONGON,09D09C03S01,CHONGON 1,09,GUAYAS,0901,GUAYAQUIL,"-2,21822","-80,08093",URBANO,VÍA PÚBLICA,PUBLICO,2026/02/03,20:10:00,ARMA DE FUEGO,PISTOLA,DELINCUENCIA COMÚN,TRÁFICO INTERNO DE DROGAS (MICROTRÁFICO),HERIDA POR ARMA DE FUEGO,30,A,HOMBRE,MASCULINO,MESTIZO/A,SOLTERO,ECUADOR,NINGUNA,AYUDANTE/JORNALERO,SIN_DATO
ASESINATO,ZONA 8,D.M. GUAYAQUIL,PASCUALES,MUCHO LOTE,09D07C04S01,MUCHO LOTE 1,09,GUAYAS,0901,GUAYAQUIL,"-2,10052","-79,9202",URBANO,VÍA PÚBLICA,PUBLICO,2026/02/03,20:21:00,ARMA DE FUEGO,PISTOLA,DELINCUENCIA COMÚN,AMENAZA,HERIDA POR ARMA DE FUEGO,21,A,HOMBRE,MASCULINO,AFRO,SOLTERO,ECUADOR,NINGUNA,ESTADO PERSONAL,SIN_DATO
ASESINATO,ZONA 5,LOS RÍOS,VINCES,AUGUSTO VALENCIA,12D05C07S01,AUGUSTO VALENCIA 1,12,LOS RÍOS,1208,VINCES,"-1,58906","-79,72361",RURAL,VÍA PÚBLICA,PUBLICO,2026/02/03,06:30:00,ARMA DE FUEGO,PISTOLA,DELINCUENCIA COMÚN,AMENAZA,HERIDA POR ARMA DE FUEGO,30,A,HOMBRE,MASCULINO,MESTIZO/A,SOLTERO,ECUADOR,NINGUNA,ESTADO PERSONAL,SIN_DATO
ASESINATO,ZONA 8,D.M. GUAYAQUIL,SAMBORONDÓN,SAMBORONDÓN,09D23C01S04,SAMBORONDÓN 4,09,GUAYAS,0916,SAMBORONDÓN,"-1,96623","-79,7215",URBANO,VÍA PÚBLICA,PUBLICO,2026/02/03,14:00:00,ARMA DE FUEGO,PISTOLA,DELINCUENCIA COMÚN,AMENAZA,HERIDA POR ARMA DE FUEGO,19,A,HOMBRE,MASCULINO,MONTUBIO/A,SOLTERO,ECUADOR,NINGUNA,ESTADO PERSONAL,SIN_DATO
ASESINATO,ZONA 8,D.M. GUAYAQUIL,ESTEROS,ESTEROS,09D02C01S03,ESTEROS 3,09,GUAYAS,0901,GUAYAQUIL,"-2,23911","-79,90829",URBANO,VÍA PÚBLICA,PUBLICO,2026/02/03,08:30:00,ARMA DE FUEGO,PISTOLA,DELINCUENCIA COMÚN,AMENAZA,HERIDA POR ARMA DE FUEGO,19,A,HOMBRE,MASCULINO,MESTIZO/A,SOLTERO,ECUADOR,NINGUNA,BACHILLER CIENCIAS,SIN_DATO
ASESINATO,ZONA 5,GUAYAS,JUJAN SIMÓN BOLÍVAR,SIMÓN BOLÍVAR,09D11C03S01,SIMÓN BOLÍVAR 1,09,GUAYAS,0922,SIMÓN BOLÍVAR,"-1,9999","-79,48103",URBANO,VÍA PÚBLICA,PUBLICO,2026/02/03,21:35:00,ARMA DE FUEGO,PISTOLA,DELINCUENCIA COMÚN,AMENAZA,HERIDA POR ARMA DE FUEGO,25,A,HOMBRE,MASCULINO,MESTIZO/A,SOLTERO,ECUADOR,NINGUNA,ESTADO PERSONAL,SIN_DATO
ASESINATO,ZONA 5,GUAYAS,JUJAN SIMÓN BOLÍVAR,SIMÓN BOLÍVAR,09D11C03S01,SIMÓN BOLÍVAR 1,09,GUAYAS,0922,SIMÓN BOLÍVAR,"-1,9999","-79,48103",URBANO,VÍA PÚBLICA,PUBLICO,2026/02/03,21:35:00,ARMA DE FUEGO,PISTOLA,DELINCUENCIA COMÚN,AMENAZA,HERIDA POR ARMA DE FUEGO,18,A,HOMBRE,MASCULINO,MESTIZO/A,SOLTERO,ECUADOR,NINGUNA,ESTADO PERSONAL,SIN_DATO
ASESINATO,ZONA 7,EL ORO,HUAQUILLAS,HUALTACO,07D05C06S01,HUALTACO 1,07,EL ORO,0707,HUAQUILLAS,"-3,46761","-80,23281",URBANO,VÍA PÚBLICA,PUBLICO,2026/02/03,23:50:00,ARMA DE FUEGO,PISTOLA,DELINCUENCIA COMÚN,AMENAZA,HERIDA POR ARMA DE FUEGO,24,A,HOMBRE,MASCULINO,MESTIZO/A,SOLTERO,ECUADOR,NINGUNA,SIN_DATO,SIN_DATO
ASESINATO,ZONA 8,D.M. GUAYAQUIL,PASCUALES,SAN FRANCISCO,09D07C07S02,SAN FRANCISCO 2,09,GUAYAS,0901,GUAYAQUIL,"-2,05292","-79,94452",URBANO,CENTROS DE REHABILITACIÓN SOCIAL,PRIVADO,2026/02/02,15:00:00,OTROS,NINGUNA,DELINCUENCIA COMÚN,AMENAZA,ESTRANGULACION,25,A,HOMBRE,MASCULINO,MESTIZO/A,SOLTERO,ECUADOR,NINGUNA,ESTADO PERSONAL,SIN_DATO
ASESINATO,ZONA 5,GUAYAS,JUJAN SIMÓN BOLÍVAR,JUJAN ESTE,09D11C01S01,JUJAN ESTE 1,09,GUAYAS,0902,ALFREDO BAQUERIZO MORENO (JUJÁN),"-1,98611","-79,59174",RURAL,CASA/VILLA,PRIVADO,2026/02/04,10:00:00,ARMA DE FUEGO,PISTOLA,DELINCUENCIA COMÚN,AMENAZA,HERIDA POR ARMA DE FUEGO,34,A,HOMBRE,MASCULINO,MESTIZO/A,SOLTERO,ECUADOR,NINGUNA,BACHILLER CIENCIAS,SIN_DATO
ASESINATO,ZONA 7,EL ORO,PASAJE,LAS PRADERAS,07D01C09S01,LAS PRADERAS 1,07,EL ORO,0709,PASAJE,"-3,32084","-79,83943",URBANO,VÍA PÚBLICA,PUBLICO,2026/02/04,12:30:00,ARMA BLANCA,OTRO,DELINCUENCIA COMÚN,AMENAZA,HERIDA POR ARMA BLANCA,33,A,HOMBRE,MASCULINO,MESTIZO/A,SOLTERO,ECUADOR,NINGUNA,ESTADO PERSONAL,SIN_DATO
ASESINATO,ZONA 7,EL ORO,PASAJE,LAS PRADERAS,07D01C09S01,LAS PRADERAS 1,07,EL ORO,0709,PASAJE,"-3,32084","-79,83943",URBANO,VÍA PÚBLICA,PUBLICO,2026/02/04,12:30:00,ARMA BLANCA,OTRO,DELINCUENCIA COMÚN,AMENAZA,HERIDA POR ARMA BLANCA,26,A,HOMBRE,MASCULINO,MESTIZO/A,SOLTERO,ECUADOR,NINGUNA,BACHILLER CIENCIAS,SIN_DATO
ASESINATO,ZONA 7,EL ORO,PASAJE,LAS PRADERAS,07D01C09S01,LAS PRADERAS 1,07,EL ORO,0709,PASAJE,"-3,32084","-79,83943",URBANO,VÍA PÚBLICA,PUBLICO,2026/02/04,12:30:00,ARMA BLANCA,OTRO,DELINCUENCIA COMÚN,AMENAZA,HERIDA POR ARMA BLANCA,SIN_DATO,SIN_DATO,HOMBRE,MASCULINO,NO DETERMINADO,NO DETERMINADO,NO DETERMINADO,NINGUNA,SIN_DATO,SIN_DATO
ASESINATO,ZONA 4,MANABÍ,SUCRE,SAN ISIDRO,13D11C04S01,SAN ISIDRO 1,13,MANABÍ,1314,SUCRE,"-0,39061","-80,19953",RURAL,CASA/VILLA,PRIVADO,2026/02/03,21:00:00,ARMA DE FUEGO,REVOLVER,DELINCUENCIA COMÚN,AMENAZA,HERIDA POR ARMA DE FUEGO,24,A,HOMBRE,MASCULINO,MESTIZO/A,SOLTERO,ECUADOR,NINGUNA,ESTADO PERSONAL,SIN_DATO
ASESINATO,ZONA 5,LOS RÍOS,QUEVEDO,CONTROL,12D03C02S02,CONTROL 2,12,LOS RÍOS,1205,QUEVEDO,"-0,99451","-79,46885",URBANO,PARQUES Y PLAZAS,PUBLICO,2026/02/04,10:45:00,ARMA DE FUEGO,PISTOLA,DELINCUENCIA COMÚN,AMENAZA,HERIDA POR ARMA DE FUEGO,17,A,HOMBRE,MASCULINO,MESTIZO/A,SOLTERO,ECUADOR,NINGUNA,ESTADO PERSONAL,SIN_DATO
ASESINATO,ZONA 5,LOS RÍOS,QUEVEDO,CONTROL,12D03C02S01,CONTROL 1,12,LOS RÍOS,1205,QUEVEDO,"-0,98937","-79,4754",URBANO,VÍA PÚBLICA,PUBLICO,2026/02/04,04:00:00,ARMA BLANCA,MACHETE,DELINCUENCIA COMÚN,AMENAZA,HERIDA POR ARMA BLANCA,35,A,HOMBRE,MASCULINO,MESTIZO/A,SOLTERO,ECUADOR,NINGUNA,AYUDANTE/JORNALERO,PRIMARIA
ASESINATO,ZONA 3,TUNGURAHUA,AMBATO NORTE,SAN BARTOLOME DE PINLLO,18D01C08S02,SAN BARTOLOME DE PINLLO 2,18,TUNGURAHUA,1801,AMBATO,"-1,23065","-78,64053",RURAL,VÍA PÚBLICA,PUBLICO,2026/02/04,00:00:00,ARMA DE FUEGO,PISTOLA,DELINCUENCIA COMÚN,AMENAZA,HERIDA POR ARMA DE FUEGO,25,A,HOMBRE,MASCULINO,MESTIZO/A,SOLTERO,VENEZUELA,NINGUNA,SIN_DATO,SIN_DATO
ASESINATO,ZONA 7,EL ORO,SANTA ROSA,SANTA ROSA ESTE,07D06C04S01,SANTA ROSA ESTE 1,07,EL ORO,0712,SANTA ROSA,"-3,45051","-79,96652",URBANO,CASA/VILLA,PRIVADO,2026/02/04,09:40:00,ARMA DE FUEGO,PISTOLA,DELINCUENCIA COMÚN,AMENAZA,HERIDA POR ARMA DE FUEGO,46,A,HOMBRE,MASCULINO,MESTIZO/A,CASADO,ECUADOR,NINGUNA,TRABAJADOR GENERAL,SIN_DATO
ASESINATO,ZONA 4,MANABÍ,MANTA,SAN JUAN,13D02C11S01,SAN JUAN 1,13,MANABÍ,1308,MANTA,"-0,99064","-80,71377",URBANO,VÍA PÚBLICA,PUBLICO,2026/02/04,11:00:00,ARMA DE FUEGO,PISTOLA,DELINCUENCIA COMÚN,AMENAZA,HERIDA POR ARMA DE FUEGO,53,A,HOMBRE,MASCULINO,MESTIZO/A,CASADO,ECUADOR,NINGUNA,ESTADO PERSONAL,SECUNDARIA
ASESINATO,ZONA 5,GUAYAS,PLAYAS,PLAYAS,09D22C01S01,PLAYAS 1,09,GUAYAS,0921,PLAYAS,"-2,63634","-80,3976",URBANO,PLAYA,PUBLICO,2026/02/04,09:50:00,ARMA DE FUEGO,PISTOLA,DELINCUENCIA COMÚN,AMENAZA,HERIDA POR ARMA DE FUEGO,30,A,HOMBRE,MASCULINO,AFRO,NO DETERMINADO,NO DETERMINADO,NINGUNA,SIN_DATO,SIN_DATO
ASESINATO,ZONA 8,D.M. GUAYAQUIL,NUEVA PROSPERINA,MONTE SINAÍ,09D08C05S07,MONTE SINAÍ 7,09,GUAYAS,0901,GUAYAQUIL,"-2,11556","-80,00645",URBANO,VÍA PÚBLICA,PUBLICO,2026/02/04,06:42:00,ARMA DE FUEGO,PISTOLA,DELINCUENCIA COMÚN,AMENAZA,HERIDA POR ARMA DE FUEGO,18,A,HOMBRE,MASCULINO,NO DETERMINADO,SOLTERO,ECUADOR,NINGUNA,ESTADO PERSONAL,SIN_DATO
ASESINATO,ZONA 5,GUAYAS,JUJAN SIMÓN BOLÍVAR,LORENZO DE GARAICOA,09D11C04S01,LORENZO DE GARAICOA 1,09,GUAYAS,0922,SIMÓN BOLÍVAR,"-2,06234","-79,43822",RURAL,CASA/VILLA,PRIVADO,2026/02/04,20:45:00,ARMA DE FUEGO,PISTOLA,DELINCUENCIA COMÚN,AMENAZA,HERIDA POR ARMA DE FUEGO,25,A,HOMBRE,MASCULINO,MESTIZO/A,SOLTERO,ECUADOR,NINGUNA,BACHILLER CIENCIAS,SIN_DATO
ASESINATO,ZONA 7,EL ORO,HUAQUILLAS,UNIÓN LOJANA,07D05C05S01,UNIÓN LOJANA 1,07,EL ORO,0707,HUAQUILLAS,"-3,48576","-80,20892",URBANO,CASA/VILLA,PRIVADO,2026/01/26,06:40:00,ARMA DE FUEGO,PISTOLA,DELINCUENCIA COMÚN,TRÁFICO INTERNO DE DROGAS (MICROTRÁFICO),HERIDA POR ARMA DE FUEGO,22,A,HOMBRE,MASCULINO,MESTIZO/A,SOLTERO,ECUADOR,NINGUNA,BACHILLER TÉCNICO,SIN_DATO
ASESINATO,ZONA 8,D.M. GUAYAQUIL,PASCUALES,BASTIÓN POPULAR NORTE,09D07C03S02,BASTIÓN POPULAR NORTE 2,09,GUAYAS,0901,GUAYAQUIL,"-2,08563","-79,93064",URBANO,VÍA PÚBLICA,PUBLICO,2026/02/04,12:00:00,ARMA DE FUEGO,PISTOLA,DELINCUENCIA COMÚN,AMENAZA,HERIDA POR ARMA DE FUEGO,20,A,HOMBRE,MASCULINO,MESTIZO/A,SOLTERO,ECUADOR,NINGUNA,ESTADO PERSONAL,SIN_DATO
ASESINATO,ZONA 7,EL ORO,HUAQUILLAS,HUALTACO,07D05C06S01,HUALTACO 1,07,EL ORO,0707,HUAQUILLAS,"-3,46497","-80,2274",URBANO,CASA/VILLA,PRIVADO,2026/02/04,20:00:00,ARMA DE FUEGO,PISTOLA,DELINCUENCIA COMÚN,AMENAZA,HERIDA POR ARMA DE FUEGO,33,A,HOMBRE,MASCULINO,MESTIZO/A,SOLTERO,ECUADOR,NINGUNA,TRABAJADOR GENERAL,BASICA
ASESINATO,ZONA 8,D.M. GUAYAQUIL,PORTETE,SUBURBIO,09D04C06S02,SUBURBIO 2,09,GUAYAS,0901,GUAYAQUIL,"-2,23296","-79,94275",URBANO,VÍA PÚBLICA,PUBLICO,2026/02/04,08:00:00,ARMA DE FUEGO,PISTOLA,DELINCUENCIA COMÚN,AMENAZA,HERIDA POR ARMA DE FUEGO,24,A,HOMBRE,MASCULINO,MESTIZO/A,SOLTERO,ECUADOR,NINGUNA,ESTADO PERSONAL,SIN_DATO
ASESINATO,ZONA 5,LOS RÍOS,QUEVEDO,GALO PLAZA,12D03C05S01,GALO PLAZA 1,12,LOS RÍOS,1205,QUEVEDO,"-1,00442","-79,47426",URBANO,CASA/VILLA,PRIVADO,2026/02/05,01:00:00,ARMA DE FUEGO,PISTOLA,DELINCUENCIA COMÚN,AMENAZA,HERIDA POR ARMA DE FUEGO,25,A,HOMBRE,MASCULINO,MESTIZO/A,NO DETERMINADO,ECUADOR,NINGUNA,SIN_DATO,SIN_DATO
ASESINATO,ZONA 2,ORELLANA,LA JOYA DE LOS SACHAS,SACHAS,22D01C03S02,SACHAS 2,22,ORELLANA,2203,LA JOYA DE LOS SACHAS,"-0,28513","-76,85415",URBANO,VÍA PÚBLICA,PUBLICO,2026/02/04,22:30:00,ARMA DE FUEGO,PISTOLA,DELINCUENCIA COMÚN,AMENAZA,HERIDA POR ARMA DE FUEGO,24,A,HOMBRE,MASCULINO,INDIGENA,SOLTERO,ECUADOR,NINGUNA,ESTADO PERSONAL,SIN_DATO
ASESINATO,ZONA 2,ORELLANA,ORELLANA LORETO,COCA OCCIDENTE,22D02C05S03,COCA OCCIDENTE 3,22,ORELLANA,2201,FRANCISCO DE ORELLANA,"-0,44723","-77,01196",URBANO,VÍA PÚBLICA,PUBLICO,2026/02/04,16:47:00,ARMA DE FUEGO,PISTOLA,DELINCUENCIA COMÚN,TRÁFICO INTERNO DE DROGAS (MICROTRÁFICO),HERIDA POR ARMA DE FUEGO,16,A,HOMBRE,MASCULINO,AFRO,SOLTERO,ECUADOR,NINGUNA,SIN_DATO,SIN_DATO
ASESINATO,ZONA 2,ORELLANA,ORELLANA LORETO,COCA OCCIDENTE,22D02C05S03,COCA OCCIDENTE 3,22,ORELLANA,2201,FRANCISCO DE ORELLANA,"-0,44723","-77,01196",URBANO,VÍA PÚBLICA,PUBLICO,2026/02/04,16:47:00,ARMA DE FUEGO,PISTOLA,DELINCUENCIA COMÚN,TRÁFICO INTERNO DE DROGAS (MICROTRÁFICO),HERIDA POR ARMA DE FUEGO,23,A,HOMBRE,MASCULINO,AFRO,SOLTERO,ECUADOR,NINGUNA,BACHILLER CIENCIAS,SIN_DATO
ASESINATO,ZONA 2,ORELLANA,ORELLANA LORETO,COCA OCCIDENTE,22D02C05S04,COCA OCCIDENTE 4,22,ORELLANA,2201,FRANCISCO DE ORELLANA,"-0,43101","-76,99926",URBANO,VÍA PÚBLICA,PUBLICO,2026/02/04,22:30:00,ARMA DE FUEGO,PISTOLA,DELINCUENCIA COMÚN,AMENAZA,HERIDA POR ARMA DE FUEGO,20,A,HOMBRE,MASCULINO,MULATO/A,SOLTERO,ECUADOR,NINGUNA,ESTADO PERSONAL,SIN_DATO
ASESINATO,ZONA 5,LOS RÍOS,BABAHOYO,MATA DE CACAO,12D01C12S02,MATA DE CACAO 2,12,LOS RÍOS,1201,BABAHOYO,"-2,01395","-79,26061",RURAL,CASA/VILLA,PRIVADO,2026/02/05,03:00:00,ARMA DE FUEGO,OTROS ARMA CORTA,DELINCUENCIA COMÚN,AMENAZA,HERIDA POR ARMA DE FUEGO,23,A,HOMBRE,MASCULINO,MESTIZO/A,SOLTERO,ECUADOR,NINGUNA,AYUDANTE/JORNALERO,SIN_DATO
ASESINATO,ZONA 5,GUAYAS,NARANJAL BALAO,NARANJAL SUR,09D12C04S01,NARANJAL SUR 1,09,GUAYAS,0911,NARANJAL,"-2,68418","-79,61348",URBANO,VÍA PÚBLICA,PUBLICO,2026/02/04,16:40:00,ARMA DE FUEGO,PISTOLA,DELINCUENCIA COMÚN,AMENAZA,HERIDA POR ARMA DE FUEGO,48,A,HOMBRE,MASCULINO,MESTIZO/A,SOLTERO,ECUADOR,NINGUNA,TRABAJADOR COMERCIAL,SIN_DATO
ASESINATO,ZONA 5,LOS RÍOS,BABAHOYO,MATA DE CACAO,12D01C12S02,MATA DE CACAO 2,12,LOS RÍOS,1201,BABAHOYO,"-2,01395","-79,26061",RURAL,CASA/VILLA,PRIVADO,2026/02/05,03:00:00,ARMA DE FUEGO,OTROS ARMA CORTA,DELINCUENCIA COMÚN,AMENAZA,HERIDA POR ARMA DE FUEGO,39,A,HOMBRE,MASCULINO,MESTIZO/A,SOLTERO,ECUADOR,NINGUNA,ESTADO PERSONAL,BASICA
ASESINATO,ZONA 8,D.M. GUAYAQUIL,ESTEROS,MALVINAS SUR,09D02C02S03,MALVINAS SUR 3,09,GUAYAS,0901,GUAYAQUIL,"-2,23453","-79,91012",URBANO,VÍA PÚBLICA,PUBLICO,2026/02/04,19:45:00,ARMA DE FUEGO,PISTOLA,DELINCUENCIA COMÚN,AMENAZA,HERIDA POR ARMA DE FUEGO,18,A,MUJER,FEMENINO,AFRO,SOLTERO,ECUADOR,NINGUNA,ESTADO PERSONAL,SIN_DATO
ASESINATO,ZONA 5,GUAYAS,NARANJAL BALAO,PUERTO INCA,09D12C07S01,PUERTO INCA 1,09,GUAYAS,0911,NARANJAL,"-2,53185","-79,55759",RURAL,FINCA,PRIVADO,2026/01/31,18:00:00,ARMA BLANCA,CORTO PUNZANTE,DELINCUENCIA COMÚN,AMENAZA,HERIDA POR ARMA BLANCA,27,A,HOMBRE,MASCULINO,MESTIZO/A,SOLTERO,ECUADOR,NINGUNA,ESTADO PERSONAL,SIN_DATO
ASESINATO,ZONA 8,D.M. GUAYAQUIL,SUR - DMG,GUASMO,09D01C01S03,GUASMO 3,09,GUAYAS,0901,GUAYAQUIL,"-2,26869","-79,89257",URBANO,VÍA PÚBLICA,PUBLICO,2026/02/04,20:30:00,ARMA DE FUEGO,PISTOLA,DELINCUENCIA COMÚN,AMENAZA,HERIDA POR ARMA DE FUEGO,30,A,HOMBRE,MASCULINO,MESTIZO/A,SOLTERO,ECUADOR,NINGUNA,ESTADO PERSONAL,SIN_DATO
ASESINATO,ZONA 4,MANABÍ,ROCAFUERTE,JUNCO,13D12C04S01,JUNCO 1,13,MANABÍ,1315,TOSAGUA,"-0,8133","-80,2825",URBANO,VÍA PÚBLICA,PUBLICO,2026/02/04,18:00:00,ARMA DE FUEGO,OTROS ARMA LARGA,DELINCUENCIA COMÚN,AMENAZA,HERIDA POR ARMA DE FUEGO,59,A,MUJER,FEMENINO,MESTIZO/A,DIVORCIADO,ECUADOR,NINGUNA,ESTADO PERSONAL,SIN_DATO
ASESINATO,ZONA 4,MANABÍ,ROCAFUERTE,JUNCO,13D12C04S01,JUNCO 1,13,MANABÍ,1315,TOSAGUA,"-0,8133","-80,2825",URBANO,VÍA PÚBLICA,PUBLICO,2026/02/04,18:00:00,ARMA DE FUEGO,OTROS ARMA LARGA,DELINCUENCIA COMÚN,AMENAZA,HERIDA POR ARMA DE FUEGO,40,A,MUJER,FEMENINO,MESTIZO/A,DIVORCIADO,ECUADOR,NINGUNA,TRABAJADOR COMERCIAL,SIN_DATO
ASESINATO,ZONA 8,D.M. GUAYAQUIL,PORTETE,CISNE,09D04C01S05,CISNE 5,09,GUAYAS,0901,GUAYAQUIL,"-2,21438","-79,92527",URBANO,VÍA PÚBLICA,PUBLICO,2026/02/04,21:30:00,ARMA DE FUEGO,PISTOLA,DELINCUENCIA COMÚN,AMENAZA,HERIDA POR ARMA DE FUEGO,26,A,HOMBRE,MASCULINO,MESTIZO/A,SOLTERO,ECUADOR,NINGUNA,BACHILLER CIENCIAS,SIN_DATO
ASESINATO,ZONA 8,D.M. GUAYAQUIL,ESTEROS,MALVINAS SUR,09D02C02S03,MALVINAS SUR 3,09,GUAYAS,0901,GUAYAQUIL,"-2,23363","-79,90594",URBANO,VÍA PÚBLICA,PUBLICO,2026/02/04,19:00:00,ARMA DE FUEGO,PISTOLA,DELINCUENCIA COMÚN,AMENAZA,HERIDA POR ARMA DE FUEGO,20,A,HOMBRE,MASCULINO,MESTIZO/A,SOLTERO,ECUADOR,NINGUNA,BACHILLER CIENCIAS,SIN_DATO
ASESINATO,ZONA 8,D.M. GUAYAQUIL,ESTEROS,MALVINAS SUR,09D02C02S03,MALVINAS SUR 3,09,GUAYAS,0901,GUAYAQUIL,"-2,23363","-79,90594",URBANO,VÍA PÚBLICA,PUBLICO,2026/02/04,19:00:00,ARMA DE FUEGO,PISTOLA,DELINCUENCIA COMÚN,AMENAZA,HERIDA POR ARMA DE FUEGO,22,A,HOMBRE,MASCULINO,MESTIZO/A,SOLTERO,ECUADOR,NINGUNA,BACHILLER CIENCIAS,SIN_DATO
ASESINATO,ZONA 8,D.M. GUAYAQUIL,PROGRESO,POSORJA,09D10C02S01,POSORJA 1,09,GUAYAS,0901,GUAYAQUIL,"-2,71339","-80,24366",URBANO,VÍA PÚBLICA,PUBLICO,2026/02/03,14:00:00,ARMA DE FUEGO,PISTOLA,DELINCUENCIA COMÚN,AMENAZA,HERIDA POR ARMA DE FUEGO,58,A,HOMBRE,MASCULINO,MESTIZO/A,SOLTERO,ECUADOR,NINGUNA,TRABAJADOR GENERAL,SIN_DATO
ASESINATO,ZONA 7,EL ORO,SANTA ROSA,LAS PALMERAS,07D06C06S01,LAS PALMERAS 1,07,EL ORO,0712,SANTA ROSA,"-3,44966","-79,95708",URBANO,VÍA PÚBLICA,PUBLICO,2026/02/05,13:30:00,ARMA DE FUEGO,PISTOLA,DELINCUENCIA COMÚN,TRÁFICO INTERNO DE DROGAS (MICROTRÁFICO),HERIDA POR ARMA DE FUEGO,36,A,HOMBRE,MASCULINO,MESTIZO/A,SOLTERO,ECUADOR,NINGUNA,ESTADO PERSONAL,SIN_DATO
ASESINATO,ZONA 8,D.M. GUAYAQUIL,MODELO,URDESA,09D05C05S02,URDESA 2,09,GUAYAS,0901,GUAYAQUIL,"-2,16282","-79,90301",URBANO,TRANSPORTE PRIVADO,PRIVADO,2026/02/05,09:28:00,ARMA DE FUEGO,PISTOLA,DELINCUENCIA COMÚN,AMENAZA,HERIDA POR ARMA DE FUEGO,43,A,HOMBRE,MASCULINO,MESTIZO/A,CASADO,ECUADOR,NINGUNA,ADMINISTRADOR,SIN_DATO
ASESINATO,ZONA 8,D.M. GUAYAQUIL,MODELO,URDESA,09D05C05S02,URDESA 2,09,GUAYAS,0901,GUAYAQUIL,"-2,16282","-79,90301",URBANO,TRANSPORTE PRIVADO,PRIVADO,2026/02/05,09:28:00,ARMA DE FUEGO,PISTOLA,DELINCUENCIA COMÚN,AMENAZA,HERIDA POR ARMA DE FUEGO,34,A,HOMBRE,MASCULINO,MESTIZO/A,DIVORCIADO,ECUADOR,NINGUNA,INGENIERO/ARQUITECTO,SIN_DATO
FEMICIDIO,ZONA 8,D.M. GUAYAQUIL,NUEVA PROSPERINA,FORTIN,09D08C02S03,FORTIN 3,09,GUAYAS,0901,GUAYAQUIL,"-2,11017","-79,95795",URBANO,CASA/VILLA,PRIVADO,2026/02/04,07:20:00,ARMA CONTUNDENTE,OBJETO CONTUSO,PSICOPATOLOGÍAS,TRANSTORNOS MENTALES,HERIDAS CONTUSAS,39,A,MUJER,FEMENINO,MESTIZO/A,SOLTERO,ECUADOR,NINGUNA,ESTADO PERSONAL,SIN_DATO
ASESINATO,ZONA 8,D.M. GUAYAQUIL,NUEVA PROSPERINA,NUEVO GUAYAQUIL,09D08C06S01,NUEVO GUAYAQUIL 1,09,GUAYAS,0901,GUAYAQUIL,"-2,11787","-79,97577",URBANO,RÍO,PUBLICO,2026/02/02,00:00:00,ARMA DE FUEGO,PISTOLA,DELINCUENCIA COMÚN,AMENAZA,HERIDA POR ARMA DE FUEGO,35,A,MUJER,FEMENINO,NO DETERMINADO,NO DETERMINADO,NO DETERMINADO,NINGUNA,SIN_DATO,SIN_DATO
ASESINATO,ZONA 7,EL ORO,SANTA ROSA,VEGA RIVERA,07D06C03S01,VEGA RIVERA 1,07,EL ORO,0712,SANTA ROSA,"-3,36863","-79,85818",URBANO,VÍA PÚBLICA,PUBLICO,2026/02/05,21:00:00,ARMA DE FUEGO,PISTOLA,DELINCUENCIA COMÚN,TRÁFICO INTERNO DE DROGAS (MICROTRÁFICO),HERIDA POR ARMA DE FUEGO,42,A,HOMBRE,MASCULINO,MESTIZO/A,SOLTERO,ECUADOR,NINGUNA,TRABAJADOR GENERAL,SIN_DATO
ASESINATO,ZONA 7,EL ORO,SANTA ROSA,VEGA RIVERA,07D06C03S01,VEGA RIVERA 1,07,EL ORO,0712,SANTA ROSA,"-3,36863","-79,85818",URBANO,VÍA PÚBLICA,PUBLICO,2026/02/05,21:00:00,ARMA DE FUEGO,PISTOLA,DELINCUENCIA COMÚN,TRÁFICO INTERNO DE DROGAS (MICROTRÁFICO),HERIDA POR ARMA DE FUEGO,46,A,HOMBRE,MASCULINO,AFRO,SOLTERO,ECUADOR,NINGUNA,TRABAJADOR GENERAL,SIN_DATO
ASESINATO,ZONA 4,MANABÍ,MANTA,MARÍA AUXILIADORA,13D02C08S01,MARÍA AUXILIADORA 1,13,MANABÍ,1308,MANTA,"-0,98322","-80,72543",URBANO,VÍA PÚBLICA,PUBLICO,2026/02/05,20:00:00,ARMA DE FUEGO,PISTOLA,DELINCUENCIA COMÚN,AMENAZA,HERIDA POR ARMA DE FUEGO,34,A,HOMBRE,MASCULINO,MESTIZO/A,SOLTERO,ECUADOR,NINGUNA,MAESTRO DE OBRA/CONSTRUCCIÓN,PRIMARIA
ASESINATO,ZONA 4,MANABÍ,MANTA,MARÍA AUXILIADORA,13D02C08S01,MARÍA AUXILIADORA 1,13,MANABÍ,1308,MANTA,"-0,98322","-80,72543",URBANO,VÍA PÚBLICA,PUBLICO,2026/02/05,20:00:00,ARMA DE FUEGO,PISTOLA,DELINCUENCIA COMÚN,AMENAZA,HERIDA POR ARMA DE FUEGO,17,A,HOMBRE,MASCULINO,MESTIZO/A,SOLTERO,ECUADOR,NINGUNA,SIN_DATO,SIN_DATO
ASESINATO,ZONA 4,MANABÍ,JIPIJAPA,PUERTO LÓPEZ,13D03C11S01,PUERTO LÓPEZ 1,13,MANABÍ,1319,PUERTO LÓPEZ,"-1,67729","-80,81358",RURAL,MAR,PUBLICO,2026/02/05,18:00:00,ARMA DE FUEGO,PISTOLA,DELINCUENCIA COMÚN,AMENAZA,HERIDA POR ARMA DE FUEGO,SIN_DATO,SIN_DATO,HOMBRE,MASCULINO,NO DETERMINADO,NO DETERMINADO,NO DETERMINADO,NINGUNA,SIN_DATO,SIN_DATO
ASESINATO,ZONA 1,IMBABURA,CIUDAD BLANCA,LAS LOMAS,10D01C09S01,LAS LOMAS 1,10,IMBABURA,1001,IBARRA,"0,36764","-78,13786",URBANO,TERRENO BALDÍO,PUBLICO,2026/02/02,21:00:00,OTROS,NINGUNA,DELINCUENCIA COMÚN,VIOLACIÓN SEXUAL (DESCONOCIDO),ESTRANGULACION,15,A,HOMBRE,MASCULINO,AFRO,SOLTERO,ECUADOR,NINGUNA,SIN_DATO,SIN_DATO
HOMICIDIO,ZONA 9,D.M. QUITO,QUITUMBE,CHILLOGALLO,17D07C01S01,CHILLOGALLO 1,17,PICHINCHA,1701,QUITO,"-0,28077","-78,55353",URBANO,VÍA PÚBLICA,PUBLICO,2026/02/06,04:30:00,ARMA BLANCA,CORTO PUNZANTE,VIOLENCIA COMUNITARIA,RIÑAS,HERIDA POR ARMA BLANCA,26,A,HOMBRE,MASCULINO,MESTIZO/A,SOLTERO,ECUADOR,NINGUNA,BACHILLER CIENCIAS,SIN_DATO
ASESINATO,ZONA 8,D.M. GUAYAQUIL,DURÁN,ARBOLITO,09D24C07S03,ARBOLITO 3,09,GUAYAS,0907,DURÁN,"-2,14748","-79,82822",URBANO,VÍA PÚBLICA,PUBLICO,2026/02/05,17:00:00,ARMA DE FUEGO,PISTOLA,DELINCUENCIA COMÚN,AMENAZA,HERIDA POR ARMA DE FUEGO,26,A,HOMBRE,MASCULINO,MESTIZO/A,SOLTERO,ECUADOR,NINGUNA,CHOFER/CONDUCTOR,SIN_DATO
ASESINATO,ZONA 5,LOS RÍOS,PUEBLO VIEJO,SAN JUAN,12D02C02S01,SAN JUAN 1,12,LOS RÍOS,1204,PUEBLOVIEJO,"-1,6267","-79,56454",URBANO,VÍA PÚBLICA,PUBLICO,2026/02/05,14:40:00,ARMA DE FUEGO,PISTOLA,DELINCUENCIA COMÚN,AMENAZA,HERIDA POR ARMA DE FUEGO,39,A,HOMBRE,MASCULINO,MESTIZO/A,SOLTERO,ECUADOR,NINGUNA,ESTADO PERSONAL,SIN_DATO
ASESINATO,ZONA 8,D.M. GUAYAQUIL,SUR - DMG,FLORESTA,09D01C03S03,FLORESTA 3,09,GUAYAS,0901,GUAYAQUIL,"-2,2612","-79,89176",URBANO,VÍA PÚBLICA,PUBLICO,2026/02/05,17:30:00,ARMA DE FUEGO,PISTOLA,DELINCUENCIA COMÚN,AMENAZA,HERIDA POR ARMA DE FUEGO,43,A,HOMBRE,MASCULINO,MESTIZO/A,SOLTERO,ECUADOR,NINGUNA,ESTADO PERSONAL,BACHILLERATO
ASESINATO,ZONA 8,D.M. GUAYAQUIL,PORTETE,PORTETE,09D04C04S04,PORTETE 4,09,GUAYAS,0901,GUAYAQUIL,"-2,19653","-79,92921",URBANO,VÍA PÚBLICA,PUBLICO,2026/02/05,18:10:00,ARMA DE FUEGO,PISTOLA,DELINCUENCIA COMÚN,AMENAZA,HERIDA POR ARMA DE FUEGO,49,A,HOMBRE,MASCULINO,MESTIZO/A,SOLTERO,ECUADOR,NINGUNA,ARTESANO/OFICIO,SIN_DATO
ASESINATO,ZONA 8,D.M. GUAYAQUIL,PROGRESO,POSORJA,09D10C02S01,POSORJA 1,09,GUAYAS,0901,GUAYAQUIL,"-2,71697","-80,25176",RURAL,CASA/VILLA,PRIVADO,2026/02/05,18:00:00,ARMA DE FUEGO,OTROS ARMA CORTA,DELINCUENCIA COMÚN,AMENAZA,HERIDA POR ARMA DE FUEGO,32,A,HOMBRE,MASCULINO,MESTIZO/A,SOLTERO,ECUADOR,NINGUNA,ESTADO PERSONAL,SIN_DATO
ASESINATO,ZONA 7,EL ORO,PASAJE,BARBONES,07D01C05S01,BARBONES 1,07,EL ORO,0706,EL GUABO,"-3,1673","-79,82925",RURAL,VÍA PÚBLICA,PUBLICO,2026/02/05,21:00:00,ARMA DE FUEGO,PISTOLA,DELINCUENCIA COMÚN,TRÁFICO INTERNO DE DROGAS (MICROTRÁFICO),HERIDA POR ARMA DE FUEGO,57,A,HOMBRE,MASCULINO,MESTIZO/A,SOLTERO,ECUADOR,NINGUNA,TRABAJADOR PRIMARIO,SIN_DATO
ASESINATO,ZONA 8,D.M. GUAYAQUIL,PORTETE,SALINAS,09D04C03S01,SALINAS 1,09,GUAYAS,0901,GUAYAQUIL,"-2,1983","-79,91673",URBANO,VÍA PÚBLICA,PUBLICO,2026/02/05,20:10:00,ARMA DE FUEGO,PISTOLA,DELINCUENCIA COMÚN,AMENAZA,HERIDA POR ARMA DE FUEGO,33,A,HOMBRE,MASCULINO,NO DETERMINADO,SOLTERO,ECUADOR,NINGUNA,ESTADO PERSONAL,BACHILLERATO
ASESINATO,ZONA 8,D.M. GUAYAQUIL,MODELO,KENNEDY,09D05C06S01,KENNEDY 1,09,GUAYAS,0901,GUAYAQUIL,"-2,18488","-79,89014",URBANO,VÍA PÚBLICA,PUBLICO,2026/02/06,00:50:00,ARMA DE FUEGO,PISTOLA,DELINCUENCIA COMÚN,AMENAZA,HERIDA POR ARMA DE FUEGO,51,A,HOMBRE,MASCULINO,NO DETERMINADO,SOLTERO,ECUADOR,NINGUNA,ESTADO PERSONAL,BACHILLERATO
ASESINATO,ZONA 7,EL ORO,MACHALA,LA FERROVIARIA,07D02C15S01,LA FERROVIARIA 1,07,EL ORO,0701,MACHALA,"-3,27165","-79,93539",URBANO,VÍA PÚBLICA,PUBLICO,2026/02/06,00:30:00,ARMA DE FUEGO,PISTOLA,DELINCUENCIA COMÚN,TRÁFICO INTERNO DE DROGAS (MICROTRÁFICO),HERIDA POR ARMA DE FUEGO,25,A,HOMBRE,MASCULINO,MESTIZO/A,SOLTERO,ECUADOR,NINGUNA,BACHILLER TÉCNICO,SIN_DATO
ASESINATO,ZONA 7,EL ORO,MACHALA,LA FERROVIARIA,07D02C15S01,LA FERROVIARIA 1,07,EL ORO,0701,MACHALA,"-3,27165","-79,93539",URBANO,VÍA PÚBLICA,PUBLICO,2026/02/06,00:30:00,ARMA DE FUEGO,PISTOLA,DELINCUENCIA COMÚN,TRÁFICO INTERNO DE DROGAS (MICROTRÁFICO),HERIDA POR ARMA DE FUEGO,27,A,HOMBRE,MASCULINO,MESTIZO/A,SOLTERO,ECUADOR,NINGUNA,ESTADO PERSONAL,SIN_DATO
ASESINATO,ZONA 7,EL ORO,MACHALA,LA FERROVIARIA,07D02C15S01,LA FERROVIARIA 1,07,EL ORO,0701,MACHALA,"-3,27165","-79,93539",URBANO,VÍA PÚBLICA,PUBLICO,2026/02/06,00:30:00,ARMA DE FUEGO,PISTOLA,DELINCUENCIA COMÚN,TRÁFICO INTERNO DE DROGAS (MICROTRÁFICO),HERIDA POR ARMA DE FUEGO,35,A,MUJER,FEMENINO,MESTIZO/A,CASADO,ECUADOR,NINGUNA,ESTADO PERSONAL,SIN_DATO
ASESINATO,ZONA 7,EL ORO,MACHALA,LA FERROVIARIA,07D02C15S01,LA FERROVIARIA 1,07,EL ORO,0701,MACHALA,"-3,27165","-79,93539",URBANO,VÍA PÚBLICA,PUBLICO,2026/02/06,00:30:00,ARMA DE FUEGO,PISTOLA,DELINCUENCIA COMÚN,TRÁFICO INTERNO DE DROGAS (MICROTRÁFICO),HERIDA POR ARMA DE FUEGO,32,A,HOMBRE,MASCULINO,MESTIZO/A,SOLTERO,ECUADOR,NINGUNA,ESTADO PERSONAL,SIN_DATO
ASESINATO,ZONA 8,D.M. GUAYAQUIL,NUEVA PROSPERINA,MONTE SINAÍ,09D08C05S05,MONTE SINAÍ 5,09,GUAYAS,0901,GUAYAQUIL,"-2,08605","-79,9916",URBANO,VÍA PÚBLICA,PUBLICO,2026/02/06,03:10:00,ARMA BLANCA,CORTO PUNZANTE,DELINCUENCIA COMÚN,AMENAZA,HERIDA POR ARMA BLANCA,32,A,HOMBRE,MASCULINO,NO DETERMINADO,SOLTERO,ECUADOR,NINGUNA,ESTADO PERSONAL,SIN_DATO
ASESINATO,ZONA 5,LOS RÍOS,QUEVEDO,DIVINO NIÑO,12D03C06S02,DIVINO NIÑO 2,12,LOS RÍOS,1205,QUEVEDO,"-1,04026","-79,46267",URBANO,VÍA PÚBLICA,PUBLICO,2026/01/27,00:00:00,ARMA BLANCA,CUCHILLO,DELINCUENCIA COMÚN,AMENAZA,HERIDA POR ARMA BLANCA,41,A,HOMBRE,MASCULINO,MESTIZO/A,SOLTERO,ECUADOR,NINGUNA,ARTESANO/OFICIO,SIN_DATO
ASESINATO,ZONA 4,MANABÍ,SUCRE,CHARAPOTO,13D11C03S01,CHARAPOTO 1,13,MANABÍ,1314,SUCRE,"-0,81129","-80,38165",RURAL,VÍA PÚBLICA,PUBLICO,2026/02/06,04:00:00,ARMA DE FUEGO,PISTOLA,DELINCUENCIA COMÚN,TRÁFICO INTERNO DE DROGAS (MICROTRÁFICO),HERIDA POR ARMA DE FUEGO,15,A,MUJER,FEMENINO,MESTIZO/A,SOLTERO,ECUADOR,NINGUNA,ESTADO PERSONAL,SIN_DATO
ASESINATO,ZONA 5,LOS RÍOS,BUENA FE,LA NUEVA UNIÓN,12D06C07S01,LA NUEVA UNIÓN 1,12,LOS RÍOS,1211,VALENCIA,"-0,94879","-79,33463",URBANO,VÍA PÚBLICA,PUBLICO,2026/02/06,11:10:00,ARMA DE FUEGO,OTROS ARMA CORTA,DELINCUENCIA COMÚN,ROBO DE CARROS,HERIDA POR ARMA DE FUEGO,48,A,HOMBRE,MASCULINO,MESTIZO/A,CASADO,ECUADOR,NINGUNA,AYUDANTE/JORNALERO,SIN_DATO
ASESINATO,ZONA 8,D.M. GUAYAQUIL,FLORIDA,MARTHA DE ROLDÓS,09D06C02S08,MARTHA DE ROLDÓS 8,09,GUAYAS,0901,GUAYAQUIL,"-2,15943","-79,92844",URBANO,VÍA PÚBLICA,PUBLICO,2026/02/06,13:20:00,ARMA DE FUEGO,OTROS ARMA CORTA,DELINCUENCIA COMÚN,AMENAZA,HERIDA POR ARMA DE FUEGO,33,A,HOMBRE,MASCULINO,MESTIZO/A,SOLTERO,ECUADOR,NINGUNA,ING DISEÑ.DIGI.MULTI,SIN_DATO
ASESINATO,ZONA 4,MANABÍ,PORTOVIEJO,COLON,13D01C01S02,COLON 2,13,MANABÍ,1301,PORTOVIEJO,"-1,11141","-80,41519",URBANO,VÍA PÚBLICA,PUBLICO,2026/02/06,19:30:00,ARMA DE FUEGO,PISTOLA,DELINCUENCIA COMÚN,AMENAZA,HERIDA POR ARMA DE FUEGO,25,A,HOMBRE,MASCULINO,MESTIZO/A,SOLTERO,ECUADOR,NINGUNA,BACHILLER CIENCIAS,SIN_DATO
ASESINATO,ZONA 4,MANABÍ,PORTOVIEJO,PORTOVIEJO,13D01C06S03,PORTOVIEJO 3,13,MANABÍ,1301,PORTOVIEJO,"-1,05839","-80,4474",URBANO,VÍA PÚBLICA,PUBLICO,2026/02/06,21:20:00,ARMA DE FUEGO,ESCOPETA,DELINCUENCIA COMÚN,AMENAZA,HERIDA POR ARMA DE FUEGO,48,A,HOMBRE,MASCULINO,MESTIZO/A,CASADO,ECUADOR,NINGUNA,BACHILLER TÉCNICO,SIN_DATO
ASESINATO,ZONA 8,D.M. GUAYAQUIL,FLORIDA,SAMANES,09D06C03S02,SAMANES 2,09,GUAYAS,0901,GUAYAQUIL,"-2,12404","-79,90918",URBANO,OTROS LOCALES COMERCIALES,PRIVADO,2026/02/06,17:20:00,ARMA DE FUEGO,REVOLVER,DELINCUENCIA COMÚN,ROBO A PERSONAS,HERIDA POR ARMA DE FUEGO,29,A,HOMBRE,MASCULINO,MESTIZO/A,SOLTERO,ECUADOR,NINGUNA,ECONOMISTA,SIN_DATO
ASESINATO,ZONA 7,EL ORO,PASAJE,PROGRESO,07D01C13S01,PROGRESO 1,07,EL ORO,0709,PASAJE,"-3,29017","-79,75902",RURAL,CANCHAS DE USO MÚLTIPLE,PUBLICO,2026/02/06,18:05:00,ARMA DE FUEGO,PISTOLA,DELINCUENCIA COMÚN,AMENAZA,HERIDA POR ARMA DE FUEGO,28,A,HOMBRE,MASCULINO,MESTIZO/A,SOLTERO,ECUADOR,NINGUNA,BACHILLER TÉCNICO,SIN_DATO
ASESINATO,ZONA 5,LOS RÍOS,BABAHOYO,CENTRO,12D01C05S01,CENTRO 1,12,LOS RÍOS,1201,BABAHOYO,"-1,80036","-79,53814",URBANO,BARES,PRIVADO,2026/02/06,00:40:00,ARMA DE FUEGO,PISTOLA,DELINCUENCIA COMÚN,AMENAZA,HERIDA POR ARMA DE FUEGO,42,A,HOMBRE,MASCULINO,MESTIZO/A,SOLTERO,ECUADOR,NINGUNA,INGENIERO/ARQUITECTO,SIN_DATO
ASESINATO,ZONA 8,D.M. GUAYAQUIL,DURÁN,ARBOLITO,09D24C07S01,ARBOLITO 1,09,GUAYAS,0907,DURÁN,"-2,14982","-79,82316",URBANO,VÍA PÚBLICA,PUBLICO,2026/02/06,20:00:00,ARMA DE FUEGO,PISTOLA,DELINCUENCIA COMÚN,AMENAZA,HERIDA POR ARMA DE FUEGO,17,A,HOMBRE,MASCULINO,MESTIZO/A,SOLTERO,ECUADOR,NINGUNA,ESTADO PERSONAL,SIN_DATO
ASESINATO,ZONA 8,D.M. GUAYAQUIL,DURÁN,ARBOLITO,09D24C07S01,ARBOLITO 1,09,GUAYAS,0907,DURÁN,"-2,14982","-79,82316",URBANO,VÍA PÚBLICA,PUBLICO,2026/02/06,22:00:00,ARMA DE FUEGO,PISTOLA,DELINCUENCIA COMÚN,AMENAZA,HERIDA POR ARMA DE FUEGO,12,A,HOMBRE,MASCULINO,MESTIZO/A,SOLTERO,ECUADOR,NINGUNA,SIN_DATO,SIN_DATO
ASESINATO,ZONA 8,D.M. GUAYAQUIL,DURÁN,ARBOLITO,09D24C07S03,ARBOLITO 3,09,GUAYAS,0907,DURÁN,"-2,14571","-79,83252",URBANO,CASA/VILLA,PRIVADO,2026/01/31,20:00:00,ARMA DE FUEGO,PISTOLA,DELINCUENCIA COMÚN,AMENAZA,HERIDA POR ARMA DE FUEGO,54,A,MUJER,FEMENINO,MESTIZO/A,CASADO,ECUADOR,NINGUNA,ESTADO PERSONAL,SIN_DATO
ASESINATO,ZONA 8,D.M. GUAYAQUIL,PASCUALES,SAN FRANCISCO,09D07C07S02,SAN FRANCISCO 2,09,GUAYAS,0901,GUAYAQUIL,"-2,05292","-79,94452",URBANO,CENTROS DE REHABILITACIÓN SOCIAL,PRIVADO,2026/02/05,07:00:00,OTROS,NINGUNA,VIOLENCIA COMUNITARIA,RIÑAS,ESTRANGULACION,24,A,HOMBRE,MASCULINO,MESTIZO/A,SOLTERO,ECUADOR,NINGUNA,ESTADO PERSONAL,SIN_DATO
ASESINATO,ZONA 5,GUAYAS,PEDRO CARBO,ISIDRO AYORA,09D14C06S01,ISIDRO AYORA 1,09,GUAYAS,0928,ISIDRO AYORA,"-1,94813","-80,15445",RURAL,VÍA PÚBLICA,PUBLICO,2026/02/06,23:00:00,ARMA DE FUEGO,REVOLVER,DELINCUENCIA COMÚN,AMENAZA,HERIDA POR ARMA DE FUEGO,37,A,HOMBRE,MASCULINO,MESTIZO/A,SOLTERO,ECUADOR,NINGUNA,ESTADO PERSONAL,SIN_DATO
ASESINATO,ZONA 1,SUCUMBÍOS,SHUSHUFINDI,SHUSHUFINDI CENTRO,21D04C02S02,SHUSHUFINDI CENTRO 2,21,SUCUMBÍOS,2104,SHUSHUFINDI,"-0,2031","-76,63203",RURAL,FINCA,PRIVADO,2026/02/01,05:00:00,ARMA BLANCA,CUCHILLO,DELINCUENCIA COMÚN,AMENAZA,HERIDA POR ARMA BLANCA,25,A,HOMBRE,MASCULINO,MESTIZO/A,SOLTERO,ECUADOR,VISUAL,BACHILLER TÉCNICO,SIN_DATO
ASESINATO,ZONA 7,EL ORO,MACHALA,SIMÓN BOLÍVAR,07D02C19S01,SIMÓN BOLÍVAR 1,07,EL ORO,0701,MACHALA,"-3,25363","-79,98482",URBANO,VÍA PÚBLICA,PUBLICO,2026/02/06,10:00:00,ARMA BLANCA,CUCHILLO,DELINCUENCIA COMÚN,TRÁFICO INTERNO DE DROGAS (MICROTRÁFICO),HERIDA POR ARMA BLANCA,21,A,HOMBRE,MASCULINO,MESTIZO/A,SOLTERO,ECUADOR,NINGUNA,ESTADO PERSONAL,SIN_DATO
ASESINATO,ZONA 5,LOS RÍOS,BABAHOYO,MONTALVO,12D01C18S01,MONTALVO 1,12,LOS RÍOS,1203,MONTALVO,"-1,85354","-79,25799",RURAL,VÍA PÚBLICA,PUBLICO,2026/02/06,11:40:00,ARMA DE FUEGO,PISTOLA,DELINCUENCIA COMÚN,AMENAZA,HERIDA POR ARMA DE FUEGO,15,A,HOMBRE,MASCULINO,MONTUBIO/A,SOLTERO,ECUADOR,NINGUNA,SIN_DATO,SIN_DATO
ASESINATO,ZONA 5,LOS RÍOS,BABAHOYO,LA UNIÓN,12D01C09S01,LA UNIÓN 1,12,LOS RÍOS,1201,BABAHOYO,"-1,70883","-79,39432",RURAL,VÍA PÚBLICA,PUBLICO,2026/02/06,16:20:00,ARMA DE FUEGO,PISTOLA,DELINCUENCIA COMÚN,AMENAZA,HERIDA POR ARMA DE FUEGO,42,A,HOMBRE,MASCULINO,MESTIZO/A,SOLTERO,ECUADOR,NINGUNA,ESTADO PERSONAL,SIN_DATO
ASESINATO,ZONA 5,LOS RÍOS,BABAHOYO,UNIVERSIDAD,12D01C08S01,UNIVERSIDAD 1,12,LOS RÍOS,1201,BABAHOYO,"-1,80903","-79,48878",URBANO,VÍA PÚBLICA,PUBLICO,2026/02/06,20:35:00,ARMA DE FUEGO,PISTOLA,DELINCUENCIA COMÚN,AMENAZA,HERIDA POR ARMA DE FUEGO,22,A,HOMBRE,MASCULINO,MESTIZO/A,SOLTERO,ECUADOR,FISICA,ESTADO PERSONAL,SIN_DATO
ASESINATO,ZONA 7,EL ORO,SANTA ROSA,JAMBELI,07D06C07S01,JAMBELI 1,07,EL ORO,0712,SANTA ROSA,"-3,34826","-80,23173",RURAL,MAR,PUBLICO,2026/02/07,09:00:00,ARMA BLANCA,CORTO PUNZANTE,DELINCUENCIA COMÚN,TRÁFICO INTERNO DE DROGAS (MICROTRÁFICO),HERIDA POR ARMA DE FUEGO,33,A,MUJER,FEMENINO,NO DETERMINADO,NO DETERMINADO,NO DETERMINADO,NINGUNA,SIN_DATO,SIN_DATO
ASESINATO,ZONA 4,MANABÍ,MANTA,CUBA,13D02C10S02,CUBA 2,13,MANABÍ,1308,MANTA,"-0,97467","-80,70583",URBANO,VÍA PÚBLICA,PUBLICO,2026/02/07,19:30:00,ARMA DE FUEGO,OTROS ARMA CORTA,DELINCUENCIA COMÚN,AMENAZA,HERIDA POR ARMA DE FUEGO,48,A,HOMBRE,MASCULINO,MESTIZO/A,SOLTERO,ECUADOR,NINGUNA,TRABAJADOR GENERAL,SIN_DATO
ASESINATO,ZONA 4,MANABÍ,MANTA,CUBA,13D02C10S01,CUBA 1,13,MANABÍ,1308,MANTA,"-0,98281","-80,70129",URBANO,VÍA PÚBLICA,PUBLICO,2026/02/08,04:00:00,ARMA DE FUEGO,OTROS ARMA CORTA,DELINCUENCIA COMÚN,AMENAZA,HERIDA POR ARMA DE FUEGO,SIN_DATO,SIN_DATO,HOMBRE,MASCULINO,MESTIZO/A,EN UNION DE HECHO,COLOMBIA,NINGUNA,SIN_DATO,SIN_DATO
ASESINATO,ZONA 5,GUAYAS,NARANJITO MARCELINO MARIDUEÑA,NARANJITO ESTE,09D18C01S01,NARANJITO ESTE 1,09,GUAYAS,0912,NARANJITO,"-2,14439","-79,37074",RURAL,VÍA PÚBLICA,PUBLICO,2026/02/08,01:40:00,ARMA DE FUEGO,PISTOLA,DELINCUENCIA COMÚN,AMENAZA,HERIDA POR ARMA DE FUEGO,32,A,HOMBRE,MASCULINO,MESTIZO/A,SOLTERO,ECUADOR,INTELECTUAL,TRABAJADOR GENERAL,PRIMARIA
ASESINATO,ZONA 7,EL ORO,PASAJE,PRIVILEGIO,07D01C03S01,PRIVILEGIO 1,07,EL ORO,0706,EL GUABO,"-3,25683","-79,84113",URBANO,VÍA PÚBLICA,PUBLICO,2026/02/07,15:30:00,ARMA DE FUEGO,PISTOLA,DELINCUENCIA COMÚN,AMENAZA,HERIDA POR ARMA DE FUEGO,16,A,HOMBRE,MASCULINO,MESTIZO/A,SOLTERO,ECUADOR,NINGUNA,SIN_DATO,SIN_DATO
ASESINATO,ZONA 7,EL ORO,MACHALA,EL RETIRO,07D02C21S01,EL RETIRO 1,07,EL ORO,0701,MACHALA,"-3,3874","-79,93342",RURAL,CANCHAS DE USO MÚLTIPLE,PUBLICO,2026/02/07,18:00:00,ARMA DE FUEGO,PISTOLA,DELINCUENCIA COMÚN,TRÁFICO INTERNO DE DROGAS (MICROTRÁFICO),HERIDA POR ARMA DE FUEGO,23,A,MUJER,FEMENINO,MESTIZO/A,SOLTERO,ECUADOR,NINGUNA,SIN_DATO,SIN_DATO
ASESINATO,ZONA 7,EL ORO,MACHALA,EL RETIRO,07D02C21S01,EL RETIRO 1,07,EL ORO,0701,MACHALA,"-3,3874","-79,93342",RURAL,CANCHAS DE USO MÚLTIPLE,PUBLICO,2026/02/07,18:00:00,ARMA DE FUEGO,PISTOLA,DELINCUENCIA COMÚN,TRÁFICO INTERNO DE DROGAS (MICROTRÁFICO),HERIDA POR ARMA DE FUEGO,49,A,HOMBRE,MASCULINO,MESTIZO/A,SOLTERO,ECUADOR,NINGUNA,TRABAJADOR COMERCIAL,SIN_DATO
ASESINATO,ZONA 8,D.M. GUAYAQUIL,SUR - DMG,UNIÓN DE BANANEROS,09D01C02S01,UNIÓN DE BANANEROS 1,09,GUAYAS,0901,GUAYAQUIL,"-2,26941","-79,88086",URBANO,VÍA PÚBLICA,PUBLICO,2026/02/07,14:20:00,ARMA DE FUEGO,PISTOLA,DELINCUENCIA COMÚN,AMENAZA,HERIDA POR ARMA DE FUEGO,23,A,HOMBRE,MASCULINO,MESTIZO/A,SOLTERO,ECUADOR,NINGUNA,BACHILLER CIENCIAS,SIN_DATO
ASESINATO,ZONA 8,D.M. GUAYAQUIL,DURÁN,CENTRO,09D24C02S03,CENTRO 3,09,GUAYAS,0907,DURÁN,"-2,16735","-79,84543",URBANO,VÍA PÚBLICA,PUBLICO,2026/02/08,01:00:00,ARMA DE FUEGO,PISTOLA,DELINCUENCIA COMÚN,AMENAZA,HERIDA POR ARMA DE FUEGO,23,A,HOMBRE,MASCULINO,MESTIZO/A,SOLTERO,ECUADOR,NINGUNA,ESTADO PERSONAL,SIN_DATO
ASESINATO,ZONA 8,D.M. GUAYAQUIL,PASCUALES,ORQUÍDEAS,09D07C05S02,ORQUÍDEAS 2,09,GUAYAS,0901,GUAYAQUIL,"-2,08988","-79,90481",URBANO,VÍA PÚBLICA,PUBLICO,2026/02/07,17:47:00,ARMA DE FUEGO,PISTOLA,DELINCUENCIA COMÚN,AMENAZA,HERIDA POR ARMA DE FUEGO,16,A,HOMBRE,MASCULINO,MESTIZO/A,SOLTERO,ECUADOR,NINGUNA,SIN_DATO,SIN_DATO
ASESINATO,ZONA 5,LOS RÍOS,PUEBLO VIEJO,PUERTO PECHICHE,12D02C03S01,PUERTO PECHICHE 1,12,LOS RÍOS,1204,PUEBLOVIEJO,"-1,42607","-79,56042",URBANO,VÍA PÚBLICA,PUBLICO,2026/02/07,19:39:00,ARMA DE FUEGO,OTROS ARMA CORTA,DELINCUENCIA COMÚN,AMENAZA,HERIDA POR ARMA DE FUEGO,23,A,HOMBRE,MASCULINO,MESTIZO/A,SOLTERO,ECUADOR,NINGUNA,BACHILLER CIENCIAS,SIN_DATO
ASESINATO,ZONA 5,LOS RÍOS,QUEVEDO,GALO PLAZA,12D03C05S01,GALO PLAZA 1,12,LOS RÍOS,1205,QUEVEDO,"-1,00802","-79,46649",URBANO,HOTELES,PRIVADO,2026/02/08,04:40:00,ARMA BLANCA,CORTO PUNZANTE,VIOLENCIA COMUNITARIA,RIÑAS,HERIDA POR ARMA BLANCA,56,A,HOMBRE,MASCULINO,MESTIZO/A,SOLTERO,ECUADOR,NINGUNA,TRABAJADOR COMERCIAL,SIN_DATO
ASESINATO,ZONA 5,LOS RÍOS,QUEVEDO,GALO PLAZA,12D03C05S01,GALO PLAZA 1,12,LOS RÍOS,1205,QUEVEDO,"-1,00802","-79,46649",URBANO,HOTELES,PRIVADO,2026/02/08,07:00:00,ARMA BLANCA,CORTO PUNZANTE,VIOLENCIA COMUNITARIA,RIÑAS,HERIDA POR ARMA BLANCA,33,A,HOMBRE,MASCULINO,MESTIZO/A,CASADO,ECUADOR,NINGUNA,ESTADO PERSONAL,SUPERIOR
ASESINATO,ZONA 8,D.M. GUAYAQUIL,PASCUALES,BASTIÓN POPULAR SUR,09D07C02S03,BASTIÓN POPULAR SUR 3,09,GUAYAS,0901,GUAYAQUIL,"-2,09955","-79,92651",URBANO,VÍA PÚBLICA,PUBLICO,2026/02/08,04:22:00,ARMA DE FUEGO,PISTOLA,DELINCUENCIA COMÚN,AMENAZA,HERIDA POR ARMA DE FUEGO,26,A,HOMBRE,MASCULINO,MESTIZO/A,SOLTERO,ECUADOR,NINGUNA,ESTADO PERSONAL,BASICA
ASESINATO,ZONA 8,D.M. GUAYAQUIL,SAMBORONDÓN,TARIFA,09D23C02S01,TARIFA 1,09,GUAYAS,0916,SAMBORONDÓN,"-1,97069","-79,83085",RURAL,CASA/VILLA,PRIVADO,2026/02/07,17:00:00,ARMA DE FUEGO,PISTOLA,DELINCUENCIA COMÚN,AMENAZA,HERIDA POR ARMA DE FUEGO,23,A,HOMBRE,MASCULINO,OTROS,SOLTERO,ECUADOR,NINGUNA,ESTADO PERSONAL,SIN_DATO
ASESINATO,ZONA 8,D.M. GUAYAQUIL,SAMBORONDÓN,TARIFA,09D23C02S01,TARIFA 1,09,GUAYAS,0916,SAMBORONDÓN,"-1,97069","-79,83085",RURAL,CASA/VILLA,PRIVADO,2026/02/07,17:00:00,ARMA DE FUEGO,PISTOLA,DELINCUENCIA COMÚN,AMENAZA,HERIDA POR ARMA DE FUEGO,22,A,HOMBRE,MASCULINO,OTROS,SOLTERO,ECUADOR,NINGUNA,ESTADO PERSONAL,SIN_DATO
ASESINATO,ZONA 8,D.M. GUAYAQUIL,SAMBORONDÓN,TARIFA,09D23C02S01,TARIFA 1,09,GUAYAS,0916,SAMBORONDÓN,"-1,97069","-79,83085",RURAL,CASA/VILLA,PRIVADO,2026/02/07,17:00:00,ARMA DE FUEGO,PISTOLA,DELINCUENCIA COMÚN,AMENAZA,HERIDA POR ARMA DE FUEGO,15,A,MUJER,FEMENINO,OTROS,SOLTERO,ECUADOR,NINGUNA,ESTADO PERSONAL,SIN_DATO
ASESINATO,ZONA 8,D.M. GUAYAQUIL,9 DE OCTUBRE,ANTEPARA,09D03C06S01,ANTEPARA 1,09,GUAYAS,0901,GUAYAQUIL,"-2,21503","-79,89954",URBANO,VÍA PÚBLICA,PUBLICO,2026/02/07,21:30:00,ARMA DE FUEGO,PISTOLA,DELINCUENCIA COMÚN,AMENAZA,HERIDA POR ARMA DE FUEGO,62,A,HOMBRE,MASCULINO,MESTIZO/A,CASADO,ECUADOR,NINGUNA,TRABAJADOR DE SERVICIOS,SECUNDARIA
ASESINATO,ZONA 8,D.M. GUAYAQUIL,MODELO,SAUCES,09D05C02S05,SAUCES 5,09,GUAYAS,0901,GUAYAQUIL,"-2,12065","-79,88971",URBANO,VÍA PÚBLICA,PUBLICO,2026/02/08,02:38:00,ARMA DE FUEGO,PISTOLA,DELINCUENCIA COMÚN,AMENAZA,HERIDA POR ARMA DE FUEGO,25,A,HOMBRE,MASCULINO,MESTIZO/A,SOLTERO,ECUADOR,NINGUNA,ESTADO PERSONAL,SIN_DATO
ASESINATO,ZONA 8,D.M. GUAYAQUIL,ESTEROS,TRINITARIA NORTE,09D02C04S01,TRINITARIA NORTE 1,09,GUAYAS,0901,GUAYAQUIL,"-2,23453","-79,91909",URBANO,CASA/VILLA,PRIVADO,2026/02/08,03:30:00,ARMA DE FUEGO,PISTOLA,DELINCUENCIA COMÚN,AMENAZA,HERIDA POR ARMA DE FUEGO,30,A,HOMBRE,MASCULINO,MESTIZO/A,SOLTERO,ECUADOR,NINGUNA,ESTADO PERSONAL,SIN_DATO
ASESINATO,ZONA 4,MANABÍ,PORTOVIEJO,PICOAZA,13D01C07S02,PICOAZA 2,13,MANABÍ,1301,PORTOVIEJO,"-1,03666","-80,49645",URBANO,CASA/VILLA,PRIVADO,2026/02/08,12:36:00,ARMA DE FUEGO,PISTOLA,DELINCUENCIA COMÚN,AMENAZA,HERIDA POR ARMA DE FUEGO,27,A,HOMBRE,MASCULINO,MESTIZO/A,SOLTERO,ECUADOR,NINGUNA,BACHILLER TÉCNICO,SIN_DATO
ASESINATO,ZONA 4,MANABÍ,PORTOVIEJO,PICOAZA,13D01C07S02,PICOAZA 2,13,MANABÍ,1301,PORTOVIEJO,"-1,03666","-80,49645",URBANO,CASA/VILLA,PRIVADO,2026/02/08,12:36:00,ARMA DE FUEGO,PISTOLA,DELINCUENCIA COMÚN,AMENAZA,HERIDA POR ARMA DE FUEGO,39,A,HOMBRE,MASCULINO,MESTIZO/A,DIVORCIADO,ECUADOR,NINGUNA,TRABAJADOR COMERCIAL,SIN_DATO
ASESINATO,ZONA 4,MANABÍ,PORTOVIEJO,PICOAZA,13D01C07S02,PICOAZA 2,13,MANABÍ,1301,PORTOVIEJO,"-1,03666","-80,49645",URBANO,CASA/VILLA,PRIVADO,2026/02/08,12:36:00,ARMA DE FUEGO,PISTOLA,DELINCUENCIA COMÚN,AMENAZA,HERIDA POR ARMA DE FUEGO,68,A,HOMBRE,MASCULINO,MESTIZO/A,CASADO,ECUADOR,NINGUNA,TRABAJADOR PRIMARIO,SIN_DATO
ASESINATO,ZONA 8,D.M. GUAYAQUIL,MODELO,KENNEDY,09D05C06S03,KENNEDY 3,09,GUAYAS,0901,GUAYAQUIL,"-2,15783","-79,89658",URBANO,VÍA PÚBLICA,PUBLICO,2026/02/08,03:00:00,ARMA DE FUEGO,PISTOLA,DELINCUENCIA COMÚN,AMENAZA,HERIDA POR ARMA DE FUEGO,27,A,HOMBRE,MASCULINO,MESTIZO/A,SOLTERO,ECUADOR,NINGUNA,BACHILLER CIENCIAS,SIN_DATO
ASESINATO,ZONA 5,SANTA ELENA,SANTA ELENA,SANTA ELENA CENTRO,24D01C04S04,SANTA ELENA CENTRO 4,24,SANTA ELENA,2401,SANTA ELENA,"-2,23383","-80,87425",URBANO,VÍA PÚBLICA,PUBLICO,2026/02/08,02:00:00,ARMA CONTUNDENTE,ROCA,DELINCUENCIA COMÚN,AMENAZA,HERIDAS CONTUSAS,38,A,HOMBRE,MASCULINO,MESTIZO/A,CASADO,ECUADOR,NINGUNA,ESTADO PERSONAL,SECUNDARIA
ASESINATO,ZONA 8,D.M. GUAYAQUIL,MODELO,SAUCES,09D05C02S04,SAUCES 4,09,GUAYAS,0901,GUAYAQUIL,"-2,12222","-79,88982",URBANO,INTERIOR DE VEHÍCULO PARTICULAR,PRIVADO,2026/02/08,14:42:00,ARMA BLANCA,CUCHILLO,DELINCUENCIA COMÚN,AMENAZA,HERIDA POR ARMA BLANCA,54,A,HOMBRE,SIN_DATO,MESTIZO/A,DIVORCIADO,ECUADOR,NINGUNA,TRABAJADOR COMERCIAL,SIN_DATO
ASESINATO,ZONA 7,EL ORO,PASAJE,CHILLA,07D01C01S01,CHILLA 1,07,EL ORO,0705,CHILLA,"-3,45698","-79,57889",URBANO,VÍA PÚBLICA,PUBLICO,2026/02/08,04:30:00,ARMA CONTUNDENTE,OBJETO CONTUSO,VIOLENCIA COMUNITARIA,RIÑAS,CAIDA,41,A,HOMBRE,MASCULINO,MESTIZO/A,CASADO,ECUADOR,NINGUNA,SERVIDOR PÚBLICO,SIN_DATO
ASESINATO,ZONA 8,D.M. GUAYAQUIL,DURÁN,PANORAMA,09D24C03S01,PANORAMA 1,09,GUAYAS,0907,DURÁN,"-2,2048","-79,80259",URBANO,VÍA PÚBLICA,PUBLICO,2026/02/06,20:00:00,ARMA DE FUEGO,PISTOLA,DELINCUENCIA COMÚN,AMENAZA,HERIDA POR ARMA DE FUEGO,16,A,HOMBRE,MASCULINO,MESTIZO/A,SOLTERO,ECUADOR,NINGUNA,ESTADO PERSONAL,SIN_DATO
ASESINATO,ZONA 8,D.M. GUAYAQUIL,DURÁN,LIGA CANTONAL,09D24C08S02,LIGA CANTONAL 2,09,GUAYAS,0907,DURÁN,"-2,15859","-79,8368",URBANO,VÍA PÚBLICA,PUBLICO,2026/02/08,15:30:00,ARMA DE FUEGO,PISTOLA,DELINCUENCIA COMÚN,AMENAZA,HERIDA POR ARMA DE FUEGO,16,A,HOMBRE,MASCULINO,MESTIZO/A,SOLTERO,ECUADOR,NINGUNA,ESTADO PERSONAL,SIN_DATO
ASESINATO,ZONA 5,SANTA ELENA,LIBERTAD SALINAS,ANCONCITO,24D02C08S01,ANCONCITO 1,24,SANTA ELENA,2403,SALINAS,"-2,31671","-80,88755",RURAL,VÍA PÚBLICA,PUBLICO,2026/02/08,13:00:00,ARMA DE FUEGO,PISTOLA,DELINCUENCIA COMÚN,AMENAZA,HERIDA POR ARMA DE FUEGO,23,A,HOMBRE,MASCULINO,OTROS,SOLTERO,ECUADOR,NINGUNA,AGENTE DE SEGURIDAD,SIN_DATO
ASESINATO,ZONA 5,LOS RÍOS,VENTANAS,ZAPOTAL,12D04C02S01,ZAPOTAL 1,12,LOS RÍOS,1207,VENTANAS,"-1,30062","-79,34221",RURAL,VÍA PÚBLICA,PUBLICO,2026/02/08,19:20:00,ARMA DE FUEGO,OTROS ARMA CORTA,DELINCUENCIA COMÚN,ROBO DE MOTOS,HERIDA POR ARMA DE FUEGO,20,A,HOMBRE,MASCULINO,NO DETERMINADO,SOLTERO,ECUADOR,NINGUNA,BACHILLER CIENCIAS,SIN_DATO
ASESINATO,ZONA 8,D.M. GUAYAQUIL,DURÁN,CENTRO,09D24C02S02,CENTRO 2,09,GUAYAS,0907,DURÁN,"-2,17615","-79,84387",URBANO,VÍA PÚBLICA,PUBLICO,2026/02/08,21:00:00,ARMA DE FUEGO,PISTOLA,DELINCUENCIA COMÚN,AMENAZA,HERIDA POR ARMA DE FUEGO,23,A,HOMBRE,MASCULINO,MESTIZO/A,SOLTERO,ECUADOR,NINGUNA,ESTADO PERSONAL,SIN_DATO
ASESINATO,ZONA 5,GUAYAS,SALITRE,SALITRE NORTE,09D20C01S01,SALITRE NORTE 1,09,GUAYAS,0919,SALITRE,"-1,77139","-79,83452",RURAL,VÍA PÚBLICA,PUBLICO,2026/02/08,17:20:00,ARMA DE FUEGO,REVOLVER,DELINCUENCIA COMÚN,AMENAZA,HERIDA POR ARMA DE FUEGO,19,A,HOMBRE,MASCULINO,MESTIZO/A,SOLTERO,ECUADOR,NINGUNA,ESTADO PERSONAL,SIN_DATO
ASESINATO,ZONA 7,LOJA,LOJA,ZAMORA HUAYCO,11D01C05S01,ZAMORA HUAYCO 1,11,LOJA,1101,LOJA,"-4,00438","-79,19365",URBANO,CENTROS DE REHABILITACIÓN SOCIAL,PRIVADO,2026/02/07,15:00:00,CONSTRICTORA,PRENDA TEXTIL,DELINCUENCIA COMÚN,AMENAZA,ESTRANGULACION,31,A,HOMBRE,MASCULINO,MESTIZO/A,SOLTERO,ECUADOR,NINGUNA,ESTADO PERSONAL,SIN_DATO
ASESINATO,ZONA 5,GUAYAS,NARANJITO MARCELINO MARIDUEÑA,NARANJITO ESTE,09D18C01S02,NARANJITO ESTE 2,09,GUAYAS,0912,NARANJITO,"-2,16368","-79,43911",RURAL,CANCHAS DE USO MÚLTIPLE,PUBLICO,2026/02/08,16:15:00,ARMA DE FUEGO,PISTOLA,DELINCUENCIA COMÚN,AMENAZA,HERIDA POR ARMA DE FUEGO,33,A,HOMBRE,MASCULINO,MESTIZO/A,SOLTERO,ECUADOR,NINGUNA,ESTADO PERSONAL,SIN_DATO
ASESINATO,ZONA 5,GUAYAS,JUJAN SIMÓN BOLÍVAR,LORENZO DE GARAICOA,09D11C04S01,LORENZO DE GARAICOA 1,09,GUAYAS,0922,SIMÓN BOLÍVAR,"-2,01187","-79,3565",RURAL,VÍA PÚBLICA,PUBLICO,2026/02/08,23:25:00,ARMA DE FUEGO,PISTOLA,DELINCUENCIA COMÚN,AMENAZA,HERIDA POR ARMA DE FUEGO,29,A,HOMBRE,MASCULINO,MESTIZO/A,SOLTERO,ECUADOR,NINGUNA,TRABAJADOR GENERAL,SIN_DATO
ASESINATO,ZONA 6,CAÑAR,LA TRONCAL,TRONCAL CENTRO,03D03C02S01,TRONCAL CENTRO 1,03,CAÑAR,0304,LA TRONCAL,"-2,34938","-79,31205",RURAL,MAR,PUBLICO,2026/02/08,18:00:00,ARMA DE FUEGO,PISTOLA,DELINCUENCIA COMÚN,ROBO A PERSONAS,HERIDA POR ARMA DE FUEGO,25,A,HOMBRE,MASCULINO,MESTIZO/A,SOLTERO,ECUADOR,NINGUNA,BACHILLER CIENCIAS,SIN_DATO
ASESINATO,ZONA 8,D.M. GUAYAQUIL,ESTEROS,ESTEROS,09D02C01S02,ESTEROS 2,09,GUAYAS,0901,GUAYAQUIL,"-2,2499","-79,90325",URBANO,VÍA PÚBLICA,PUBLICO,2026/02/08,14:58:00,ARMA DE FUEGO,PISTOLA,DELINCUENCIA COMÚN,AMENAZA,HERIDA POR ARMA DE FUEGO,24,A,HOMBRE,MASCULINO,MESTIZO/A,SOLTERO,ECUADOR,NINGUNA,BACHILLER CIENCIAS,SIN_DATO
ASESINATO,ZONA 8,D.M. GUAYAQUIL,PORTETE,SUBURBIO,09D04C06S04,SUBURBIO 4,09,GUAYAS,0901,GUAYAQUIL,"-2,22026","-79,93774",URBANO,VÍA PÚBLICA,PUBLICO,2026/02/08,19:30:00,ARMA DE FUEGO,PISTOLA,DELINCUENCIA COMÚN,AMENAZA,HERIDA POR ARMA DE FUEGO,42,A,HOMBRE,MASCULINO,MESTIZO/A,SOLTERO,ECUADOR,NINGUNA,TRABAJADOR GENERAL,SIN_DATO
ASESINATO,ZONA 8,D.M. GUAYAQUIL,ESTEROS,MALVINAS NORTE,09D02C03S03,MALVINAS NORTE 3,09,GUAYAS,0901,GUAYAQUIL,"-2,22789","-79,91454",URBANO,CASA/VILLA,PRIVADO,2026/02/08,20:30:00,ARMA DE FUEGO,PISTOLA,DELINCUENCIA COMÚN,AMENAZA,HERIDA POR ARMA DE FUEGO,24,A,HOMBRE,MASCULINO,MESTIZO/A,SOLTERO,ECUADOR,NINGUNA,ESTADO PERSONAL,SIN_DATO
ASESINATO,ZONA 8,D.M. GUAYAQUIL,FLORIDA,MARTHA DE ROLDÓS,09D06C02S05,MARTHA DE ROLDÓS 5,09,GUAYAS,0901,GUAYAQUIL,"-2,14284","-79,93058",URBANO,VÍA PÚBLICA,PUBLICO,2026/02/08,22:40:00,ARMA DE FUEGO,FUSIL,DELINCUENCIA COMÚN,AMENAZA,HERIDA POR ARMA DE FUEGO,18,A,HOMBRE,MASCULINO,MESTIZO/A,SOLTERO,ECUADOR,NINGUNA,ESTADO PERSONAL,SIN_DATO
ASESINATO,ZONA 8,D.M. GUAYAQUIL,ESTEROS,TRINITARIA SUR,09D02C05S03,TRINITARIA SUR 3,09,GUAYAS,0901,GUAYAQUIL,"-2,24536","-79,92371",URBANO,VÍA PÚBLICA,PUBLICO,2026/02/09,01:15:00,ARMA DE FUEGO,PISTOLA,DELINCUENCIA COMÚN,AMENAZA,HERIDA POR ARMA DE FUEGO,31,A,HOMBRE,TRANSGENERO MASCULINO,MESTIZO/A,SOLTERO,ECUADOR,NINGUNA,SIN_DATO,INICIAL
ASESINATO,ZONA 1,ESMERALDAS,ESMERALDAS,CENTRO,08D01C13S02,CENTRO 2,08,ESMERALDAS,0801,ESMERALDAS,"0,966","-79,65024",URBANO,INSTITUTO EDUCATIVO,PRIVADO,2026/02/09,02:00:00,ARMA BLANCA,OTRO,DELINCUENCIA COMÚN,AMENAZA,HERIDA POR ARMA BLANCA,82,A,HOMBRE,MASCULINO,AFRO,NO DETERMINADO,COLOMBIA,NINGUNA,SIN_DATO,SIN_DATO
ASESINATO,ZONA 1,ESMERALDAS,ESMERALDAS,CENTRO,08D01C13S02,CENTRO 2,08,ESMERALDAS,0801,ESMERALDAS,"0,966","-79,65024",URBANO,INSTITUTO EDUCATIVO,PRIVADO,2026/02/09,02:00:00,ARMA BLANCA,OTRO,DELINCUENCIA COMÚN,AMENAZA,HERIDA POR ARMA BLANCA,75,A,HOMBRE,MASCULINO,MESTIZO/A,SOLTERO,ECUADOR,NINGUNA,AYUDANTE/JORNALERO,SIN_DATO
ASESINATO,ZONA 1,ESMERALDAS,ESMERALDAS,CENTRO,08D01C13S02,CENTRO 2,08,ESMERALDAS,0801,ESMERALDAS,"0,966","-79,65024",URBANO,INSTITUTO EDUCATIVO,PRIVADO,2026/02/09,02:00:00,ARMA BLANCA,OTRO,DELINCUENCIA COMÚN,AMENAZA,HERIDA POR ARMA BLANCA,74,A,MUJER,FEMENINO,AFRO,SOLTERO,ECUADOR,NINGUNA,ESTADO PERSONAL,SIN_DATO
ASESINATO,ZONA 5,GUAYAS,DAULE,LA YOLITA,09D19C01S01,LA YOLITA 1,09,GUAYAS,0906,DAULE,"-1,87997","-80,00154",RURAL,VÍA PÚBLICA,PUBLICO,2026/02/07,17:00:00,ARMA DE FUEGO,PISTOLA,DELINCUENCIA COMÚN,AMENAZA,HERIDA POR ARMA DE FUEGO,24,A,HOMBRE,MASCULINO,MESTIZO/A,SOLTERO,ECUADOR,NINGUNA,BACHILLER CIENCIAS,SIN_DATO
ASESINATO,ZONA 7,EL ORO,MACHALA,PÁEZ,07D02C13S01,PÁEZ 1,07,EL ORO,0701,MACHALA,"-3,26","-79,9536",URBANO,HOSPITALES,PRIVADO,2026/02/02,23:45:00,ARMA DE FUEGO,PISTOLA,DELINCUENCIA COMÚN,TRÁFICO INTERNO DE DROGAS (MICROTRÁFICO),HERIDA POR ARMA DE FUEGO,32,A,HOMBRE,MASCULINO,MESTIZO/A,SOLTERO,VENEZUELA,NINGUNA,SIN_DATO,SIN_DATO
ASESINATO,ZONA 6,CAÑAR,LA TRONCAL,TRONCAL CENTRO,03D03C02S01,TRONCAL CENTRO 1,03,CAÑAR,0304,LA TRONCAL,"-2,34938","-79,31205",URBANO,MAR,PUBLICO,2026/02/09,16:30:00,ARMA BLANCA,MACHETE,DELINCUENCIA COMÚN,TRÁFICO INTERNO DE DROGAS (MICROTRÁFICO),HERIDA POR ARMA BLANCA,SIN_DATO,SIN_DATO,HOMBRE,MASCULINO,MESTIZO/A,SOLTERO,ECUADOR,NINGUNA,SIN_DATO,SIN_DATO
ASESINATO,ZONA 7,EL ORO,SANTA ROSA,VEGA RIVERA,07D06C03S01,VEGA RIVERA 1,07,EL ORO,0712,SANTA ROSA,"-3,38066","-79,87041",RURAL,FINCA,PRIVADO,2026/02/09,08:00:00,ARMA DE FUEGO,PISTOLA,DELINCUENCIA COMÚN,TRÁFICO INTERNO DE DROGAS (MICROTRÁFICO),HERIDA POR ARMA DE FUEGO,25,A,HOMBRE,MASCULINO,MESTIZO/A,SOLTERO,ECUADOR,NINGUNA,TRABAJADOR GENERAL,SIN_DATO
SICARIATO,ZONA 8,D.M. GUAYAQUIL,MODELO,ALBORADA,09D05C04S04,ALBORADA 4,09,GUAYAS,0901,GUAYAQUIL,"-2,13384","-79,89996",URBANO,VÍA PÚBLICA,PUBLICO,2026/02/09,14:04:00,ARMA DE FUEGO,OTROS ARMA CORTA,DELINCUENCIA COMÚN,ROBO A PERSONAS,HERIDA POR ARMA DE FUEGO,71,A,HOMBRE,MASCULINO,MESTIZO/A,CASADO,ECUADOR,NINGUNA,CHOFER/CONDUCTOR,SIN_DATO
ASESINATO,ZONA 4,MANABÍ,SUCRE,SAN VICENTE,13D11C05S01,SAN VICENTE 1,13,MANABÍ,1322,SAN VICENTE,"-0,59366","-80,40925",URBANO,PUERTOS,PUBLICO,2026/02/09,14:15:00,ARMA DE FUEGO,FUSIL,DELINCUENCIA COMÚN,AMENAZA,HERIDA POR ARMA DE FUEGO,50,A,HOMBRE,MASCULINO,MESTIZO/A,CASADO,ECUADOR,NINGUNA,TRABAJADOR GENERAL,SIN_DATO
ASESINATO,ZONA 7,EL ORO,SANTA ROSA,SANTA ROSA OESTE,07D06C05S01,SANTA ROSA OESTE 1,07,EL ORO,0712,SANTA ROSA,"-3,45892","-79,96123",URBANO,VÍA PÚBLICA,PUBLICO,2026/02/09,19:50:00,ARMA DE FUEGO,PISTOLA,DELINCUENCIA COMÚN,TRÁFICO INTERNO DE DROGAS (MICROTRÁFICO),HERIDA POR ARMA DE FUEGO,52,A,HOMBRE,MASCULINO,MESTIZO/A,SOLTERO,ECUADOR,NINGUNA,TRABAJADOR COMERCIAL,SIN_DATO
ASESINATO,ZONA 7,EL ORO,SANTA ROSA,SANTA ROSA OESTE,07D06C05S01,SANTA ROSA OESTE 1,07,EL ORO,0712,SANTA ROSA,"-3,45892","-79,96123",URBANO,VÍA PÚBLICA,PUBLICO,2026/02/09,19:50:00,ARMA DE FUEGO,PISTOLA,DELINCUENCIA COMÚN,TRÁFICO INTERNO DE DROGAS (MICROTRÁFICO),HERIDA POR ARMA DE FUEGO,35,A,MUJER,FEMENINO,MESTIZO/A,SOLTERO,ECUADOR,NINGUNA,ESTADO PERSONAL,SIN_DATO
ASESINATO,ZONA 7,EL ORO,SANTA ROSA,SANTA ROSA OESTE,07D06C05S01,SANTA ROSA OESTE 1,07,EL ORO,0712,SANTA ROSA,"-3,45892","-79,96123",URBANO,VÍA PÚBLICA,PUBLICO,2026/02/09,19:50:00,ARMA DE FUEGO,PISTOLA,DELINCUENCIA COMÚN,TRÁFICO INTERNO DE DROGAS (MICROTRÁFICO),HERIDA POR ARMA DE FUEGO,13,A,HOMBRE,MASCULINO,MESTIZO/A,SOLTERO,ECUADOR,NINGUNA,ESTADO PERSONAL,SIN_DATO
ASESINATO,ZONA 7,EL ORO,SANTA ROSA,SANTA ROSA ESTE,07D06C04S02,SANTA ROSA ESTE 2,07,EL ORO,0712,SANTA ROSA,"-3,4633","-79,96707",URBANO,CASA/VILLA,PRIVADO,2026/02/10,00:30:00,ARMA DE FUEGO,PISTOLA,DELINCUENCIA COMÚN,TRÁFICO INTERNO DE DROGAS (MICROTRÁFICO),HERIDA POR ARMA DE FUEGO,15,A,HOMBRE,MASCULINO,MESTIZO/A,SOLTERO,ECUADOR,NINGUNA,ESTADO PERSONAL,SIN_DATO
ASESINATO,ZONA 8,D.M. GUAYAQUIL,ESTEROS,MALVINAS SUR,09D02C02S01,MALVINAS SUR 1,09,GUAYAS,0901,GUAYAQUIL,"-2,23566","-79,90376",URBANO,VÍA PÚBLICA,PUBLICO,2026/02/09,17:30:00,ARMA DE FUEGO,OTROS ARMA CORTA,DELINCUENCIA COMÚN,AMENAZA,HERIDA POR ARMA DE FUEGO,17,A,HOMBRE,MASCULINO,MESTIZO/A,SOLTERO,ECUADOR,NINGUNA,ESTADO PERSONAL,SIN_DATO
ASESINATO,ZONA 8,D.M. GUAYAQUIL,MODELO,SAUCES,09D05C02S04,SAUCES 4,09,GUAYAS,0901,GUAYAQUIL,"-2,12405","-79,88618",URBANO,VÍA PÚBLICA,PUBLICO,2026/02/09,10:50:00,ARMA BLANCA,CORTO PUNZANTE,DELINCUENCIA COMÚN,AMENAZA,HERIDA POR ARMA BLANCA,SIN_DATO,SIN_DATO,HOMBRE,MASCULINO,MESTIZO/A,NO DETERMINADO,NO DETERMINADO,NINGUNA,SIN_DATO,SIN_DATO
ASESINATO,ZONA 8,D.M. GUAYAQUIL,PORTETE,PORTETE,09D04C04S04,PORTETE 4,09,GUAYAS,0901,GUAYAQUIL,"-2,19379","-79,93113",URBANO,VÍA PÚBLICA,PUBLICO,2026/02/09,20:30:00,ARMA DE FUEGO,OTROS ARMA CORTA,DELINCUENCIA COMÚN,AMENAZA,HERIDA POR ARMA DE FUEGO,24,A,HOMBRE,MASCULINO,MESTIZO/A,SOLTERO,ECUADOR,NINGUNA,BACHILLER CIENCIAS,SIN_DATO
ASESINATO,ZONA 8,D.M. GUAYAQUIL,PORTETE,CHALA,09D04C02S03,CHALA 3,09,GUAYAS,0901,GUAYAQUIL,"-2,20778","-79,92651",URBANO,VÍA PÚBLICA,PUBLICO,2026/02/10,00:30:00,ARMA DE FUEGO,OTROS ARMA CORTA,DELINCUENCIA COMÚN,AMENAZA,HERIDA POR ARMA DE FUEGO,20,A,HOMBRE,MASCULINO,MESTIZO/A,SOLTERO,ECUADOR,NINGUNA,ESTADO PERSONAL,SIN_DATO
ASESINATO,ZONA 7,EL ORO,HUAQUILLAS,UNIÓN LOJANA,07D05C05S01,UNIÓN LOJANA 1,07,EL ORO,0707,HUAQUILLAS,"-3,48042","-80,20425",URBANO,VÍA PÚBLICA,PUBLICO,2026/02/09,16:00:00,ARMA BLANCA,CUCHILLO,DELINCUENCIA COMÚN,AMENAZA,HERIDA POR ARMA BLANCA,23,A,HOMBRE,MASCULINO,SIN_DATO,SIN_DATO,SIN_DATO,SIN_DATO,SIN_DATO,SIN_DATO
ASESINATO,ZONA 5,GUAYAS,PEDRO CARBO,LOMAS DE SARGENTILLO,09D14C05S01,LOMAS DE SARGENTILLO 1,09,GUAYAS,0924,LOMAS DE SARGENTILLO,"-1,86714","-80,10058",URBANO,CASA/VILLA,PRIVADO,2026/02/10,03:20:00,ARMA DE FUEGO,OTROS ARMA LARGA,DELINCUENCIA COMÚN,AMENAZA,HERIDA POR ARMA DE FUEGO,33,A,HOMBRE,MASCULINO,MESTIZO/A,SOLTERO,ECUADOR,NINGUNA,ESTADO PERSONAL,SIN_DATO
ASESINATO,ZONA 1,SUCUMBÍOS,LAGO AGRIO,PARQUE ECOLÓGICO,21D02C03S01,PARQUE ECOLÓGICO 1,21,SUCUMBÍOS,2101,LAGO AGRIO,"0,07776","-76,92029",URBANO,VÍA PÚBLICA,PUBLICO,2026/02/09,15:40:00,ARMA DE FUEGO,PISTOLA,DELINCUENCIA COMÚN,TRÁFICO INTERNO DE DROGAS (MICROTRÁFICO),HERIDA POR ARMA DE FUEGO,43,A,HOMBRE,MASCULINO,MESTIZO/A,NO DETERMINADO,COLOMBIA,NINGUNA,SIN_DATO,SIN_DATO
ASESINATO,ZONA 5,LOS RÍOS,BABAHOYO,CARACOL,12D01C13S01,CARACOL 1,12,LOS RÍOS,1201,BABAHOYO,"-1,67147","-79,4633",RURAL,"TIENDAS, MICROMERCADO, ABARROTES",PRIVADO,2026/02/09,20:20:00,ARMA DE FUEGO,PISTOLA,DELINCUENCIA COMÚN,AMENAZA,HERIDA POR ARMA DE FUEGO,30,A,HOMBRE,MASCULINO,MONTUBIO/A,SOLTERO,ECUADOR,NINGUNA,ESTADO PERSONAL,BASICA
ASESINATO,ZONA 5,GUAYAS,PEDRO CARBO,LOMAS DE SARGENTILLO,09D14C05S01,LOMAS DE SARGENTILLO 1,09,GUAYAS,0924,LOMAS DE SARGENTILLO,"-1,86714","-80,10058",URBANO,CASA/VILLA,PRIVADO,2026/02/10,03:20:00,ARMA DE FUEGO,OTROS ARMA LARGA,DELINCUENCIA COMÚN,AMENAZA,HERIDA POR ARMA DE FUEGO,49,A,HOMBRE,MASCULINO,MESTIZO/A,DIVORCIADO,ECUADOR,NINGUNA,ESTADO PERSONAL,SIN_DATO
ASESINATO,ZONA 8,D.M. GUAYAQUIL,PROGRESO,POSORJA,09D10C02S01,POSORJA 1,09,GUAYAS,0901,GUAYAQUIL,"-2,70415","-80,26335",RURAL,VÍA PÚBLICA,PUBLICO,2026/01/09,07:00:00,ARMA DE FUEGO,OTROS ARMA CORTA,DELINCUENCIA COMÚN,AMENAZA,HERIDA POR ARMA DE FUEGO,31,A,HOMBRE,MASCULINO,MESTIZO/A,SOLTERO,ECUADOR,NINGUNA,ESTADO PERSONAL,SIN_DATO
ASESINATO,ZONA 7,LOJA,SARAGURO,SARAGURO,11D08C02S01,SARAGURO 1,11,LOJA,1111,SARAGURO,"-3,61915","-79,25408",URBANO,CASA/VILLA,PRIVADO,2026/02/09,15:00:00,SUSTANCIAS,VENENO,VIOLENCIA INTRAFAMILIAR,SENTIMENTAL,INTOXICACION,14,A,MUJER,FEMENINO,MESTIZO/A,SOLTERO,ECUADOR,NINGUNA,SIN_DATO,SIN_DATO
ASESINATO,ZONA 7,LOJA,SARAGURO,SARAGURO,11D08C02S01,SARAGURO 1,11,LOJA,1111,SARAGURO,"-3,61915","-79,25408",URBANO,CASA/VILLA,PRIVADO,2026/02/09,15:00:00,SUSTANCIAS,VENENO,VIOLENCIA INTRAFAMILIAR,SENTIMENTAL,INTOXICACION,6,A,HOMBRE,MASCULINO,MESTIZO/A,SOLTERO,ECUADOR,NINGUNA,SIN_DATO,SIN_DATO
ASESINATO,ZONA 5,LOS RÍOS,BABAHOYO,MATA DE CACAO,12D01C12S04,MATA DE CACAO 4,12,LOS RÍOS,1201,BABAHOYO,"-2,02937","-79,29086",URBANO,VÍA PÚBLICA,PUBLICO,2026/02/09,21:10:00,ARMA DE FUEGO,PISTOLA,DELINCUENCIA COMÚN,AMENAZA,HERIDA POR ARMA DE FUEGO,26,A,MUJER,FEMENINO,MESTIZO/A,SOLTERO,ECUADOR,NINGUNA,ESTADO PERSONAL,SIN_DATO
ASESINATO,ZONA 1,ESMERALDAS,ESMERALDAS,COLECTIVA,08D01C07S02,COLECTIVA 2,08,ESMERALDAS,0801,ESMERALDAS,"0,91653","-79,70195",URBANO,HOSTALES,PRIVADO,2026/02/10,09:56:00,ARMA DE FUEGO,PISTOLA,DELINCUENCIA COMÚN,AMENAZA,HERIDA POR ARMA DE FUEGO,22,A,HOMBRE,MASCULINO,AFRO,SOLTERO,ECUADOR,NINGUNA,SIN_DATO,SIN_DATO
ASESINATO,ZONA 5,GUAYAS,EL TRIUNFO BUCAY,EL TRIUNFO CENTRO,09D16C03S01,EL TRIUNFO CENTRO 1,09,GUAYAS,0909,EL TRIUNFO,"-2,32815","-79,41531",URBANO,VÍA PÚBLICA,PUBLICO,2026/01/16,00:00:00,ARMA DE FUEGO,PISTOLA,DELINCUENCIA COMÚN,ROBO A PERSONAS,HERIDA POR ARMA DE FUEGO,21,A,HOMBRE,MASCULINO,MESTIZO/A,SOLTERO,ECUADOR,NINGUNA,ESTADO PERSONAL,SIN_DATO
ASESINATO,ZONA 8,D.M. GUAYAQUIL,PASCUALES,PASCUALES,09D07C06S01,PASCUALES 1,09,GUAYAS,0901,GUAYAQUIL,"-2,07767","-79,92809",URBANO,VÍA PÚBLICA,PUBLICO,2026/02/04,21:00:00,ARMA DE FUEGO,PISTOLA,DELINCUENCIA COMÚN,AMENAZA,HERIDA POR ARMA DE FUEGO,45,A,HOMBRE,MASCULINO,MESTIZO/A,SOLTERO,ECUADOR,NINGUNA,TRABAJADOR COMERCIAL,SIN_DATO
ASESINATO,ZONA 7,EL ORO,SANTA ROSA,SANTA ROSA OESTE,07D06C05S01,SANTA ROSA OESTE 1,07,EL ORO,0712,SANTA ROSA,"-3,47024","-79,9304",URBANO,COVACHA/CHOZA,PRIVADO,2026/01/24,22:00:00,ARMA DE FUEGO,PISTOLA,DELINCUENCIA COMÚN,TRÁFICO INTERNO DE DROGAS (MICROTRÁFICO),HERIDA POR ARMA DE FUEGO,42,A,HOMBRE,MASCULINO,MESTIZO/A,EN UNION DE HECHO,ECUADOR,NINGUNA,TRABAJADOR GENERAL,SIN_DATO
ASESINATO,ZONA 6,CAÑAR,LA TRONCAL,TRONCAL CENTRO,03D03C02S01,TRONCAL CENTRO 1,03,CAÑAR,0304,LA TRONCAL,"-2,34938","-79,31205",URBANO,MAR,PUBLICO,2026/02/10,14:30:00,ARMA DE FUEGO,PISTOLA,DELINCUENCIA COMÚN,TRÁFICO INTERNO DE DROGAS (MICROTRÁFICO),HERIDA POR ARMA DE FUEGO,42,A,HOMBRE,MASCULINO,MESTIZO/A,SOLTERO,ECUADOR,NINGUNA,TRABAJADOR GENERAL,SIN_DATO
ASESINATO,ZONA 8,D.M. GUAYAQUIL,PORTETE,PORTETE,09D04C04S04,PORTETE 4,09,GUAYAS,0901,GUAYAQUIL,"-2,19393","-79,93208",URBANO,VÍA PÚBLICA,PUBLICO,2026/02/10,20:00:00,ARMA DE FUEGO,PISTOLA,DELINCUENCIA COMÚN,AMENAZA,HERIDA POR ARMA DE FUEGO,29,A,HOMBRE,MASCULINO,MESTIZO/A,SOLTERO,ECUADOR,NINGUNA,ESTADO PERSONAL,BACHILLERATO
ASESINATO,ZONA 3,TUNGURAHUA,AMBATO NORTE,ATAHUALPA,18D01C10S02,ATAHUALPA 2,18,TUNGURAHUA,1801,AMBATO,"-1,22097","-78,61352",URBANO,TRANSPORTE PRIVADO,PRIVADO,2026/02/10,22:00:00,ARMA DE FUEGO,PISTOLA,DELINCUENCIA COMÚN,AMENAZA,HERIDA POR ARMA DE FUEGO,35,A,HOMBRE,MASCULINO,MESTIZO/A,SOLTERO,ECUADOR,NINGUNA,ESTADO PERSONAL,SIN_DATO
ASESINATO,ZONA 8,D.M. GUAYAQUIL,SAMBORONDÓN,SAMBORONDÓN,09D23C01S04,SAMBORONDÓN 4,09,GUAYAS,0916,SAMBORONDÓN,"-1,96635","-79,72335",URBANO,CASA/VILLA,PRIVADO,2026/02/11,01:15:00,ARMA DE FUEGO,PISTOLA,DELINCUENCIA COMÚN,AMENAZA,HERIDA POR ARMA DE FUEGO,42,A,HOMBRE,MASCULINO,MESTIZO/A,SOLTERO,ECUADOR,NINGUNA,TRABAJADOR GENERAL,SIN_DATO
ASESINATO,ZONA 5,LOS RÍOS,BABAHOYO,CENTRO,12D01C05S01,CENTRO 1,12,LOS RÍOS,1201,BABAHOYO,"-1,80004","-79,53816",URBANO,VÍA PÚBLICA,PUBLICO,2026/02/08,01:55:00,ARMA DE FUEGO,PISTOLA,DELINCUENCIA COMÚN,AMENAZA,HERIDA POR ARMA DE FUEGO,37,A,HOMBRE,MASCULINO,MESTIZO/A,CASADO,ECUADOR,NINGUNA,CHOFER/CONDUCTOR,SIN_DATO
ASESINATO,ZONA 8,D.M. GUAYAQUIL,DURÁN,ARBOLITO,09D24C07S03,ARBOLITO 3,09,GUAYAS,0907,DURÁN,"-2,14584","-79,82859",URBANO,VÍA PÚBLICA,PUBLICO,2026/02/10,14:30:00,ARMA DE FUEGO,PISTOLA,DELINCUENCIA COMÚN,AMENAZA,HERIDA POR ARMA DE FUEGO,17,A,HOMBRE,MASCULINO,MESTIZO/A,SOLTERO,ECUADOR,NINGUNA,SIN_DATO,SIN_DATO
ASESINATO,ZONA 5,SANTA ELENA,LIBERTAD SALINAS,PUERTO AGUAJE,24D02C07S01,PUERTO AGUAJE 1,24,SANTA ELENA,2403,SALINAS,"-2,23991","-80,92437",URBANO,VÍA PÚBLICA,PUBLICO,2026/02/10,14:50:00,ARMA DE FUEGO,PISTOLA,DELINCUENCIA COMÚN,AMENAZA,HERIDA POR ARMA DE FUEGO,23,A,HOMBRE,MASCULINO,MESTIZO/A,SOLTERO,ECUADOR,NINGUNA,BACHILLER CIENCIAS,SIN_DATO
ASESINATO,ZONA 8,D.M. GUAYAQUIL,DURÁN,ARBOLITO,09D24C07S03,ARBOLITO 3,09,GUAYAS,0907,DURÁN,"-2,14584","-79,82859",URBANO,VÍA PÚBLICA,PUBLICO,2026/02/10,14:30:00,ARMA DE FUEGO,PISTOLA,DELINCUENCIA COMÚN,AMENAZA,HERIDA POR ARMA DE FUEGO,17,A,HOMBRE,MASCULINO,MESTIZO/A,SOLTERO,ECUADOR,NINGUNA,ESTADO PERSONAL,SIN_DATO
ASESINATO,ZONA 1,ESMERALDAS,ELOY ALFARO - ESM,SELVA ALEGRE,08D02C04S02,SELVA ALEGRE 2,08,ESMERALDAS,0802,ELOY ALFARO,"0,87638","-78,79885",RURAL,TERRENO BALDÍO,PUBLICO,2026/02/09,14:50:00,ARMA DE FUEGO,PISTOLA,DELINCUENCIA COMÚN,ROBO A PERSONAS,HERIDA POR ARMA DE FUEGO,46,A,HOMBRE,MASCULINO,MESTIZO/A,CASADO,ECUADOR,NINGUNA,CHOFER/CONDUCTOR,SIN_DATO
ASESINATO,ZONA 1,ESMERALDAS,ELOY ALFARO - ESM,SELVA ALEGRE,08D02C04S02,SELVA ALEGRE 2,08,ESMERALDAS,0802,ELOY ALFARO,"0,87638","-78,79885",RURAL,TERRENO BALDÍO,PUBLICO,2026/02/09,14:50:00,ARMA DE FUEGO,PISTOLA,DELINCUENCIA COMÚN,ROBO A PERSONAS,HERIDA POR ARMA DE FUEGO,64,A,HOMBRE,MASCULINO,MESTIZO/A,NO DETERMINADO,COLOMBIA,NINGUNA,SIN_DATO,SIN_DATO
ASESINATO,ZONA 1,ESMERALDAS,ELOY ALFARO - ESM,SELVA ALEGRE,08D02C04S02,SELVA ALEGRE 2,08,ESMERALDAS,0802,ELOY ALFARO,"0,87638","-78,79885",RURAL,TERRENO BALDÍO,PUBLICO,2026/02/09,14:50:00,ARMA DE FUEGO,FUSIL,DELINCUENCIA COMÚN,ROBO A PERSONAS,HERIDA POR ARMA DE FUEGO,38,A,HOMBRE,MASCULINO,MESTIZO/A,NO DETERMINADO,COLOMBIA,NINGUNA,SIN_DATO,SIN_DATO
ASESINATO,ZONA 8,D.M. GUAYAQUIL,DURÁN,ARBOLITO,09D24C07S03,ARBOLITO 3,09,GUAYAS,0907,DURÁN,"-2,14436","-79,82939",URBANO,CASA/VILLA,PRIVADO,2026/02/10,21:00:00,ARMA DE FUEGO,PISTOLA,DELINCUENCIA COMÚN,AMENAZA,HERIDA POR ARMA DE FUEGO,24,A,HOMBRE,MASCULINO,MESTIZO/A,SOLTERO,ECUADOR,NINGUNA,ESTADO PERSONAL,SIN_DATO
ASESINATO,ZONA 3,PASTAZA,PASTAZA,TARQUI,16D01C06S01,TARQUI 1,16,PASTAZA,1601,PASTAZA,"-1,51138","-78,00879",URBANO,VÍA PÚBLICA,PUBLICO,2026/02/10,22:40:00,ARMA DE FUEGO,PISTOLA,DELINCUENCIA COMÚN,AMENAZA,HERIDA POR ARMA DE FUEGO,27,A,HOMBRE,MASCULINO,MESTIZO/A,SOLTERO,ECUADOR,NINGUNA,BACHILLER CIENCIAS,SIN_DATO
ASESINATO,ZONA 3,PASTAZA,PASTAZA,TARQUI,16D01C06S01,TARQUI 1,16,PASTAZA,1601,PASTAZA,"-1,51138","-78,00879",URBANO,VÍA PÚBLICA,PUBLICO,2026/02/10,22:40:00,ARMA DE FUEGO,PISTOLA,DELINCUENCIA COMÚN,AMENAZA,HERIDA POR ARMA DE FUEGO,33,A,HOMBRE,MASCULINO,MESTIZO/A,SOLTERO,ECUADOR,NINGUNA,AYUDANTE/JORNALERO,SIN_DATO
ASESINATO,ZONA 8,D.M. GUAYAQUIL,DURÁN,PANORAMA,09D24C03S02,PANORAMA 2,09,GUAYAS,0907,DURÁN,"-2,21357","-79,79739",URBANO,VÍA PÚBLICA,PUBLICO,2026/02/10,07:00:00,OTROS,NINGUNA,DELINCUENCIA COMÚN,AMENAZA,HERIDAS CONTUSAS,19,A,HOMBRE,MASCULINO,MESTIZO/A,SOLTERO,ECUADOR,NINGUNA,ESTADO PERSONAL,SIN_DATO
ASESINATO,ZONA 7,EL ORO,MACHALA,EL CAMBIO,07D02C12S01,EL CAMBIO 1,07,EL ORO,0701,MACHALA,"-3,29083","-79,89278",URBANO,VÍA PÚBLICA,PUBLICO,2026/02/10,22:00:00,ARMA BLANCA,CUCHILLO,DELINCUENCIA COMÚN,TRÁFICO INTERNO DE DROGAS (MICROTRÁFICO),HERIDA POR ARMA BLANCA,20,A,HOMBRE,MASCULINO,MESTIZO/A,NO DETERMINADO,NO DETERMINADO,NINGUNA,SIN_DATO,SIN_DATO
ASESINATO,ZONA 6,CAÑAR,LA TRONCAL,TRONCAL CENTRO,03D03C02S01,TRONCAL CENTRO 1,03,CAÑAR,0304,LA TRONCAL,"-2,34938","-79,31205",RURAL,MAR,PUBLICO,2026/02/11,01:00:00,ARMA BLANCA,CUCHILLO,DELINCUENCIA COMÚN,TRÁFICO INTERNO DE DROGAS (MICROTRÁFICO),HERIDA POR ARMA BLANCA,18,A,HOMBRE,MASCULINO,MESTIZO/A,SOLTERO,ECUADOR,NINGUNA,SIN_DATO,SIN_DATO
ASESINATO,ZONA 8,D.M. GUAYAQUIL,DURÁN,RECREO,09D24C05S05,RECREO 5,09,GUAYAS,0907,DURÁN,"-2,1661","-79,79783",URBANO,VÍA PÚBLICA,PUBLICO,2026/02/11,04:30:00,ARMA DE FUEGO,PISTOLA,DELINCUENCIA COMÚN,AMENAZA,HERIDA POR ARMA DE FUEGO,34,A,HOMBRE,MASCULINO,MESTIZO/A,SOLTERO,ECUADOR,NINGUNA,ESTADO PERSONAL,BACHILLERATO
ASESINATO,ZONA 7,EL ORO,MACHALA,EL RETIRO,07D02C21S01,EL RETIRO 1,07,EL ORO,0701,MACHALA,"-3,38914","-79,92549",RURAL,VÍA PÚBLICA,PUBLICO,2026/02/11,08:40:00,ARMA BLANCA,CUCHILLO,DELINCUENCIA COMÚN,AMENAZA,HERIDA POR ARMA BLANCA,25,A,HOMBRE,MASCULINO,MESTIZO/A,NO DETERMINADO,NO DETERMINADO,NINGUNA,SIN_DATO,SIN_DATO
ASESINATO,ZONA 1,SUCUMBÍOS,SHUSHUFINDI,7 DE JULIO,21D04C03S01,7 DE JULIO 1,21,SUCUMBÍOS,2104,SHUSHUFINDI,"-0,17427","-76,82359",URBANO,NIGHT CLUBS,PRIVADO,2026/02/10,20:00:00,ARMA DE FUEGO,FUSIL,DELINCUENCIA COMÚN,AMENAZA,HERIDA POR ARMA DE FUEGO,29,A,HOMBRE,MASCULINO,MESTIZO/A,CASADO,ECUADOR,NINGUNA,ESTADO PERSONAL,SIN_DATO
ASESINATO,ZONA 7,EL ORO,MACHALA,EL RETIRO,07D02C21S01,EL RETIRO 1,07,EL ORO,0701,MACHALA,"-3,38914","-79,92549",RURAL,VÍA PÚBLICA,PUBLICO,2026/02/11,08:40:00,ARMA BLANCA,CUCHILLO,DELINCUENCIA COMÚN,AMENAZA,HERIDA POR ARMA BLANCA,27,A,HOMBRE,MASCULINO,MESTIZO/A,NO DETERMINADO,NO DETERMINADO,PSICOLOGICA,SIN_DATO,SIN_DATO
ASESINATO,ZONA 8,D.M. GUAYAQUIL,SAMBORONDÓN,SAMBORONDÓN,09D23C01S04,SAMBORONDÓN 4,09,GUAYAS,0916,SAMBORONDÓN,"-1,96318","-79,72578",URBANO,VÍA PÚBLICA,PUBLICO,2026/02/11,01:00:00,ARMA DE FUEGO,PISTOLA,DELINCUENCIA COMÚN,AMENAZA,HERIDA POR ARMA DE FUEGO,24,A,HOMBRE,MASCULINO,MESTIZO/A,SOLTERO,ECUADOR,NINGUNA,ARTESANO/OFICIO,SIN_DATO
ASESINATO,ZONA 6,CAÑAR,CAÑAR,INGAPIRCA,03D02C04S01,INGAPIRCA 1,03,CAÑAR,0303,CAÑAR,"-2,57438","-78,91642",RURAL,VÍA PÚBLICA,PUBLICO,2026/02/11,06:40:00,ARMA DE FUEGO,PISTOLA,DELINCUENCIA COMÚN,AMENAZA,HERIDA POR ARMA DE FUEGO,29,A,HOMBRE,MASCULINO,MESTIZO/A,SOLTERO,VENEZUELA,NINGUNA,ESTADO PERSONAL,SIN_DATO
ASESINATO,ZONA 7,EL ORO,MACHALA,SIMÓN BOLÍVAR,07D02C19S01,SIMÓN BOLÍVAR 1,07,EL ORO,0701,MACHALA,"-3,25593","-79,9856",URBANO,VÍA PÚBLICA,PUBLICO,2026/02/10,20:30:00,ARMA BLANCA,CUCHILLO,DELINCUENCIA COMÚN,TRÁFICO INTERNO DE DROGAS (MICROTRÁFICO),HERIDA POR ARMA BLANCA,26,A,MUJER,FEMENINO,MESTIZO/A,CASADO,ECUADOR,NINGUNA,BACHILLER TÉCNICO,SIN_DATO
ASESINATO,ZONA 7,EL ORO,MACHALA,SIMÓN BOLÍVAR,07D02C19S01,SIMÓN BOLÍVAR 1,07,EL ORO,0701,MACHALA,"-3,25593","-79,9856",URBANO,VÍA PÚBLICA,PUBLICO,2026/02/10,20:30:00,ARMA BLANCA,CUCHILLO,DELINCUENCIA COMÚN,TRÁFICO INTERNO DE DROGAS (MICROTRÁFICO),HERIDA POR ARMA BLANCA,26,A,HOMBRE,MASCULINO,MESTIZO/A,CASADO,ECUADOR,NINGUNA,BACHILLER TÉCNICO,SIN_DATO
ASESINATO,ZONA 5,LOS RÍOS,VINCES,VINCES NORTE,12D05C05S01,VINCES NORTE 1,12,LOS RÍOS,1208,VINCES,"-1,54146","-79,74352",URBANO,CASA/VILLA,PRIVADO,2026/02/11,04:00:00,ARMA DE FUEGO,FUSIL,DELINCUENCIA COMÚN,AMENAZA,HERIDA POR ARMA DE FUEGO,32,A,HOMBRE,MASCULINO,AFRO,SOLTERO,ECUADOR,NINGUNA,AYUDANTE/JORNALERO,BASICA
ASESINATO,ZONA 7,EL ORO,HUAQUILLAS,UNIÓN LOJANA,07D05C05S01,UNIÓN LOJANA 1,07,EL ORO,0707,HUAQUILLAS,"-3,48042","-80,20425",URBANO,VÍA PÚBLICA,PUBLICO,2026/02/11,11:24:00,ARMA DE FUEGO,PISTOLA,DELINCUENCIA COMÚN,AMENAZA,HERIDA POR ARMA DE FUEGO,32,A,MUJER,FEMENINO,MESTIZO/A,SOLTERO,ECUADOR,NINGUNA,ESTADO PERSONAL,SIN_DATO
ASESINATO,ZONA 5,LOS RÍOS,VINCES,BALZAR DE VINCES,12D05C09S01,BALZAR DE VINCES 1,12,LOS RÍOS,1208,VINCES,"-1,55771","-79,75543",URBANO,VÍA PÚBLICA,PUBLICO,2026/02/11,07:00:00,ARMA DE FUEGO,PISTOLA,DELINCUENCIA COMÚN,AMENAZA,HERIDA POR ARMA DE FUEGO,37,A,HOMBRE,MASCULINO,MESTIZO/A,DIVORCIADO,ECUADOR,NINGUNA,BACHILLER CIENCIAS,BACHILLERATO
ASESINATO,ZONA 4,MANABÍ,SUCRE,SAN ISIDRO,13D11C04S01,SAN ISIDRO 1,13,MANABÍ,1314,SUCRE,"-0,37567","-80,18227",RURAL,VÍA PÚBLICA,PUBLICO,2026/02/11,12:15:00,ARMA DE FUEGO,PISTOLA,DELINCUENCIA COMÚN,AMENAZA,HERIDA POR ARMA DE FUEGO,44,A,HOMBRE,MASCULINO,MESTIZO/A,CASADO,ECUADOR,NINGUNA,TRABAJADOR COMERCIAL,SIN_DATO
ASESINATO,ZONA 7,EL ORO,HUAQUILLAS,HUALTACO,07D05C06S02,HUALTACO 2,07,EL ORO,0707,HUAQUILLAS,"-3,47723","-80,23949",URBANO,QUEBRADAS,PUBLICO,2026/02/11,11:00:00,ARMA BLANCA,CUCHILLO,DELINCUENCIA COMÚN,AMENAZA,HERIDA POR ARMA BLANCA,25,A,HOMBRE,MASCULINO,SIN_DATO,SIN_DATO,SIN_DATO,SIN_DATO,SIN_DATO,SIN_DATO
ASESINATO,ZONA 8,D.M. GUAYAQUIL,PORTETE,CISNE,09D04C01S02,CISNE 2,09,GUAYAS,0901,GUAYAQUIL,"-2,22474","-79,92491",URBANO,VÍA PÚBLICA,PUBLICO,2026/02/11,08:00:00,ARMA DE FUEGO,PISTOLA,DELINCUENCIA COMÚN,AMENAZA,HERIDA POR ARMA DE FUEGO,29,A,HOMBRE,MASCULINO,MESTIZO/A,SOLTERO,ECUADOR,NINGUNA,TRABAJADOR GENERAL,SIN_DATO
ASESINATO,ZONA 5,LOS RÍOS,BABAHOYO,GUARE DE BABA,12D01C17S02,GUARE DE BABA 2,12,LOS RÍOS,1202,BABA,"-1,69997","-79,70951",RURAL,CASA/VILLA,PRIVADO,2026/02/12,01:30:00,ARMA DE FUEGO,OTROS ARMA LARGA,DELINCUENCIA COMÚN,AMENAZA,HERIDA POR ARMA DE FUEGO,37,A,HOMBRE,MASCULINO,AFRO,SOLTERO,ECUADOR,NINGUNA,ARTISTA,BASICA
ASESINATO,ZONA 8,D.M. GUAYAQUIL,PASCUALES,MUCHO LOTE,09D07C04S01,MUCHO LOTE 1,09,GUAYAS,0901,GUAYAQUIL,"-2,09634","-79,91297",URBANO,VÍA PÚBLICA,PUBLICO,2026/02/11,19:30:00,ARMA DE FUEGO,OTROS ARMA CORTA,DELINCUENCIA COMÚN,AMENAZA,HERIDA POR ARMA DE FUEGO,20,A,HOMBRE,MASCULINO,MESTIZO/A,SOLTERO,ECUADOR,NINGUNA,ESTADO PERSONAL,SIN_DATO
ASESINATO,ZONA 8,D.M. GUAYAQUIL,PASCUALES,PUENTE LUCÍA,09D07C08S02,PUENTE LUCÍA 2,09,GUAYAS,0901,GUAYAQUIL,"-1,9836","-79,99105",URBANO,VÍA PÚBLICA,PUBLICO,2026/02/11,18:06:00,ARMA DE FUEGO,PISTOLA,DELINCUENCIA COMÚN,AMENAZA,HERIDA POR ARMA DE FUEGO,39,A,HOMBRE,MASCULINO,MESTIZO/A,SOLTERO,ECUADOR,NINGUNA,TRABAJADOR GENERAL,SIN_DATO
ASESINATO,ZONA 8,D.M. GUAYAQUIL,DURÁN,ARBOLITO,09D24C07S01,ARBOLITO 1,09,GUAYAS,0907,DURÁN,"-2,15197","-79,8238",URBANO,CASA/VILLA,PRIVADO,2026/02/11,17:30:00,ARMA DE FUEGO,PISTOLA,DELINCUENCIA COMÚN,AMENAZA,HERIDA POR ARMA DE FUEGO,18,A,HOMBRE,MASCULINO,MESTIZO/A,SOLTERO,ECUADOR,NINGUNA,ESTADO PERSONAL,SIN_DATO
ASESINATO,ZONA 8,D.M. GUAYAQUIL,NUEVA PROSPERINA,NUEVA PROSPERINA,09D08C01S03,NUEVA PROSPERINA 3,09,GUAYAS,0901,GUAYAQUIL,"-2,11926","-79,96659",URBANO,VÍA PÚBLICA,PUBLICO,2026/02/08,03:00:00,ARMA DE FUEGO,PISTOLA,DELINCUENCIA COMÚN,ROBO A PERSONAS,HERIDA POR ARMA DE FUEGO,26,A,MUJER,FEMENINO,MESTIZO/A,SOLTERO,ECUADOR,NINGUNA,BACHILLER CIENCIAS,SIN_DATO
ASESINATO,ZONA 7,EL ORO,SANTA ROSA,SANTA ROSA ESTE,07D06C04S02,SANTA ROSA ESTE 2,07,EL ORO,0712,SANTA ROSA,"-3,45527","-79,966",URBANO,CASA/VILLA,PRIVADO,2026/02/11,20:50:00,ARMA DE FUEGO,OTROS ARMA CORTA,DELINCUENCIA COMÚN,AMENAZA,HERIDA POR ARMA DE FUEGO,16,A,HOMBRE,MASCULINO,MESTIZO/A,SOLTERO,ECUADOR,NINGUNA,ESTADO PERSONAL,SIN_DATO
HOMICIDIO,ZONA 5,GUAYAS,MILAGRO,MAR NEGRO,09D17C04S01,MAR NEGRO 1,09,GUAYAS,0910,MILAGRO,"-2,06084","-79,64009",RURAL,VÍA PÚBLICA,PUBLICO,2026/02/12,03:00:00,ARMA CONTUNDENTE,OBJETO CONTUSO,DELINCUENCIA COMÚN,AMENAZA,HERIDAS CONTUSAS,25,A,HOMBRE,MASCULINO,MESTIZO/A,SOLTERO,ECUADOR,NINGUNA,ESTADO PERSONAL,SIN_DATO
ASESINATO,ZONA 7,EL ORO,HUAQUILLAS,HUALTACO,07D05C06S01,HUALTACO 1,07,EL ORO,0707,HUAQUILLAS,"-3,46719","-80,2321",URBANO,VÍA PÚBLICA,PUBLICO,2026/02/12,04:30:00,ARMA BLANCA,MACHETE,DELINCUENCIA COMÚN,AMENAZA,HERIDA POR ARMA BLANCA,18,A,HOMBRE,MASCULINO,MESTIZO/A,SOLTERO,ECUADOR,NINGUNA,ESTADO PERSONAL,SIN_DATO
ASESINATO,ZONA 8,D.M. GUAYAQUIL,PROGRESO,POSORJA,09D10C02S01,POSORJA 1,09,GUAYAS,0901,GUAYAQUIL,"-2,6927","-80,27067",URBANO,VÍA PÚBLICA,PUBLICO,2026/02/12,08:00:00,ARMA DE FUEGO,OTROS ARMA CORTA,DELINCUENCIA COMÚN,AMENAZA,HERIDA POR ARMA DE FUEGO,32,A,MUJER,FEMENINO,NO DETERMINADO,NO DETERMINADO,NO DETERMINADO,NINGUNA,SIN_DATO,SIN_DATO
ASESINATO,ZONA 5,LOS RÍOS,VENTANAS,VENTANAS SUR,12D04C06S01,VENTANAS SUR 1,12,LOS RÍOS,1207,VENTANAS,"-1,50261","-79,44893",RURAL,FINCA,PRIVADO,2026/02/12,12:00:00,ARMA BLANCA,CUCHILLO,DELINCUENCIA COMÚN,AMENAZA,HERIDA POR ARMA BLANCA,16,A,HOMBRE,MASCULINO,MESTIZO/A,SOLTERO,ECUADOR,NINGUNA,SIN_DATO,SIN_DATO
ASESINATO,ZONA 5,LOS RÍOS,VENTANAS,VENTANAS SUR,12D04C06S01,VENTANAS SUR 1,12,LOS RÍOS,1207,VENTANAS,"-1,50261","-79,44893",RURAL,FINCA,PRIVADO,2026/02/12,12:00:00,ARMA BLANCA,CUCHILLO,DELINCUENCIA COMÚN,AMENAZA,HERIDA POR ARMA BLANCA,15,A,HOMBRE,MASCULINO,MESTIZO/A,SOLTERO,ECUADOR,NINGUNA,ESTADO PERSONAL,SIN_DATO
ASESINATO,ZONA 6,CAÑAR,LA TRONCAL,TRONCAL CENTRO,03D03C02S01,TRONCAL CENTRO 1,03,CAÑAR,0304,LA TRONCAL,"-2,34938","-79,31205",RURAL,MAR,PUBLICO,2026/02/12,14:50:00,ARMA BLANCA,CORTO PUNZANTE,DELINCUENCIA COMÚN,AMENAZA,HERIDA POR ARMA BLANCA,SIN_DATO,SIN_DATO,HOMBRE,MASCULINO,MESTIZO/A,NO DETERMINADO,ECUADOR,NINGUNA,SIN_DATO,SIN_DATO
ASESINATO,ZONA 6,CAÑAR,LA TRONCAL,TRONCAL CENTRO,03D03C02S01,TRONCAL CENTRO 1,03,CAÑAR,0304,LA TRONCAL,"-2,34938","-79,31205",RURAL,MAR,PUBLICO,2026/02/12,14:50:00,ARMA BLANCA,CORTO PUNZANTE,DELINCUENCIA COMÚN,AMENAZA,HERIDA POR ARMA BLANCA,SIN_DATO,SIN_DATO,MUJER,FEMENINO,MESTIZO/A,NO DETERMINADO,ECUADOR,INTELECTUAL,SIN_DATO,SIN_DATO
ASESINATO,ZONA 7,EL ORO,MACHALA,9 DE MAYO,07D02C01S01,9 DE MAYO 1,07,EL ORO,0701,MACHALA,"-3,28236","-79,96468",URBANO,VÍA PÚBLICA,PUBLICO,2026/02/12,17:10:00,ARMA DE FUEGO,REVOLVER,DELINCUENCIA COMÚN,AMENAZA,HERIDA POR ARMA DE FUEGO,48,A,MUJER,FEMENINO,MESTIZO/A,SOLTERO,ECUADOR,NINGUNA,ESTADO PERSONAL,SIN_DATO
ASESINATO,ZONA 8,D.M. GUAYAQUIL,SUR - DMG,UNIÓN DE BANANEROS,09D01C02S03,UNIÓN DE BANANEROS 3,09,GUAYAS,0901,GUAYAQUIL,"-2,2647","-79,87682",URBANO,VÍA PÚBLICA,PUBLICO,2026/02/12,13:40:00,ARMA DE FUEGO,PISTOLA,DELINCUENCIA COMÚN,AMENAZA,HERIDA POR ARMA DE FUEGO,39,A,HOMBRE,MASCULINO,MESTIZO/A,SOLTERO,ECUADOR,NINGUNA,TRABAJADOR GENERAL,SIN_DATO
ASESINATO,ZONA 8,D.M. GUAYAQUIL,NUEVA PROSPERINA,PARAÍSO LA FLOR,09D08C03S04,PARAÍSO LA FLOR 4,09,GUAYAS,0901,GUAYAQUIL,"-2,10128","-79,96515",URBANO,VÍA PÚBLICA,PUBLICO,2026/02/12,19:50:00,ARMA DE FUEGO,PISTOLA,DELINCUENCIA COMÚN,AMENAZA,HERIDA POR ARMA DE FUEGO,44,A,HOMBRE,MASCULINO,MESTIZO/A,SOLTERO,ECUADOR,NINGUNA,AYUDANTE/JORNALERO,NINGUNA
ASESINATO,ZONA 4,MANABÍ,24 DE MAYO,SAN PABLO DE PUEBLO NUEVO,13D04C08S01,SAN PABLO DE PUEBLO NUEVO 1,13,MANABÍ,1313,SANTA ANA,"-1,20148","-80,06538",RURAL,CASA/VILLA,PRIVADO,2026/02/12,06:20:00,ARMA DE FUEGO,FUSIL,DELINCUENCIA COMÚN,AMENAZA,HERIDA POR ARMA DE FUEGO,41,A,HOMBRE,MASCULINO,MESTIZO/A,SOLTERO,ECUADOR,NINGUNA,ESTADO PERSONAL,SIN_DATO
ASESINATO,ZONA 4,MANABÍ,24 DE MAYO,SAN PABLO DE PUEBLO NUEVO,13D04C08S01,SAN PABLO DE PUEBLO NUEVO 1,13,MANABÍ,1313,SANTA ANA,"-1,20148","-80,06538",RURAL,CASA/VILLA,PRIVADO,2026/02/12,06:22:00,ARMA DE FUEGO,FUSIL,DELINCUENCIA COMÚN,AMENAZA,HERIDA POR ARMA DE FUEGO,33,A,HOMBRE,MASCULINO,MESTIZO/A,SOLTERO,ECUADOR,NINGUNA,ESTADO PERSONAL,SIN_DATO
ASESINATO,ZONA 4,MANABÍ,24 DE MAYO,SAN PABLO DE PUEBLO NUEVO,13D04C08S01,SAN PABLO DE PUEBLO NUEVO 1,13,MANABÍ,1313,SANTA ANA,"-1,20148","-80,06538",RURAL,CASA/VILLA,PRIVADO,2026/02/12,06:20:00,ARMA DE FUEGO,PISTOLA,DELINCUENCIA COMÚN,AMENAZA,HERIDA POR ARMA DE FUEGO,21,A,HOMBRE,MASCULINO,MESTIZO/A,SOLTERO,ECUADOR,NINGUNA,ESTADO PERSONAL,SIN_DATO
ASESINATO,ZONA 4,MANABÍ,24 DE MAYO,SAN PABLO DE PUEBLO NUEVO,13D04C08S01,SAN PABLO DE PUEBLO NUEVO 1,13,MANABÍ,1313,SANTA ANA,"-1,20148","-80,06538",RURAL,CASA/VILLA,PRIVADO,2026/02/12,06:24:00,ARMA DE FUEGO,FUSIL,DELINCUENCIA COMÚN,AMENAZA,HERIDA POR ARMA DE FUEGO,46,A,HOMBRE,MASCULINO,MESTIZO/A,SOLTERO,ECUADOR,NINGUNA,ESTADO PERSONAL,SIN_DATO
ASESINATO,ZONA 4,MANABÍ,24 DE MAYO,SAN PABLO DE PUEBLO NUEVO,13D04C08S01,SAN PABLO DE PUEBLO NUEVO 1,13,MANABÍ,1313,SANTA ANA,"-1,20148","-80,06538",RURAL,CASA/VILLA,PRIVADO,2026/02/12,06:22:00,ARMA DE FUEGO,FUSIL,DELINCUENCIA COMÚN,AMENAZA,HERIDA POR ARMA DE FUEGO,11,A,MUJER,FEMENINO,NO DETERMINADO,SOLTERO,COLOMBIA,NINGUNA,SIN_DATO,SIN_DATO
ASESINATO,ZONA 4,MANABÍ,24 DE MAYO,SAN PABLO DE PUEBLO NUEVO,13D04C08S01,SAN PABLO DE PUEBLO NUEVO 1,13,MANABÍ,1313,SANTA ANA,"-1,20148","-80,06538",RURAL,CASA/VILLA,PRIVADO,2026/02/12,06:23:00,ARMA DE FUEGO,PISTOLA,DELINCUENCIA COMÚN,AMENAZA,HERIDA POR ARMA DE FUEGO,0,A,HOMBRE,MASCULINO,NO DETERMINADO,NO DETERMINADO,NO DETERMINADO,NINGUNA,SIN_DATO,SIN_DATO
ASESINATO,ZONA 8,D.M. GUAYAQUIL,ESTEROS,TRINITARIA SUR,09D02C05S02,TRINITARIA SUR 2,09,GUAYAS,0901,GUAYAQUIL,"-2,24107","-79,92116",URBANO,VÍA PÚBLICA,PUBLICO,2026/02/12,23:00:00,ARMA DE FUEGO,OTROS ARMA CORTA,DELINCUENCIA COMÚN,AMENAZA,HERIDA POR ARMA DE FUEGO,18,A,HOMBRE,MASCULINO,MESTIZO/A,SOLTERO,ECUADOR,NINGUNA,ESTADO PERSONAL,SIN_DATO
ASESINATO,ZONA 8,D.M. GUAYAQUIL,ESTEROS,TRINITARIA SUR,09D02C05S02,TRINITARIA SUR 2,09,GUAYAS,0901,GUAYAQUIL,"-2,24107","-79,92116",URBANO,VÍA PÚBLICA,PUBLICO,2026/02/12,23:00:00,ARMA DE FUEGO,OTROS ARMA CORTA,DELINCUENCIA COMÚN,AMENAZA,HERIDA POR ARMA DE FUEGO,20,A,HOMBRE,MASCULINO,MESTIZO/A,NO DETERMINADO,NO DETERMINADO,NINGUNA,SIN_DATO,SIN_DATO
ASESINATO,ZONA 5,GUAYAS,DAULE,JUAN BAUTISTA AGUIRRE,09D19C02S01,JUAN BAUTISTA AGUIRRE 1,09,GUAYAS,0906,DAULE,"-1,90034","-79,98409",URBANO,VÍA PÚBLICA,PUBLICO,2026/02/12,15:00:00,ARMA DE FUEGO,PISTOLA,DELINCUENCIA COMÚN,AMENAZA,HERIDA POR ARMA DE FUEGO,32,A,HOMBRE,MASCULINO,MESTIZO/A,SOLTERO,ECUADOR,NINGUNA,TRABAJADOR PRIMARIO,SIN_DATO
ASESINATO,ZONA 8,D.M. GUAYAQUIL,NUEVA PROSPERINA,NUEVA PROSPERINA,09D08C01S02,NUEVA PROSPERINA 2,09,GUAYAS,0901,GUAYAQUIL,"-2,12173","-79,95744",URBANO,VÍA PÚBLICA,PUBLICO,2026/02/12,18:15:00,ARMA DE FUEGO,OTROS ARMA CORTA,DELINCUENCIA COMÚN,AMENAZA,HERIDA POR ARMA DE FUEGO,29,A,HOMBRE,MASCULINO,MESTIZO/A,NO DETERMINADO,NO DETERMINADO,NINGUNA,SIN_DATO,SIN_DATO
ASESINATO,ZONA 5,GUAYAS,DAULE,LAS LOJAS,09D19C06S01,LAS LOJAS 1,09,GUAYAS,0906,DAULE,"-2,01325","-79,94101",URBANO,CASA/VILLA,PRIVADO,2026/02/12,18:00:00,ARMA DE FUEGO,PISTOLA,DELINCUENCIA COMÚN,AMENAZA,HERIDA POR ARMA DE FUEGO,25,A,HOMBRE,MASCULINO,MESTIZO/A,SOLTERO,ECUADOR,NINGUNA,ESTADO PERSONAL,SIN_DATO
ASESINATO,ZONA 4,MANABÍ,MANTA,SAN JUAN,13D02C11S01,SAN JUAN 1,13,MANABÍ,1308,MANTA,"-1,00579","-80,72142",RURAL,VÍA PÚBLICA,PUBLICO,2026/02/13,08:45:00,ARMA DE FUEGO,PISTOLA,DELINCUENCIA COMÚN,AMENAZA,HERIDA POR ARMA DE FUEGO,41,A,HOMBRE,MASCULINO,MESTIZO/A,SOLTERO,ECUADOR,NINGUNA,ARTESANO/OFICIO,SIN_DATO
ASESINATO,ZONA 8,D.M. GUAYAQUIL,PASCUALES,BASTIÓN POPULAR NORTE,09D07C03S02,BASTIÓN POPULAR NORTE 2,09,GUAYAS,0901,GUAYAQUIL,"-2,08383","-79,92875",URBANO,CASA/VILLA,PRIVADO,2026/02/12,19:05:00,ARMA DE FUEGO,PISTOLA,DELINCUENCIA COMÚN,AMENAZA,HERIDA POR ARMA DE FUEGO,25,A,HOMBRE,MASCULINO,MESTIZO/A,NO DETERMINADO,NO DETERMINADO,NINGUNA,SIN_DATO,SIN_DATO
ASESINATO,ZONA 8,D.M. GUAYAQUIL,PASCUALES,BASTIÓN POPULAR NORTE,09D07C03S02,BASTIÓN POPULAR NORTE 2,09,GUAYAS,0901,GUAYAQUIL,"-2,08383","-79,92875",URBANO,CASA/VILLA,PRIVADO,2026/02/12,19:05:00,ARMA DE FUEGO,PISTOLA,DELINCUENCIA COMÚN,AMENAZA,HERIDA POR ARMA DE FUEGO,14,A,HOMBRE,MASCULINO,MESTIZO/A,SOLTERO,ECUADOR,NINGUNA,SIN_DATO,SIN_DATO
ASESINATO,ZONA 8,D.M. GUAYAQUIL,DURÁN,RECREO,09D24C05S02,RECREO 2,09,GUAYAS,0907,DURÁN,"-2,17618","-79,80712",URBANO,BAZAR,PRIVADO,2026/02/13,13:30:00,ARMA DE FUEGO,PISTOLA,DELINCUENCIA COMÚN,AMENAZA,HERIDA POR ARMA DE FUEGO,17,A,HOMBRE,MASCULINO,MESTIZO/A,SOLTERO,ECUADOR,NINGUNA,ESTADO PERSONAL,SIN_DATO
ASESINATO,ZONA 6,CAÑAR,LA TRONCAL,TRONCAL CENTRO,03D03C02S01,TRONCAL CENTRO 1,03,CAÑAR,0304,LA TRONCAL,"-2,34938","-79,31205",URBANO,MAR,PUBLICO,2026/02/11,09:00:00,ARMA DE FUEGO,PISTOLA,DELINCUENCIA COMÚN,TRÁFICO INTERNO DE DROGAS (MICROTRÁFICO),HERIDA POR ARMA DE FUEGO,35,A,HOMBRE,MASCULINO,MESTIZO/A,SOLTERO,ECUADOR,NINGUNA,TRABAJADOR GENERAL,SIN_DATO
ASESINATO,ZONA 8,D.M. GUAYAQUIL,SUR - DMG,PUNA,09D01C06S01,PUNA 1,09,GUAYAS,0901,GUAYAQUIL,"-2,74668","-79,9054",RURAL,CASA/VILLA,PRIVADO,2026/02/12,21:00:00,ARMA DE FUEGO,OTROS ARMA CORTA,DELINCUENCIA COMÚN,AMENAZA,HERIDA POR ARMA DE FUEGO,33,A,HOMBRE,MASCULINO,MESTIZO/A,SOLTERO,ECUADOR,NINGUNA,TRABAJADOR GENERAL,SIN_DATO
ASESINATO,ZONA 5,LOS RÍOS,BUENA FE,LA RESERVA,12D06C02S01,LA RESERVA 1,12,LOS RÍOS,1210,BUENA FE,"-0,82695","-79,4781",RURAL,FINCA,PRIVADO,2026/02/11,04:30:00,ARMA DE FUEGO,PISTOLA,DELINCUENCIA COMÚN,ROBO EN EJES VIALES O CARRETERAS,HERIDA POR ARMA DE FUEGO,43,A,HOMBRE,MASCULINO,MESTIZO/A,CASADO,ECUADOR,NINGUNA,TRABAJADOR GENERAL,SIN_DATO
ASESINATO,ZONA 1,IMBABURA,CIUDAD BLANCA,EL NOGAL,10D01C13S02,EL NOGAL 2,10,IMBABURA,1001,IBARRA,"0,31213","-78,1842",RURAL,TERRENO BALDÍO,PUBLICO,2026/02/13,04:00:00,ARMA DE FUEGO,PISTOLA,DELINCUENCIA COMÚN,ROBO A PERSONAS,HERIDA POR ARMA DE FUEGO,31,A,MUJER,FEMENINO,MESTIZO/A,CASADO,ECUADOR,NINGUNA,TRABAJADOR GENERAL,SIN_DATO
ASESINATO,ZONA 5,LOS RÍOS,PUEBLO VIEJO,SAN JUAN,12D02C02S01,SAN JUAN 1,12,LOS RÍOS,1204,PUEBLOVIEJO,"-1,6223","-79,55954",URBANO,VÍA PÚBLICA,PUBLICO,2026/02/12,19:00:00,ARMA DE FUEGO,OTROS ARMA CORTA,DELINCUENCIA COMÚN,AMENAZA,HERIDA POR ARMA DE FUEGO,17,A,HOMBRE,MASCULINO,MESTIZO/A,SOLTERO,ECUADOR,NINGUNA,ESTADO PERSONAL,SIN_DATO
ASESINATO,ZONA 4,MANABÍ,MANTA,MONTECRISTI,13D02C19S01,MONTECRISTI 1,13,MANABÍ,1309,MONTECRISTI,"-1,0039","-80,71042",RURAL,CANCHAS DE USO MÚLTIPLE,PUBLICO,2026/02/13,20:30:00,ARMA DE FUEGO,PISTOLA,DELINCUENCIA COMÚN,AMENAZA,HERIDA POR ARMA DE FUEGO,38,A,HOMBRE,MASCULINO,MESTIZO/A,SOLTERO,ECUADOR,NINGUNA,TRABAJADOR DE SERVICIOS,SIN_DATO
ASESINATO,ZONA 4,MANABÍ,MANTA,MONTECRISTI,13D02C19S01,MONTECRISTI 1,13,MANABÍ,1309,MONTECRISTI,"-1,0039","-80,71042",RURAL,CANCHAS DE USO MÚLTIPLE,PUBLICO,2026/02/13,20:30:00,ARMA DE FUEGO,PISTOLA,DELINCUENCIA COMÚN,AMENAZA,HERIDA POR ARMA DE FUEGO,35,A,HOMBRE,MASCULINO,MESTIZO/A,SOLTERO,ECUADOR,NINGUNA,TRABAJADOR GENERAL,SIN_DATO
ASESINATO,ZONA 8,D.M. GUAYAQUIL,ESTEROS,MALVINAS NORTE,09D02C03S02,MALVINAS NORTE 2,09,GUAYAS,0901,GUAYAQUIL,"-2,22329","-79,90575",URBANO,PARQUES Y PLAZAS,PUBLICO,2026/02/13,08:20:00,ARMA DE FUEGO,PISTOLA,DELINCUENCIA COMÚN,AMENAZA,HERIDA POR ARMA DE FUEGO,46,A,HOMBRE,MASCULINO,MESTIZO/A,SOLTERO,ECUADOR,NINGUNA,ESTADO PERSONAL,SIN_DATO
ASESINATO,ZONA 5,LOS RÍOS,PUEBLO VIEJO,SAN JUAN,12D02C02S01,SAN JUAN 1,12,LOS RÍOS,1204,PUEBLOVIEJO,"-1,6364","-79,56212",URBANO,VÍA PÚBLICA,PUBLICO,2026/02/13,14:00:00,ARMA DE FUEGO,PISTOLA,DELINCUENCIA COMÚN,ROBO DE MOTOS,HERIDA POR ARMA DE FUEGO,24,A,HOMBRE,MASCULINO,MESTIZO/A,SOLTERO,ECUADOR,NINGUNA,ESTADO PERSONAL,SIN_DATO
ASESINATO,ZONA 8,D.M. GUAYAQUIL,SUR - DMG,GUASMO,09D01C01S01,GUASMO 1,09,GUAYAS,0901,GUAYAQUIL,"-2,28359","-79,88309",URBANO,VÍA PÚBLICA,PUBLICO,2026/02/13,23:30:00,ARMA DE FUEGO,PISTOLA,DELINCUENCIA COMÚN,AMENAZA,HERIDA POR ARMA DE FUEGO,SIN_DATO,SIN_DATO,HOMBRE,MASCULINO,MESTIZO/A,NO DETERMINADO,NO DETERMINADO,NINGUNA,SIN_DATO,SIN_DATO
ASESINATO,ZONA 8,D.M. GUAYAQUIL,PORTETE,SUBURBIO,09D04C06S01,SUBURBIO 1,09,GUAYAS,0901,GUAYAQUIL,"-2,23465","-79,94193",URBANO,VÍA PÚBLICA,PUBLICO,2026/02/13,19:20:00,ARMA DE FUEGO,OTROS ARMA CORTA,DELINCUENCIA COMÚN,TRÁFICO INTERNO DE DROGAS (MICROTRÁFICO),HERIDA POR ARMA DE FUEGO,28,A,HOMBRE,MASCULINO,MESTIZO/A,SOLTERO,ECUADOR,NINGUNA,ESTADO PERSONAL,SIN_DATO
ASESINATO,ZONA 8,D.M. GUAYAQUIL,NUEVA PROSPERINA,FLOR DE BASTIÓN,09D08C04S01,FLOR DE BASTIÓN 1,09,GUAYAS,0901,GUAYAQUIL,"-2,09548","-79,9564",RURAL,VÍA PÚBLICA,PUBLICO,2026/02/13,21:45:00,ARMA DE FUEGO,OTROS ARMA LARGA,DELINCUENCIA COMÚN,TRÁFICO INTERNO DE DROGAS (MICROTRÁFICO),HERIDA POR ARMA DE FUEGO,22,A,HOMBRE,MASCULINO,MESTIZO/A,SOLTERO,ECUADOR,NINGUNA,ESTADO PERSONAL,SIN_DATO
ASESINATO,ZONA 7,EL ORO,PASAJE,OCHOA LEÓN,07D01C10S01,OCHOA LEÓN 1,07,EL ORO,0709,PASAJE,"-3,32918","-79,81126",URBANO,CASA/VILLA,PRIVADO,2026/02/14,00:00:00,ARMA DE FUEGO,PISTOLA,DELINCUENCIA COMÚN,TRÁFICO INTERNO DE DROGAS (MICROTRÁFICO),HERIDA POR ARMA DE FUEGO,40,A,MUJER,FEMENINO,MESTIZO/A,SOLTERO,ECUADOR,NINGUNA,ESTADO PERSONAL,SIN_DATO
ASESINATO,ZONA 5,GUAYAS,NARANJAL BALAO,VILLA NUEVA,09D12C08S01,VILLA NUEVA 1,09,GUAYAS,0911,NARANJAL,"-2,5644","-79,5656",RURAL,VÍA PÚBLICA,PUBLICO,2026/02/12,02:00:00,ARMA BLANCA,MACHETE,DELINCUENCIA COMÚN,AMENAZA,HERIDA POR ARMA BLANCA,16,A,HOMBRE,MASCULINO,MESTIZO/A,SOLTERO,ECUADOR,NINGUNA,ESTADO PERSONAL,SIN_DATO
ASESINATO,ZONA 5,GUAYAS,NARANJAL BALAO,VILLA NUEVA,09D12C08S01,VILLA NUEVA 1,09,GUAYAS,0911,NARANJAL,"-2,5644","-79,5656",RURAL,VÍA PÚBLICA,PUBLICO,2026/02/12,02:00:00,ARMA BLANCA,MACHETE,DELINCUENCIA COMÚN,AMENAZA,HERIDA POR ARMA BLANCA,21,A,HOMBRE,MASCULINO,MESTIZO/A,SOLTERO,ECUADOR,NINGUNA,ESTADO PERSONAL,SIN_DATO
ASESINATO,ZONA 5,GUAYAS,NARANJAL BALAO,VILLA NUEVA,09D12C08S01,VILLA NUEVA 1,09,GUAYAS,0911,NARANJAL,"-2,5644","-79,5656",RURAL,VÍA PÚBLICA,PUBLICO,2026/02/12,02:00:00,ARMA BLANCA,MACHETE,DELINCUENCIA COMÚN,AMENAZA,HERIDA POR ARMA BLANCA,22,A,HOMBRE,MASCULINO,MESTIZO/A,SOLTERO,ECUADOR,NINGUNA,ESTADO PERSONAL,SIN_DATO
ASESINATO,ZONA 5,GUAYAS,NARANJAL BALAO,VILLA NUEVA,09D12C08S01,VILLA NUEVA 1,09,GUAYAS,0911,NARANJAL,"-2,5644","-79,5656",RURAL,VÍA PÚBLICA,PUBLICO,2026/02/12,02:00:00,ARMA BLANCA,MACHETE,DELINCUENCIA COMÚN,AMENAZA,HERIDA POR ARMA BLANCA,20,A,HOMBRE,MASCULINO,MESTIZO/A,SOLTERO,ECUADOR,NINGUNA,TRABAJADOR GENERAL,SIN_DATO
ASESINATO,ZONA 5,GUAYAS,NARANJAL BALAO,VILLA NUEVA,09D12C08S01,VILLA NUEVA 1,09,GUAYAS,0911,NARANJAL,"-2,5644","-79,5656",RURAL,VÍA PÚBLICA,PUBLICO,2026/02/12,02:00:00,ARMA BLANCA,MACHETE,DELINCUENCIA COMÚN,AMENAZA,HERIDA POR ARMA BLANCA,18,A,HOMBRE,MASCULINO,MESTIZO/A,SOLTERO,ECUADOR,NINGUNA,ESTADO PERSONAL,SIN_DATO
ASESINATO,ZONA 5,GUAYAS,NARANJAL BALAO,VILLA NUEVA,09D12C08S01,VILLA NUEVA 1,09,GUAYAS,0911,NARANJAL,"-2,5644","-79,5656",RURAL,VÍA PÚBLICA,PUBLICO,2026/02/12,02:00:00,ARMA BLANCA,MACHETE,DELINCUENCIA COMÚN,AMENAZA,HERIDA POR ARMA BLANCA,26,A,HOMBRE,MASCULINO,MESTIZO/A,SOLTERO,ECUADOR,NINGUNA,BACHILLER CIENCIAS,SIN_DATO
ASESINATO,ZONA 8,D.M. GUAYAQUIL,DURÁN,RECREO,09D24C05S07,RECREO 7,09,GUAYAS,0907,DURÁN,"-2,16871","-79,80813",URBANO,VÍA PÚBLICA,PUBLICO,2026/02/13,02:30:00,ARMA DE FUEGO,OTROS ARMA CORTA,DELINCUENCIA COMÚN,AMENAZA,HERIDA POR ARMA DE FUEGO,39,A,HOMBRE,MASCULINO,MESTIZO/A,SOLTERO,ECUADOR,NINGUNA,ESTADO PERSONAL,SIN_DATO
ASESINATO,ZONA 5,GUAYAS,NARANJAL BALAO,VILLA NUEVA,09D12C08S01,VILLA NUEVA 1,09,GUAYAS,0911,NARANJAL,"-2,5644","-79,5656",RURAL,VÍA PÚBLICA,PUBLICO,2026/02/12,02:00:00,ARMA BLANCA,MACHETE,DELINCUENCIA COMÚN,AMENAZA,HERIDA POR ARMA BLANCA,22,A,HOMBRE,MASCULINO,MESTIZO/A,SOLTERO,ECUADOR,NINGUNA,ESTADO PERSONAL,SIN_DATO
ASESINATO,ZONA 5,GUAYAS,NARANJAL BALAO,VILLA NUEVA,09D12C08S01,VILLA NUEVA 1,09,GUAYAS,0911,NARANJAL,"-2,5644","-79,5656",RURAL,VÍA PÚBLICA,PUBLICO,2026/02/12,02:00:00,ARMA BLANCA,MACHETE,DELINCUENCIA COMÚN,AMENAZA,HERIDA POR ARMA BLANCA,18,A,HOMBRE,MASCULINO,MESTIZO/A,SOLTERO,ECUADOR,NINGUNA,BACHILLER CIENCIAS,SIN_DATO
ASESINATO,ZONA 7,EL ORO,PASAJE,BUENA VISTA,07D01C07S01,BUENA VISTA 1,07,EL ORO,0709,PASAJE,"-3,29907","-79,82771",RURAL,HACIENDAS,PRIVADO,2026/02/13,20:45:00,ARMA DE FUEGO,PISTOLA,DELINCUENCIA COMÚN,AMENAZA,HERIDA POR ARMA DE FUEGO,53,A,HOMBRE,MASCULINO,AFRO,SOLTERO,ECUADOR,NINGUNA,TRABAJADOR PRIMARIO,SIN_DATO
ASESINATO,ZONA 5,LOS RÍOS,QUEVEDO,AGUAS FRÍAS,12D03C12S01,AGUAS FRÍAS 1,12,LOS RÍOS,1212,MOCACHE,"-1,22108","-79,54161",RURAL,VÍA PÚBLICA,PUBLICO,2026/02/13,17:45:00,ARMA DE FUEGO,PISTOLA,DELINCUENCIA COMÚN,ROBO DE MOTOS,HERIDA POR ARMA DE FUEGO,31,A,HOMBRE,MASCULINO,MESTIZO/A,SOLTERO,ECUADOR,NINGUNA,TRABAJADOR PRIMARIO,SIN_DATO
ASESINATO,ZONA 7,EL ORO,PASAJE,BUENA VISTA,07D01C07S01,BUENA VISTA 1,07,EL ORO,0709,PASAJE,"-3,29907","-79,82771",RURAL,HACIENDAS,PRIVADO,2026/02/13,20:00:00,ARMA DE FUEGO,FUSIL,DELINCUENCIA COMÚN,AMENAZA,HERIDA POR ARMA DE FUEGO,88,A,HOMBRE,MASCULINO,MESTIZO/A,VIUDO,ECUADOR,NINGUNA,TRABAJADOR PRIMARIO,SIN_DATO
ASESINATO,ZONA 7,EL ORO,PASAJE,BUENA VISTA,07D01C07S01,BUENA VISTA 1,07,EL ORO,0709,PASAJE,"-3,29907","-79,82771",RURAL,HACIENDAS,PRIVADO,2026/02/13,20:45:00,ARMA DE FUEGO,FUSIL,DELINCUENCIA COMÚN,AMENAZA,HERIDA POR ARMA DE FUEGO,58,A,MUJER,FEMENINO,MESTIZO/A,SOLTERO,ECUADOR,NINGUNA,TRABAJADOR COMERCIAL,SIN_DATO
ASESINATO,ZONA 5,GUAYAS,PLAYAS,PLAYAS,09D22C01S01,PLAYAS 1,09,GUAYAS,0921,PLAYAS,"-2,62595","-80,39265",URBANO,VÍA PÚBLICA,PUBLICO,2026/02/13,00:30:00,ARMA DE FUEGO,OTRO,DELINCUENCIA COMÚN,AMENAZA,HERIDA POR ARMA DE FUEGO,26,A,MUJER,FEMENINO,MESTIZO/A,NO DETERMINADO,NO DETERMINADO,NINGUNA,SIN_DATO,SIN_DATO
ASESINATO,ZONA 7,EL ORO,PASAJE,BAJO ALTO,07D01C04S01,BAJO ALTO 1,07,EL ORO,0706,EL GUABO,"-3,2394","-79,82964",URBANO,CANCHAS DE USO MÚLTIPLE,PUBLICO,2026/02/14,12:50:00,ARMA DE FUEGO,PISTOLA,DELINCUENCIA COMÚN,AMENAZA,HERIDA POR ARMA DE FUEGO,22,A,HOMBRE,MASCULINO,MESTIZO/A,SOLTERO,ECUADOR,NINGUNA,ESTADO PERSONAL,SIN_DATO
ASESINATO,ZONA 5,LOS RÍOS,VINCES,JAUNECHE,12D05C10S01,JAUNECHE 1,12,LOS RÍOS,1209,PALENQUE,"-1,24473","-79,75017",RURAL,CASA/VILLA,PRIVADO,2026/02/14,02:30:00,ARMA DE FUEGO,PISTOLA,DELINCUENCIA COMÚN,AMENAZA,HERIDA POR ARMA DE FUEGO,75,A,HOMBRE,MASCULINO,MESTIZO/A,CASADO,ECUADOR,NINGUNA,TRABAJADOR PRIMARIO,SIN_DATO
ASESINATO,ZONA 1,ESMERALDAS,ESMERALDAS,VALLE HERMOSO,08D01C08S02,VALLE HERMOSO 2,08,ESMERALDAS,0801,ESMERALDAS,"0,91457","-79,69798",URBANO,CENTROS DE REHABILITACIÓN SOCIAL,PRIVADO,2026/02/14,05:00:00,CONSTRICTORA,PRENDA TEXTIL,DELINCUENCIA COMÚN,AMENAZA,AHORCADURA,29,A,HOMBRE,MASCULINO,AFRO,SOLTERO,ECUADOR,NINGUNA,ESTADO PERSONAL,SIN_DATO
ASESINATO,ZONA 4,MANABÍ,PORTOVIEJO,COLON,13D01C01S01,COLON 1,13,MANABÍ,1301,PORTOVIEJO,"-1,156","-80,37824",RURAL,VÍA PÚBLICA,PUBLICO,2026/02/14,18:00:00,ARMA DE FUEGO,PISTOLA,DELINCUENCIA COMÚN,AMENAZA,HERIDA POR ARMA DE FUEGO,42,A,HOMBRE,MASCULINO,MESTIZO/A,SOLTERO,ECUADOR,NINGUNA,TRABAJADOR GENERAL,SECUNDARIA
ASESINATO,ZONA 4,MANABÍ,PORTOVIEJO,COLON,13D01C01S01,COLON 1,13,MANABÍ,1301,PORTOVIEJO,"-1,156","-80,37824",RURAL,VÍA PÚBLICA,PUBLICO,2026/02/14,18:00:00,ARMA DE FUEGO,PISTOLA,DELINCUENCIA COMÚN,AMENAZA,HERIDA POR ARMA DE FUEGO,49,A,HOMBRE,MASCULINO,MESTIZO/A,SOLTERO,ECUADOR,NINGUNA,TRABAJADOR PRIMARIO,SIN_DATO
ASESINATO,ZONA 5,LOS RÍOS,VENTANAS,LA ERCILIA,12D04C03S01,LA ERCILIA 1,12,LOS RÍOS,1207,VENTANAS,"-1,18687","-79,41129",RURAL,OTROS LOCALES COMERCIALES,PRIVADO,2026/02/08,01:00:00,ARMA DE FUEGO,OTRO,DELINCUENCIA COMÚN,AMENAZA,HERIDA POR ARMA DE FUEGO,52,A,HOMBRE,MASCULINO,MESTIZO/A,DIVORCIADO,ECUADOR,NINGUNA,TRABAJADOR PRIMARIO,SIN_DATO
ASESINATO,ZONA 4,MANABÍ,PEDERNALES,PEDERNALES SUR,13D10C02S01,PEDERNALES SUR 1,13,MANABÍ,1317,PEDERNALES,"0,0504","-80,06003",URBANO,VÍA PÚBLICA,PUBLICO,2026/02/07,20:30:00,ARMA DE FUEGO,PISTOLA,DELINCUENCIA COMÚN,AMENAZA,HERIDA POR ARMA DE FUEGO,30,A,HOMBRE,MASCULINO,MESTIZO/A,SOLTERO,ECUADOR,NINGUNA,ESTADO PERSONAL,SIN_DATO
ASESINATO,ZONA 5,GUAYAS,BALZAR,LA GUAYAQUIL,09D13C02S01,LA GUAYAQUIL 1,09,GUAYAS,0904,BALZAR,"-1,23676","-79,76859",URBANO,CASA/VILLA,PRIVADO,2026/02/14,01:00:00,ARMA DE FUEGO,PISTOLA,DELINCUENCIA COMÚN,AMENAZA,HERIDA POR ARMA DE FUEGO,44,A,HOMBRE,MASCULINO,MESTIZO/A,SOLTERO,ECUADOR,NINGUNA,ESTADO PERSONAL,SIN_DATO
HOMICIDIO,ZONA 9,D.M. QUITO,QUITUMBE,TURUBAMBA,17D07C05S03,TURUBAMBA 3,17,PICHINCHA,1701,QUITO,"-0,3292","-78,53469",URBANO,VÍA PÚBLICA,PUBLICO,2026/02/15,04:00:00,ARMA DE FUEGO,CARTUCHERA,DELINCUENCIA COMÚN,AMENAZA,HERIDA POR ARMA DE FUEGO,29,A,HOMBRE,MASCULINO,MESTIZO/A,SOLTERO,ECUADOR,NINGUNA,ESTADO PERSONAL,SIN_DATO
ASESINATO,ZONA 1,ESMERALDAS,ATACAMES,MUISNE,08D03C02S01,MUISNE 1,08,ESMERALDAS,0803,MUISNE,"0,61155","-80,01787",URBANO,VÍA PÚBLICA,PUBLICO,2026/02/14,05:00:00,ARMA DE FUEGO,PISTOLA,DELINCUENCIA COMÚN,AMENAZA,HERIDA POR ARMA DE FUEGO,30,A,HOMBRE,MASCULINO,MESTIZO/A,NO DETERMINADO,NO DETERMINADO,NINGUNA,SIN_DATO,SIN_DATO
ASESINATO,ZONA 8,D.M. GUAYAQUIL,NUEVA PROSPERINA,NUEVA PROSPERINA,09D08C01S02,NUEVA PROSPERINA 2,09,GUAYAS,0901,GUAYAQUIL,"-2,12377","-79,95942",URBANO,TERRENO BALDÍO,PUBLICO,2026/02/14,17:03:00,ARMA DE FUEGO,OTRO,DELINCUENCIA COMÚN,AMENAZA,HERIDA POR ARMA DE FUEGO,18,A,HOMBRE,MASCULINO,MESTIZO/A,SOLTERO,ECUADOR,NINGUNA,ESTADO PERSONAL,SIN_DATO
ASESINATO,ZONA 8,D.M. GUAYAQUIL,NUEVA PROSPERINA,FLOR DE BASTIÓN,09D08C04S08,FLOR DE BASTIÓN 8,09,GUAYAS,0901,GUAYAQUIL,"-2,09601","-79,96251",URBANO,VÍA PÚBLICA,PUBLICO,2026/02/15,03:30:00,ARMA DE FUEGO,PISTOLA,DELINCUENCIA COMÚN,AMENAZA,HERIDA POR ARMA DE FUEGO,28,A,HOMBRE,MASCULINO,MESTIZO/A,SOLTERO,ECUADOR,NINGUNA,ESTADO PERSONAL,SIN_DATO
ASESINATO,ZONA 5,LOS RÍOS,QUEVEDO,DIVINO NIÑO,12D03C06S02,DIVINO NIÑO 2,12,LOS RÍOS,1205,QUEVEDO,"-1,03056","-79,4622",URBANO,PARQUES Y PLAZAS,PUBLICO,2026/02/14,05:00:00,ARMA DE FUEGO,PISTOLA,DELINCUENCIA COMÚN,ROBO A PERSONAS,HERIDA POR ARMA DE FUEGO,26,A,HOMBRE,MASCULINO,MESTIZO/A,SOLTERO,ECUADOR,NINGUNA,TRABAJADOR GENERAL,SIN_DATO
ASESINATO,ZONA 7,EL ORO,PASAJE,BARBONES,07D01C05S02,BARBONES 2,07,EL ORO,0706,EL GUABO,"-3,10976","-79,89997",RURAL,PLAYA,PUBLICO,2026/02/14,22:00:00,ARMA DE FUEGO,FUSIL,DELINCUENCIA COMÚN,AMENAZA,HERIDA POR ARMA DE FUEGO,28,A,HOMBRE,MASCULINO,MESTIZO/A,SOLTERO,ECUADOR,NINGUNA,BACHILLER TÉCNICO,SIN_DATO
ASESINATO,ZONA 7,EL ORO,PASAJE,BARBONES,07D01C05S02,BARBONES 2,07,EL ORO,0706,EL GUABO,"-3,10976","-79,89997",RURAL,PLAYA,PUBLICO,2026/02/14,22:00:00,ARMA DE FUEGO,FUSIL,DELINCUENCIA COMÚN,AMENAZA,HERIDA POR ARMA DE FUEGO,41,A,HOMBRE,MASCULINO,MESTIZO/A,SOLTERO,ECUADOR,NINGUNA,TRABAJADOR GENERAL,SIN_DATO
ASESINATO,ZONA 7,EL ORO,PASAJE,OCHOA LEÓN,07D01C10S01,OCHOA LEÓN 1,07,EL ORO,0709,PASAJE,"-3,32918","-79,81126",URBANO,CASA/VILLA,PRIVADO,2026/02/14,00:02:00,ARMA DE FUEGO,PISTOLA,DELINCUENCIA COMÚN,TRÁFICO INTERNO DE DROGAS (MICROTRÁFICO),HERIDA POR ARMA DE FUEGO,25,A,HOMBRE,MASCULINO,MESTIZO/A,SOLTERO,ECUADOR,NINGUNA,TRABAJADOR GENERAL,SIN_DATO
ASESINATO,ZONA 7,EL ORO,PASAJE,LAS PRADERAS,07D01C09S01,LAS PRADERAS 1,07,EL ORO,0709,PASAJE,"-3,33025","-79,81455",URBANO,VÍA PÚBLICA,PUBLICO,2026/02/14,17:30:00,ARMA DE FUEGO,PISTOLA,DELINCUENCIA COMÚN,TRÁFICO INTERNO DE DROGAS (MICROTRÁFICO),HERIDA POR ARMA DE FUEGO,39,A,HOMBRE,MASCULINO,MESTIZO/A,SOLTERO,ECUADOR,NINGUNA,BACHILLER CIENCIAS,SIN_DATO
ASESINATO,ZONA 7,EL ORO,PASAJE,LAS PRADERAS,07D01C09S01,LAS PRADERAS 1,07,EL ORO,0709,PASAJE,"-3,33025","-79,81455",URBANO,VÍA PÚBLICA,PUBLICO,2026/02/14,17:30:00,ARMA DE FUEGO,PISTOLA,DELINCUENCIA COMÚN,TRÁFICO INTERNO DE DROGAS (MICROTRÁFICO),HERIDA POR ARMA DE FUEGO,15,A,MUJER,FEMENINO,MESTIZO/A,SOLTERO,ECUADOR,NINGUNA,ESTADO PERSONAL,SIN_DATO
ASESINATO,ZONA 5,LOS RÍOS,BABAHOYO,UNIVERSIDAD,12D01C08S02,UNIVERSIDAD 2,12,LOS RÍOS,1201,BABAHOYO,"-1,80879","-79,50923",URBANO,VÍA PÚBLICA,PUBLICO,2026/02/14,20:00:00,ARMA DE FUEGO,REVOLVER,DELINCUENCIA COMÚN,AMENAZA,HERIDA POR ARMA DE FUEGO,16,A,HOMBRE,MASCULINO,MESTIZO/A,SOLTERO,ECUADOR,NINGUNA,ESTADO PERSONAL,SIN_DATO
ASESINATO,ZONA 5,LOS RÍOS,BABAHOYO,UNIVERSIDAD,12D01C08S02,UNIVERSIDAD 2,12,LOS RÍOS,1201,BABAHOYO,"-1,80879","-79,50923",URBANO,VÍA PÚBLICA,PUBLICO,2026/02/14,20:00:00,ARMA DE FUEGO,REVOLVER,DELINCUENCIA COMÚN,AMENAZA,HERIDA POR ARMA DE FUEGO,34,A,HOMBRE,MASCULINO,MESTIZO/A,SOLTERO,ECUADOR,NINGUNA,TRABAJADOR GENERAL,SIN_DATO
ASESINATO,ZONA 1,SUCUMBÍOS,SHUSHUFINDI,SHUSHUFINDI CENTRO,21D04C02S01,SHUSHUFINDI CENTRO 1,21,SUCUMBÍOS,2104,SHUSHUFINDI,"-0,1882","-76,64576",URBANO,VÍA PÚBLICA,PUBLICO,2026/02/14,18:20:00,ARMA DE FUEGO,PISTOLA,DELINCUENCIA COMÚN,AMENAZA,HERIDA POR ARMA DE FUEGO,31,A,HOMBRE,MASCULINO,MESTIZO/A,SOLTERO,ECUADOR,NINGUNA,ARTESANO/OFICIO,BACHILLERATO
ASESINATO,ZONA 5,GUAYAS,PEDRO CARBO,LOMAS DE SARGENTILLO,09D14C05S01,LOMAS DE SARGENTILLO 1,09,GUAYAS,0924,LOMAS DE SARGENTILLO,"-1,86605","-80,10222",URBANO,CASA/VILLA,PRIVADO,2026/02/15,01:00:00,ARMA DE FUEGO,PISTOLA,DELINCUENCIA COMÚN,AMENAZA,HERIDA POR ARMA DE FUEGO,38,A,HOMBRE,MASCULINO,MESTIZO/A,SOLTERO,ECUADOR,NINGUNA,MAESTRO DE OBRA/CONSTRUCCIÓN,SIN_DATO
ASESINATO,ZONA 5,GUAYAS,PEDRO CARBO,LOMAS DE SARGENTILLO,09D14C05S01,LOMAS DE SARGENTILLO 1,09,GUAYAS,0924,LOMAS DE SARGENTILLO,"-1,8722","-80,08974",URBANO,VÍA PÚBLICA,PUBLICO,2026/02/14,02:00:00,ARMA DE FUEGO,PISTOLA,DELINCUENCIA COMÚN,AMENAZA,HERIDA POR ARMA DE FUEGO,32,A,HOMBRE,MASCULINO,MESTIZO/A,CASADO,ECUADOR,NINGUNA,AYUDANTE/JORNALERO,SIN_DATO
ASESINATO,ZONA 7,EL ORO,MACHALA,WILSON FRANCO,07D02C18S01,WILSON FRANCO 1,07,EL ORO,0701,MACHALA,"-3,26967","-79,99612",URBANO,VÍA PÚBLICA,PUBLICO,2026/02/15,12:20:00,ARMA DE FUEGO,FUSIL,DELINCUENCIA COMÚN,TRÁFICO INTERNO DE DROGAS (MICROTRÁFICO),HERIDA POR ARMA DE FUEGO,40,A,HOMBRE,MASCULINO,MESTIZO/A,SOLTERO,ECUADOR,NINGUNA,AYUDANTE/JORNALERO,SIN_DATO
ASESINATO,ZONA 7,EL ORO,MACHALA,WILSON FRANCO,07D02C18S01,WILSON FRANCO 1,07,EL ORO,0701,MACHALA,"-3,26967","-79,99612",URBANO,VÍA PÚBLICA,PUBLICO,2026/02/15,12:20:00,ARMA DE FUEGO,FUSIL,DELINCUENCIA COMÚN,TRÁFICO INTERNO DE DROGAS (MICROTRÁFICO),HERIDA POR ARMA DE FUEGO,40,A,HOMBRE,MASCULINO,MESTIZO/A,CASADO,ECUADOR,NINGUNA,TRABAJADOR COMERCIAL,SIN_DATO
ASESINATO,ZONA 7,EL ORO,MACHALA,WILSON FRANCO,07D02C18S01,WILSON FRANCO 1,07,EL ORO,0701,MACHALA,"-3,26967","-79,99612",URBANO,VÍA PÚBLICA,PUBLICO,2026/02/15,12:20:00,ARMA DE FUEGO,FUSIL,DELINCUENCIA COMÚN,TRÁFICO INTERNO DE DROGAS (MICROTRÁFICO),HERIDA POR ARMA DE FUEGO,39,A,HOMBRE,MASCULINO,MESTIZO/A,SOLTERO,ECUADOR,NINGUNA,TRABAJADOR GENERAL,SIN_DATO
ASESINATO,ZONA 7,EL ORO,MACHALA,WILSON FRANCO,07D02C18S01,WILSON FRANCO 1,07,EL ORO,0701,MACHALA,"-3,26967","-79,99612",URBANO,VÍA PÚBLICA,PUBLICO,2026/02/15,12:20:00,ARMA DE FUEGO,FUSIL,DELINCUENCIA COMÚN,TRÁFICO INTERNO DE DROGAS (MICROTRÁFICO),HERIDA POR ARMA DE FUEGO,39,A,HOMBRE,MASCULINO,MESTIZO/A,SOLTERO,ECUADOR,NINGUNA,TRABAJADOR GENERAL,SIN_DATO
ASESINATO,ZONA 7,EL ORO,MACHALA,SIMÓN BOLÍVAR,07D02C19S01,SIMÓN BOLÍVAR 1,07,EL ORO,0701,MACHALA,"-3,25494","-79,98401",URBANO,VÍA PÚBLICA,PUBLICO,2026/02/15,15:00:00,ARMA DE FUEGO,PISTOLA,DELINCUENCIA COMÚN,AMENAZA,HERIDA POR ARMA DE FUEGO,28,A,HOMBRE,MASCULINO,MESTIZO/A,NO DETERMINADO,ECUADOR,NINGUNA,SIN_DATO,SIN_DATO
ASESINATO,ZONA 7,EL ORO,MACHALA,LA FERROVIARIA,07D02C15S01,LA FERROVIARIA 1,07,EL ORO,0701,MACHALA,"-3,27089","-79,93314",URBANO,VÍA PÚBLICA,PUBLICO,2026/02/14,11:20:00,ARMA DE FUEGO,PISTOLA,DELINCUENCIA COMÚN,AMENAZA,HERIDA POR ARMA DE FUEGO,25,A,HOMBRE,MASCULINO,MESTIZO/A,SOLTERO,ECUADOR,NINGUNA,ESTADO PERSONAL,SIN_DATO
ASESINATO,ZONA 7,EL ORO,MACHALA,LA FERROVIARIA,07D02C15S01,LA FERROVIARIA 1,07,EL ORO,0701,MACHALA,"-3,27089","-79,93314",URBANO,VÍA PÚBLICA,PUBLICO,2026/02/14,11:20:00,ARMA DE FUEGO,PISTOLA,DELINCUENCIA COMÚN,AMENAZA,HERIDA POR ARMA DE FUEGO,23,A,HOMBRE,MASCULINO,MESTIZO/A,SOLTERO,ECUADOR,NINGUNA,ESTADO PERSONAL,SIN_DATO
ASESINATO,ZONA 7,EL ORO,MACHALA,SIMÓN BOLÍVAR,07D02C19S01,SIMÓN BOLÍVAR 1,07,EL ORO,0701,MACHALA,"-3,25509","-79,98211",URBANO,CASA/VILLA,PRIVADO,2026/02/14,13:30:00,ARMA DE FUEGO,OTROS ARMA CORTA,DELINCUENCIA COMÚN,TRÁFICO INTERNO DE DROGAS (MICROTRÁFICO),HERIDA POR ARMA DE FUEGO,21,A,HOMBRE,MASCULINO,MESTIZO/A,SOLTERO,ECUADOR,NINGUNA,SIN_DATO,SIN_DATO
ASESINATO,ZONA 7,EL ORO,MACHALA,LAS KATYAS,07D02C14S02,LAS KATYAS 2,07,EL ORO,0701,MACHALA,"-3,2431","-79,94345",URBANO,VÍA PÚBLICA,PUBLICO,2026/02/14,21:30:00,ARMA DE FUEGO,PISTOLA,DELINCUENCIA COMÚN,TRÁFICO INTERNO DE DROGAS (MICROTRÁFICO),HERIDA POR ARMA DE FUEGO,25,A,HOMBRE,MASCULINO,MESTIZO/A,SOLTERO,ECUADOR,NINGUNA,BACHILLER CIENCIAS,SIN_DATO
ASESINATO,ZONA 8,D.M. GUAYAQUIL,SAMBORONDÓN,TARIFA,09D23C02S01,TARIFA 1,09,GUAYAS,0916,SAMBORONDÓN,"-1,97407","-79,75137",URBANO,GASOLINERAS,PRIVADO,2026/02/15,18:50:00,ARMA DE FUEGO,OTROS ARMA CORTA,DELINCUENCIA COMÚN,TRÁFICO INTERNO DE DROGAS (MICROTRÁFICO),HERIDA POR ARMA DE FUEGO,19,A,HOMBRE,MASCULINO,MESTIZO/A,SOLTERO,ECUADOR,NINGUNA,ESTADO PERSONAL,SIN_DATO
ASESINATO,ZONA 8,D.M. GUAYAQUIL,SAMBORONDÓN,TARIFA,09D23C02S01,TARIFA 1,09,GUAYAS,0916,SAMBORONDÓN,"-1,97407","-79,75137",URBANO,GASOLINERAS,PRIVADO,2026/02/15,18:50:00,ARMA DE FUEGO,OTROS ARMA CORTA,DELINCUENCIA COMÚN,TRÁFICO INTERNO DE DROGAS (MICROTRÁFICO),HERIDA POR ARMA DE FUEGO,20,A,HOMBRE,NO APLICA,MESTIZO/A,SOLTERO,ECUADOR,NINGUNA,BACHILLER CIENCIAS,SIN_DATO
ASESINATO,ZONA 8,D.M. GUAYAQUIL,ESTEROS,MALVINAS NORTE,09D02C03S03,MALVINAS NORTE 3,09,GUAYAS,0901,GUAYAQUIL,"-2,22944","-79,91356",URBANO,VÍA PÚBLICA,PUBLICO,2026/02/15,18:40:00,ARMA DE FUEGO,PISTOLA,DELINCUENCIA COMÚN,TRÁFICO INTERNO DE DROGAS (MICROTRÁFICO),HERIDA POR ARMA DE FUEGO,SIN_DATO,SIN_DATO,HOMBRE,MASCULINO,MESTIZO/A,NO DETERMINADO,ECUADOR,NINGUNA,SIN_DATO,SIN_DATO
ASESINATO,ZONA 2,PICHINCHA,CAYAMBE,CAYAMBE SUR,17D10C03S02,CAYAMBE SUR 2,17,PICHINCHA,1702,CAYAMBE,"0,03654","-78,14691",URBANO,CASA/VILLA,PRIVADO,2026/02/15,12:00:00,ARMA BLANCA,CUCHILLO,DELINCUENCIA COMÚN,AMENAZA,HERIDA POR ARMA BLANCA,23,A,MUJER,FEMENINO,MESTIZO/A,SOLTERO,ECUADOR,NINGUNA,ESTADO PERSONAL,SIN_DATO
ASESINATO,ZONA 5,LOS RÍOS,BUENA FE,BUENA FE ESTE,12D06C04S01,BUENA FE ESTE 1,12,LOS RÍOS,1210,BUENA FE,"-0,88909","-79,48408",URBANO,CASA/VILLA,PRIVADO,2026/02/15,16:15:00,ARMA DE FUEGO,PISTOLA,DELINCUENCIA COMÚN,AMENAZA,HERIDA POR ARMA DE FUEGO,19,A,HOMBRE,MASCULINO,MESTIZO/A,SOLTERO,ECUADOR,NINGUNA,BACHILLER CIENCIAS,SIN_DATO
ASESINATO,ZONA 8,D.M. GUAYAQUIL,PASCUALES,BASTIÓN POPULAR SUR,09D07C02S03,BASTIÓN POPULAR SUR 3,09,GUAYAS,0901,GUAYAQUIL,"-2,09424","-79,92754",URBANO,VÍA PÚBLICA,PUBLICO,2026/02/15,19:30:00,ARMA DE FUEGO,PISTOLA,DELINCUENCIA COMÚN,TRÁFICO INTERNO DE DROGAS (MICROTRÁFICO),HERIDA POR ARMA DE FUEGO,26,A,HOMBRE,MASCULINO,MESTIZO/A,SOLTERO,ECUADOR,NINGUNA,TRABAJADOR GENERAL,SIN_DATO
ASESINATO,ZONA 8,D.M. GUAYAQUIL,PASCUALES,BASTIÓN POPULAR SUR,09D07C02S03,BASTIÓN POPULAR SUR 3,09,GUAYAS,0901,GUAYAQUIL,"-2,09424","-79,92754",URBANO,VÍA PÚBLICA,PUBLICO,2026/02/15,19:30:00,ARMA DE FUEGO,PISTOLA,DELINCUENCIA COMÚN,TRÁFICO INTERNO DE DROGAS (MICROTRÁFICO),HERIDA POR ARMA DE FUEGO,17,A,HOMBRE,MASCULINO,MESTIZO/A,SOLTERO,ECUADOR,NINGUNA,ESTADO PERSONAL,SIN_DATO
ASESINATO,ZONA 8,D.M. GUAYAQUIL,PASCUALES,BASTIÓN POPULAR SUR,09D07C02S03,BASTIÓN POPULAR SUR 3,09,GUAYAS,0901,GUAYAQUIL,"-2,09424","-79,92754",URBANO,VÍA PÚBLICA,PUBLICO,2026/02/15,19:30:00,ARMA DE FUEGO,PISTOLA,DELINCUENCIA COMÚN,TRÁFICO INTERNO DE DROGAS (MICROTRÁFICO),HERIDA POR ARMA DE FUEGO,49,A,HOMBRE,MASCULINO,MESTIZO/A,CASADO,ECUADOR,NINGUNA,CHOFER/CONDUCTOR,SIN_DATO
ASESINATO,ZONA 7,EL ORO,MACHALA,LA CUATRO MIL,07D02C03S01,LA CUATRO MIL 1,07,EL ORO,0701,MACHALA,"-3,27542","-79,95385",URBANO,VÍA PÚBLICA,PUBLICO,2026/02/15,21:50:00,ARMA DE FUEGO,PISTOLA,DELINCUENCIA COMÚN,AMENAZA,HERIDA POR ARMA DE FUEGO,41,A,HOMBRE,MASCULINO,MESTIZO/A,SOLTERO,ECUADOR,NINGUNA,ESTADO PERSONAL,BACHILLERATO
ASESINATO,ZONA 5,LOS RÍOS,BUENA FE,BUENA FE ESTE,12D06C04S01,BUENA FE ESTE 1,12,LOS RÍOS,1210,BUENA FE,"-0,88909","-79,48408",URBANO,CASA/VILLA,PRIVADO,2026/02/15,16:15:00,ARMA DE FUEGO,PISTOLA,VIOLENCIA COMUNITARIA,RIÑAS,HERIDA POR ARMA DE FUEGO,21,A,HOMBRE,MASCULINO,MESTIZO/A,SOLTERO,ECUADOR,NINGUNA,BACHILLER CIENCIAS,SIN_DATO
ASESINATO,ZONA 5,SANTA ELENA,LIBERTAD SALINAS,SANTA ROSA,24D02C06S03,SANTA ROSA 3,24,SANTA ELENA,2403,SALINAS,"-2,2419","-80,93614",URBANO,VÍA PÚBLICA,PUBLICO,2026/02/14,13:18:00,ARMA DE FUEGO,PISTOLA,DELINCUENCIA COMÚN,ROBO A PERSONAS,HERIDA POR ARMA DE FUEGO,31,A,HOMBRE,MASCULINO,MESTIZO/A,SOLTERO,ECUADOR,NINGUNA,SIN_DATO,SIN_DATO
ASESINATO,ZONA 8,D.M. GUAYAQUIL,PASCUALES,BASTIÓN POPULAR SUR,09D07C02S02,BASTIÓN POPULAR SUR 2,09,GUAYAS,0901,GUAYAQUIL,"-2,10098","-79,9234",URBANO,VÍA PÚBLICA,PUBLICO,2026/02/15,19:00:00,ARMA DE FUEGO,PISTOLA,DELINCUENCIA COMÚN,TRÁFICO INTERNO DE DROGAS (MICROTRÁFICO),HERIDA POR ARMA DE FUEGO,24,A,HOMBRE,MASCULINO,MESTIZO/A,SOLTERO,ECUADOR,NINGUNA,TRABAJADOR GENERAL,SIN_DATO
ASESINATO,ZONA 8,D.M. GUAYAQUIL,PASCUALES,BASTIÓN POPULAR SUR,09D07C02S01,BASTIÓN POPULAR SUR 1,09,GUAYAS,0901,GUAYAQUIL,"-2,10028","-79,93394",URBANO,VÍA PÚBLICA,PUBLICO,2026/02/15,19:20:00,ARMA DE FUEGO,PISTOLA,DELINCUENCIA COMÚN,AMENAZA,HERIDA POR ARMA DE FUEGO,8,A,HOMBRE,SIN_DATO,MESTIZO/A,SOLTERO,ECUADOR,NINGUNA,SIN_DATO,SIN_DATO
ASESINATO,ZONA 8,D.M. GUAYAQUIL,PASCUALES,BASTIÓN POPULAR SUR,09D07C02S01,BASTIÓN POPULAR SUR 1,09,GUAYAS,0901,GUAYAQUIL,"-2,10028","-79,93394",URBANO,VÍA PÚBLICA,PUBLICO,2026/02/15,19:20:00,ARMA DE FUEGO,PISTOLA,DELINCUENCIA COMÚN,AMENAZA,HERIDA POR ARMA DE FUEGO,45,A,MUJER,FEMENINO,MESTIZO/A,SOLTERO,ECUADOR,NINGUNA,TRABAJADOR COMERCIAL,BASICA
ASESINATO,ZONA 7,EL ORO,MACHALA,CRISTO DEL CONSUELO,07D02C16S02,CRISTO DEL CONSUELO 2,07,EL ORO,0701,MACHALA,"-3,25251","-79,95695",URBANO,INTERIOR DE TAXI,PRIVADO,2026/02/14,21:40:00,ARMA DE FUEGO,PISTOLA,DELINCUENCIA COMÚN,AMENAZA,HERIDA POR ARMA DE FUEGO,21,A,HOMBRE,MASCULINO,MESTIZO/A,SOLTERO,ECUADOR,NINGUNA,ESTADO PERSONAL,SIN_DATO
FEMICIDIO,ZONA 7,EL ORO,HUAQUILLAS,HUALTACO,07D05C06S03,HUALTACO 3,07,EL ORO,0707,HUAQUILLAS,"-3,48441","-80,23714",URBANO,CASA/VILLA,PRIVADO,2026/02/15,17:29:00,ARMA CONTUNDENTE,OBJETO CONTUSO,VIOLENCIA SEXUAL,VIOLACIÓN FAMILIAR DIRECTO (PERSONA CONOCIDA),HERIDAS CONTUSAS,42,A,MUJER,FEMENINO,MESTIZO/A,DIVORCIADO,ECUADOR,NINGUNA,PROFESIONAL LICENCIADO,SIN_DATO
ASESINATO,ZONA 3,PASTAZA,PASTAZA,PUYO SUR,16D01C01S02,PUYO SUR 2,16,PASTAZA,1601,PASTAZA,"-1,49601","-77,9956",URBANO,VÍA PÚBLICA,PUBLICO,2026/02/15,22:55:00,ARMA DE FUEGO,PISTOLA,DELINCUENCIA COMÚN,AMENAZA,HERIDA POR ARMA DE FUEGO,15,A,HOMBRE,MASCULINO,INDIGENA,SOLTERO,ECUADOR,NINGUNA,ESTADO PERSONAL,SIN_DATO
ASESINATO,ZONA 3,TUNGURAHUA,AMBATO NORTE,LA MATRIZ,18D01C03S02,LA MATRIZ 2,18,TUNGURAHUA,1801,AMBATO,"-1,23464","-78,6192",URBANO,HOSTALES,PRIVADO,2026/02/15,16:30:00,ARMA DE FUEGO,PISTOLA,DELINCUENCIA COMÚN,AMENAZA,HERIDA POR ARMA DE FUEGO,29,A,HOMBRE,MASCULINO,NO DETERMINADO,NO DETERMINADO,COLOMBIA,NINGUNA,SIN_DATO,SIN_DATO
ASESINATO,ZONA 8,D.M. GUAYAQUIL,FLORIDA,FLORIDA,09D06C05S01,FLORIDA 1,09,GUAYAS,0901,GUAYAQUIL,"-2,1352","-79,94696",URBANO,CANCHAS DE USO MÚLTIPLE,PUBLICO,2026/02/15,19:30:00,ARMA DE FUEGO,PISTOLA,DELINCUENCIA COMÚN,AMENAZA,HERIDA POR ARMA DE FUEGO,23,A,HOMBRE,MASCULINO,MESTIZO/A,SOLTERO,ECUADOR,NINGUNA,ESTADO PERSONAL,SIN_DATO
ASESINATO,ZONA 4,MANABÍ,PORTOVIEJO,CRUCITA,13D01C10S01,CRUCITA 1,13,MANABÍ,1301,PORTOVIEJO,"-0,84826","-80,5337",URBANO,RESTAURANTE,PRIVADO,2026/02/15,19:00:00,ARMA DE FUEGO,PISTOLA,DELINCUENCIA COMÚN,TRÁFICO INTERNO DE DROGAS (MICROTRÁFICO),HERIDA POR ARMA DE FUEGO,46,A,HOMBRE,MASCULINO,MESTIZO/A,DIVORCIADO,ECUADOR,NINGUNA,CHOFER/CONDUCTOR,SIN_DATO
ASESINATO,ZONA 8,D.M. GUAYAQUIL,PROGRESO,POSORJA,09D10C02S01,POSORJA 1,09,GUAYAS,0901,GUAYAQUIL,"-2,71162","-80,24419",URBANO,VÍA PÚBLICA,PUBLICO,2026/02/16,02:00:00,ARMA DE FUEGO,OTROS ARMA CORTA,DELINCUENCIA COMÚN,AMENAZA,HERIDA POR ARMA DE FUEGO,16,A,HOMBRE,MASCULINO,MESTIZO/A,SOLTERO,ECUADOR,NINGUNA,ESTADO PERSONAL,SIN_DATO
ASESINATO,ZONA 8,D.M. GUAYAQUIL,NUEVA PROSPERINA,NUEVO GUAYAQUIL,09D08C06S01,NUEVO GUAYAQUIL 1,09,GUAYAS,0901,GUAYAQUIL,"-2,11491","-79,97744",RURAL,VÍA PÚBLICA,PUBLICO,2026/02/15,13:30:00,ARMA BLANCA,MACHETE,DELINCUENCIA COMÚN,AMENAZA,HERIDA POR ARMA BLANCA,54,A,HOMBRE,MASCULINO,MESTIZO/A,SOLTERO,ECUADOR,NINGUNA,AYUDANTE/JORNALERO,SIN_DATO
ASESINATO,ZONA 5,GUAYAS,PEDRO CARBO,PEDRO CARBO,09D14C01S01,PEDRO CARBO 1,09,GUAYAS,0914,PEDRO CARBO,"-1,81721","-80,22897",URBANO,CASA/VILLA,PRIVADO,2026/02/16,01:00:00,ARMA DE FUEGO,PISTOLA,DELINCUENCIA COMÚN,TRÁFICO INTERNO DE DROGAS (MICROTRÁFICO),HERIDA POR ARMA DE FUEGO,21,A,HOMBRE,MASCULINO,MESTIZO/A,SOLTERO,ECUADOR,NINGUNA,BACHILLER CIENCIAS,SIN_DATO
ASESINATO,ZONA 8,D.M. GUAYAQUIL,PORTETE,PORTETE,09D04C04S04,PORTETE 4,09,GUAYAS,0901,GUAYAQUIL,"-2,19134","-79,92828",URBANO,CASA/VILLA,PRIVADO,2026/02/16,08:20:00,ARMA BLANCA,HACHA,DELINCUENCIA COMÚN,AMENAZA,HERIDA POR ARMA BLANCA,41,A,HOMBRE,MASCULINO,MESTIZO/A,SOLTERO,ECUADOR,NINGUNA,TRABAJADOR GENERAL,SIN_DATO
ASESINATO,ZONA 1,SUCUMBÍOS,LAGO AGRIO,EL DORADO,21D02C02S01,EL DORADO 1,21,SUCUMBÍOS,2101,LAGO AGRIO,"0,0897","-76,89047",URBANO,VÍA PÚBLICA,PUBLICO,2026/02/15,00:10:00,ARMA DE FUEGO,OTROS ARMA CORTA,DELINCUENCIA COMÚN,TRÁFICO INTERNO DE DROGAS (MICROTRÁFICO),HERIDA POR ARMA DE FUEGO,19,A,HOMBRE,MASCULINO,MESTIZO/A,SOLTERO,ECUADOR,NINGUNA,ESTADO PERSONAL,SIN_DATO
ASESINATO,ZONA 8,D.M. GUAYAQUIL,DURÁN,RECREO,09D24C05S08,RECREO 8,09,GUAYAS,0907,DURÁN,"-2,17758","-79,82649",URBANO,VÍA PÚBLICA,PUBLICO,2026/02/16,15:30:00,ARMA DE FUEGO,PISTOLA,DELINCUENCIA COMÚN,AMENAZA,HERIDA POR ARMA DE FUEGO,45,A,HOMBRE,MASCULINO,MESTIZO/A,SOLTERO,ECUADOR,NINGUNA,TRABAJADOR COMERCIAL,SIN_DATO
ASESINATO,ZONA 8,D.M. GUAYAQUIL,SUR - DMG,FLORESTA,09D01C03S01,FLORESTA 1,09,GUAYAS,0901,GUAYAQUIL,"-2,25984","-79,87511",URBANO,VÍA PÚBLICA,PUBLICO,2026/02/16,18:30:00,ARMA DE FUEGO,PISTOLA,DELINCUENCIA COMÚN,TRÁFICO INTERNO DE DROGAS (MICROTRÁFICO),HERIDA POR ARMA DE FUEGO,24,A,HOMBRE,MASCULINO,MESTIZO/A,SOLTERO,ECUADOR,NINGUNA,ESTADO PERSONAL,SIN_DATO
ASESINATO,ZONA 7,EL ORO,HUAQUILLAS,HUALTACO,07D05C06S01,HUALTACO 1,07,EL ORO,0707,HUAQUILLAS,"-3,46622","-80,23052",URBANO,VÍA PÚBLICA,PUBLICO,2026/02/16,04:00:00,ARMA DE FUEGO,PISTOLA,DELINCUENCIA COMÚN,AMENAZA,HERIDA POR ARMA DE FUEGO,20,A,HOMBRE,MASCULINO,MESTIZO/A,SOLTERO,ECUADOR,NINGUNA,BACHILLER CIENCIAS,SIN_DATO
ASESINATO,ZONA 9,D.M. QUITO,LA DELICIA,PONCIANO,17D03C09S01,PONCIANO 1,17,PICHINCHA,1701,QUITO,"-0,1148","-78,48989",URBANO,VÍA PÚBLICA,PUBLICO,2026/02/16,22:50:00,ARMA DE FUEGO,PISTOLA,DELINCUENCIA COMÚN,TRÁFICO INTERNO DE DROGAS (MICROTRÁFICO),HERIDA POR ARMA DE FUEGO,52,A,HOMBRE,MASCULINO,MESTIZO/A,DIVORCIADO,ECUADOR,NINGUNA,ARTESANO/OFICIO,PRIMARIA
HOMICIDIO,ZONA 3,COTOPAXI,SIGCHOS,SIGCHOS,05D05C01S01,SIGCHOS 1,05,COTOPAXI,0507,SIGCHOS,"-0,6967","-78,88111",URBANO,VÍA PÚBLICA,PUBLICO,2026/02/16,19:30:00,ARMA BLANCA,CUCHILLO,VIOLENCIA COMUNITARIA,RIÑAS,HERIDA POR ARMA BLANCA,46,A,HOMBRE,MASCULINO,MESTIZO/A,SOLTERO,ECUADOR,NINGUNA,ESTADO PERSONAL,SIN_DATO
ASESINATO,ZONA 8,D.M. GUAYAQUIL,FLORIDA,MAPASINGUE,09D06C06S03,MAPASINGUE 3,09,GUAYAS,0901,GUAYAQUIL,"-2,14906","-79,93863",URBANO,VÍA PÚBLICA,PUBLICO,2026/02/17,01:30:00,ARMA DE FUEGO,PISTOLA,DELINCUENCIA COMÚN,TRÁFICO INTERNO DE DROGAS (MICROTRÁFICO),HERIDA POR ARMA DE FUEGO,22,A,HOMBRE,MASCULINO,MESTIZO/A,SOLTERO,ECUADOR,NINGUNA,ESTADO PERSONAL,SIN_DATO
ASESINATO,ZONA 8,D.M. GUAYAQUIL,FLORIDA,MAPASINGUE,09D06C06S03,MAPASINGUE 3,09,GUAYAS,0901,GUAYAQUIL,"-2,14906","-79,93863",URBANO,VÍA PÚBLICA,PUBLICO,2026/02/17,01:30:00,ARMA DE FUEGO,PISTOLA,DELINCUENCIA COMÚN,TRÁFICO INTERNO DE DROGAS (MICROTRÁFICO),HERIDA POR ARMA DE FUEGO,17,A,HOMBRE,MASCULINO,MESTIZO/A,SOLTERO,ECUADOR,NINGUNA,ESTADO PERSONAL,SIN_DATO
ASESINATO,ZONA 8,D.M. GUAYAQUIL,FLORIDA,MAPASINGUE,09D06C06S03,MAPASINGUE 3,09,GUAYAS,0901,GUAYAQUIL,"-2,14906","-79,93863",URBANO,VÍA PÚBLICA,PUBLICO,2026/02/17,01:30:00,ARMA DE FUEGO,PISTOLA,DELINCUENCIA COMÚN,TRÁFICO INTERNO DE DROGAS (MICROTRÁFICO),HERIDA POR ARMA DE FUEGO,38,A,HOMBRE,MASCULINO,MESTIZO/A,SOLTERO,ECUADOR,NINGUNA,ARTESANO/OFICIO,SIN_DATO
ASESINATO,ZONA 8,D.M. GUAYAQUIL,FLORIDA,MARTHA DE ROLDÓS,09D06C02S01,MARTHA DE ROLDÓS 1,09,GUAYAS,0901,GUAYAQUIL,"-2,1541","-79,91847",URBANO,VÍA PÚBLICA,PUBLICO,2026/02/16,00:10:00,ARMA DE FUEGO,PISTOLA,DELINCUENCIA COMÚN,TRÁFICO INTERNO DE DROGAS (MICROTRÁFICO),HERIDA POR ARMA DE FUEGO,25,A,HOMBRE,MASCULINO,MESTIZO/A,SOLTERO,ECUADOR,NINGUNA,BACHILLER CIENCIAS,SIN_DATO
ASESINATO,ZONA 5,LOS RÍOS,BABAHOYO,MATA DE CACAO,12D01C12S03,MATA DE CACAO 3,12,LOS RÍOS,1201,BABAHOYO,"-1,93541","-79,42236",RURAL,CASA/VILLA,PRIVADO,2026/02/16,19:45:00,ARMA DE FUEGO,PISTOLA,DELINCUENCIA COMÚN,AMENAZA,HERIDA POR ARMA DE FUEGO,65,A,HOMBRE,MASCULINO,MESTIZO/A,DIVORCIADO,ECUADOR,NINGUNA,ESTADO PERSONAL,SIN_DATO
ASESINATO,ZONA 5,GUAYAS,EMPALME,EMPALME CENTRO,09D15C06S01,EMPALME CENTRO 1,09,GUAYAS,0908,EL EMPALME,"-1,04695","-79,61953",RURAL,VÍA PÚBLICA,PUBLICO,2026/02/16,06:00:00,ARMA BLANCA,CORTO PUNZANTE,DELINCUENCIA COMÚN,AMENAZA,HERIDA POR ARMA BLANCA,61,A,HOMBRE,MASCULINO,MESTIZO/A,SOLTERO,ECUADOR,NINGUNA,TRABAJADOR GENERAL,SIN_DATO
HOMICIDIO,ZONA 6,AZUAY,CUENCA NORTE,QUINTA CHICA,01D01C10S01,QUINTA CHICA 1,01,AZUAY,0101,CUENCA,"-2,88669","-78,96245",URBANO,VÍA PÚBLICA,PUBLICO,2026/02/17,00:30:00,ARMA CONTUNDENTE,OBJETO CONTUSO,VIOLENCIA COMUNITARIA,RIÑAS,HERIDAS CONTUSAS,43,A,HOMBRE,MASCULINO,MESTIZO/A,SOLTERO,ECUADOR,NINGUNA,ARTESANO/OFICIO,SIN_DATO
ASESINATO,ZONA 1,ESMERALDAS,ESMERALDAS,ESMERALDAS LIBRE,08D01C10S01,ESMERALDAS LIBRE 1,08,ESMERALDAS,0801,ESMERALDAS,"0,95908","-79,65827",URBANO,CASA/VILLA,PRIVADO,2026/02/17,04:20:00,ARMA DE FUEGO,PISTOLA,DELINCUENCIA COMÚN,AMENAZA,HERIDA POR ARMA DE FUEGO,19,A,HOMBRE,MASCULINO,AFRO,SOLTERO,ECUADOR,NINGUNA,BACHILLER CIENCIAS,SIN_DATO
ASESINATO,ZONA 1,ESMERALDAS,ESMERALDAS,ESMERALDAS LIBRE,08D01C10S01,ESMERALDAS LIBRE 1,08,ESMERALDAS,0801,ESMERALDAS,"0,95908","-79,65827",URBANO,CASA/VILLA,PRIVADO,2026/02/17,04:20:00,ARMA DE FUEGO,PISTOLA,DELINCUENCIA COMÚN,AMENAZA,HERIDA POR ARMA DE FUEGO,28,A,MUJER,FEMENINO,AFRO,SOLTERO,ECUADOR,NINGUNA,ESTADO PERSONAL,SIN_DATO
ASESINATO,ZONA 5,LOS RÍOS,BUENA FE,LA NUEVA UNIÓN,12D06C07S01,LA NUEVA UNIÓN 1,12,LOS RÍOS,1211,VALENCIA,"-0,94351","-79,32153",URBANO,VÍA PÚBLICA,PUBLICO,2026/02/16,18:00:00,ARMA DE FUEGO,PISTOLA,DELINCUENCIA COMÚN,AMENAZA,HERIDA POR ARMA DE FUEGO,29,A,HOMBRE,MASCULINO,MESTIZO/A,SOLTERO,ECUADOR,NINGUNA,ESTADO PERSONAL,SIN_DATO
ASESINATO,ZONA 1,ESMERALDAS,ESMERALDAS,GUACHARACA,08D01C11S01,GUACHARACA 1,08,ESMERALDAS,0801,ESMERALDAS,"0,94942","-79,65822",URBANO,VÍA PÚBLICA,PUBLICO,2026/02/17,06:30:00,ARMA DE FUEGO,PISTOLA,DELINCUENCIA COMÚN,AMENAZA,HERIDA POR ARMA DE FUEGO,23,A,HOMBRE,MASCULINO,AFRO,SOLTERO,ECUADOR,NINGUNA,BACHILLER CIENCIAS,SIN_DATO
ASESINATO,ZONA 1,ESMERALDAS,ESMERALDAS,CENTRO,08D01C13S01,CENTRO 1,08,ESMERALDAS,0801,ESMERALDAS,"0,96188","-79,65093",URBANO,VÍA PÚBLICA,PUBLICO,2026/02/17,01:10:00,ARMA DE FUEGO,PISTOLA,DELINCUENCIA COMÚN,AMENAZA,HERIDA POR ARMA DE FUEGO,26,A,HOMBRE,MASCULINO,AFRO,SOLTERO,ECUADOR,NINGUNA,TRABAJADOR GENERAL,SIN_DATO
ASESINATO,ZONA 8,D.M. GUAYAQUIL,FLORIDA,MARTHA DE ROLDÓS,09D06C02S02,MARTHA DE ROLDÓS 2,09,GUAYAS,0901,GUAYAQUIL,"-2,14195","-79,92297",URBANO,VÍA PÚBLICA,PUBLICO,2026/02/16,13:00:00,ARMA DE FUEGO,OTRO,DELINCUENCIA COMÚN,AMENAZA,HERIDA POR ARMA DE FUEGO,26,A,HOMBRE,MASCULINO,MESTIZO/A,SOLTERO,ECUADOR,NINGUNA,ESTADO PERSONAL,BASICA
ASESINATO,ZONA 4,MANABÍ,MANTA,LA FABRIL,13D02C17S02,LA FABRIL 2,13,MANABÍ,1309,MONTECRISTI,"-0,98607","-80,6768",URBANO,VÍA PÚBLICA,PUBLICO,2026/02/17,01:30:00,ARMA DE FUEGO,PISTOLA,DELINCUENCIA COMÚN,AMENAZA,HERIDA POR ARMA DE FUEGO,20,A,HOMBRE,MASCULINO,MESTIZO/A,SOLTERO,ECUADOR,NINGUNA,ESTADO PERSONAL,SIN_DATO
ASESINATO,ZONA 7,EL ORO,HUAQUILLAS,ARENILLAS,07D05C02S01,ARENILLAS 1,07,EL ORO,0702,ARENILLAS,"-3,56654","-80,04444",RURAL,VÍA PÚBLICA,PUBLICO,2026/02/16,17:59:00,ARMA DE FUEGO,PISTOLA,DELINCUENCIA COMÚN,AMENAZA,HERIDA POR ARMA DE FUEGO,39,A,HOMBRE,MASCULINO,MESTIZO/A,SOLTERO,ECUADOR,NINGUNA,TRABAJADOR GENERAL,SIN_DATO
ASESINATO,ZONA 5,SANTA ELENA,LIBERTAD SALINAS,SANTA ROSA,24D02C06S01,SANTA ROSA 1,24,SANTA ELENA,2403,SALINAS,"-2,21222","-80,95027",URBANO,VÍA PÚBLICA,PUBLICO,2026/02/16,22:00:00,ARMA DE FUEGO,PISTOLA,DELINCUENCIA COMÚN,AMENAZA,HERIDA POR ARMA DE FUEGO,20,A,HOMBRE,MASCULINO,MESTIZO/A,SOLTERO,ECUADOR,NINGUNA,ESTADO PERSONAL,SIN_DATO
ASESINATO,ZONA 5,GUAYAS,DAULE,DAULE CENTRO,09D19C03S01,DAULE CENTRO 1,09,GUAYAS,0906,DAULE,"-1,82099","-79,98063",RURAL,VÍA PÚBLICA,PUBLICO,2026/02/17,00:26:00,ARMA DE FUEGO,PISTOLA,DELINCUENCIA COMÚN,AMENAZA,HERIDA POR ARMA DE FUEGO,35,A,HOMBRE,MASCULINO,MESTIZO/A,SOLTERO,ECUADOR,NINGUNA,TRABAJADOR COMERCIAL,SIN_DATO
HOMICIDIO,ZONA 9,D.M. QUITO,LA DELICIA,SAN ANTONIO ALTO,17D03C11S01,SAN ANTONIO ALTO 1,17,PICHINCHA,1701,QUITO,"0,02123","-78,46865",URBANO,VÍA PÚBLICA,PUBLICO,2026/02/16,20:00:00,ARMA DE FUEGO,PISTOLA,DELINCUENCIA COMÚN,AMENAZA,HERIDA POR ARMA DE FUEGO,50,A,HOMBRE,MASCULINO,MESTIZO/A,NO DETERMINADO,OTROS,NINGUNA,SIN_DATO,SIN_DATO
HOMICIDIO,ZONA 9,D.M. QUITO,QUITUMBE,CHILLOGALLO,17D07C01S04,CHILLOGALLO 4,17,PICHINCHA,1701,QUITO,"-0,26635","-78,56894",URBANO,VÍA PÚBLICA,PUBLICO,2026/02/17,08:40:00,ARMA BLANCA,CUCHILLO,VIOLENCIA COMUNITARIA,RIÑAS,HERIDA POR ARMA BLANCA,17,A,HOMBRE,MASCULINO,MESTIZO/A,SOLTERO,ECUADOR,NINGUNA,ESTADO PERSONAL,SIN_DATO
ASESINATO,ZONA 4,MANABÍ,MANTA,LA FABRIL,13D02C17S02,LA FABRIL 2,13,MANABÍ,1309,MONTECRISTI,"-0,98607","-80,6768",URBANO,VÍA PÚBLICA,PUBLICO,2026/02/17,02:05:00,ARMA DE FUEGO,PISTOLA,DELINCUENCIA COMÚN,AMENAZA,HERIDA POR ARMA DE FUEGO,21,A,HOMBRE,MASCULINO,MESTIZO/A,SOLTERO,ECUADOR,NINGUNA,ESTADO PERSONAL,SIN_DATO
HOMICIDIO,ZONA 9,D.M. QUITO,ELOY ALFARO - DMQ,CHILIBULO,17D06C01S01,CHILIBULO 1,17,PICHINCHA,1701,QUITO,"-0,24501","-78,54595",URBANO,CASA/VILLA,PRIVADO,2026/02/17,09:30:00,ARMA DE FUEGO,PISTOLA,VIOLENCIA COMUNITARIA,RIÑAS,HERIDA POR ARMA DE FUEGO,41,A,HOMBRE,MASCULINO,MESTIZO/A,NO DETERMINADO,NO DETERMINADO,NINGUNA,SIN_DATO,SIN_DATO
ASESINATO,ZONA 1,ESMERALDAS,SAN LORENZO,FRONTERA,08D05C01S03,FRONTERA 3,08,ESMERALDAS,0805,SAN LORENZO,"1,28902","-78,83711",URBANO,VÍA PÚBLICA,PUBLICO,2026/02/17,00:30:00,ARMA DE FUEGO,PISTOLA,DELINCUENCIA COMÚN,AMENAZA,HERIDA POR ARMA DE FUEGO,34,A,HOMBRE,MASCULINO,MESTIZO/A,CASADO,ECUADOR,NINGUNA,TRABAJADOR GENERAL,BACHILLERATO
ASESINATO,ZONA 4,MANABÍ,CHONE,SAN ANTONIO,13D07C11S02,SAN ANTONIO 2,13,MANABÍ,1303,CHONE,"-0,68326","-80,23101",URBANO,VÍA PÚBLICA,PUBLICO,2026/02/14,15:00:00,ARMA DE FUEGO,REVOLVER,DELINCUENCIA COMÚN,TRÁFICO INTERNO DE DROGAS (MICROTRÁFICO),HERIDA POR ARMA DE FUEGO,40,A,HOMBRE,MASCULINO,MESTIZO/A,SOLTERO,ECUADOR,NINGUNA,TRABAJADOR GENERAL,SIN_DATO
ASESINATO,ZONA 8,D.M. GUAYAQUIL,PORTETE,SALINAS,09D04C03S04,SALINAS 4,09,GUAYAS,0901,GUAYAQUIL,"-2,19305","-79,91769",URBANO,VÍA PÚBLICA,PUBLICO,2026/02/16,17:20:00,ARMA DE FUEGO,PISTOLA,DELINCUENCIA COMÚN,TRÁFICO INTERNO DE DROGAS (MICROTRÁFICO),HERIDA POR ARMA DE FUEGO,15,A,HOMBRE,MASCULINO,INDIGENA,SOLTERO,ECUADOR,NINGUNA,ESTADO PERSONAL,SIN_DATO
ASESINATO,ZONA 6,CAÑAR,LA TRONCAL,TRONCAL CENTRO,03D03C02S01,TRONCAL CENTRO 1,03,CAÑAR,0304,LA TRONCAL,"-2,34938","-79,31205",RURAL,MAR,PUBLICO,2026/02/17,17:30:00,ARMA BLANCA,CORTO PUNZANTE,DELINCUENCIA COMÚN,AMENAZA,HERIDA POR ARMA BLANCA,SIN_DATO,SIN_DATO,HOMBRE,MASCULINO,NO DETERMINADO,NO DETERMINADO,NO DETERMINADO,NINGUNA,SIN_DATO,SIN_DATO
ASESINATO,ZONA 8,D.M. GUAYAQUIL,FLORIDA,JUAN MONTALVO,09D06C04S02,JUAN MONTALVO 2,09,GUAYAS,0901,GUAYAQUIL,"-2,12867","-79,91695",URBANO,VÍA PÚBLICA,PUBLICO,2026/02/17,15:40:00,ARMA DE FUEGO,PISTOLA,DELINCUENCIA COMÚN,AMENAZA,HERIDA POR ARMA DE FUEGO,35,A,HOMBRE,MASCULINO,MESTIZO/A,CASADO,ECUADOR,NINGUNA,BACHILLER TÉCNICO,SIN_DATO
ASESINATO,ZONA 8,D.M. GUAYAQUIL,FLORIDA,JUAN MONTALVO,09D06C04S02,JUAN MONTALVO 2,09,GUAYAS,0901,GUAYAQUIL,"-2,12867","-79,91695",URBANO,VÍA PÚBLICA,PUBLICO,2026/02/17,15:42:00,ARMA DE FUEGO,PISTOLA,DELINCUENCIA COMÚN,AMENAZA,HERIDA POR ARMA DE FUEGO,31,A,MUJER,FEMENINO,MESTIZO/A,CASADO,ECUADOR,NINGUNA,BACHILLER TÉCNICO,SIN_DATO
ASESINATO,ZONA 4,STO DGO DE LOS TSÁCHILAS,LA CONCORDIA,CONCORDIA NORTE,23D03C01S02,CONCORDIA NORTE 2,23,STO DGO DE LOS TSÁCHILAS,2302,LA CONCORDIA,"0,00494","-79,3914",URBANO,VÍA PÚBLICA,PUBLICO,2026/02/17,19:21:00,ARMA DE FUEGO,FUSIL,DELINCUENCIA COMÚN,AMENAZA,HERIDA POR ARMA DE FUEGO,36,A,HOMBRE,MASCULINO,MESTIZO/A,SOLTERO,ECUADOR,NINGUNA,SERVIDOR PÚBLICO,SIN_DATO
ASESINATO,ZONA 4,STO DGO DE LOS TSÁCHILAS,LA CONCORDIA,CONCORDIA NORTE,23D03C01S02,CONCORDIA NORTE 2,23,STO DGO DE LOS TSÁCHILAS,2302,LA CONCORDIA,"0,00494","-79,3914",URBANO,VÍA PÚBLICA,PUBLICO,2026/02/17,19:21:00,ARMA DE FUEGO,FUSIL,DELINCUENCIA COMÚN,AMENAZA,HERIDA POR ARMA DE FUEGO,46,A,HOMBRE,MASCULINO,MESTIZO/A,SOLTERO,ECUADOR,NINGUNA,TRABAJADOR GENERAL,SIN_DATO
ASESINATO,ZONA 8,D.M. GUAYAQUIL,NUEVA PROSPERINA,PARAÍSO LA FLOR,09D08C03S04,PARAÍSO LA FLOR 4,09,GUAYAS,0901,GUAYAQUIL,"-2,10478","-79,96783",URBANO,VÍA PÚBLICA,PUBLICO,2026/02/17,19:30:00,ARMA DE FUEGO,PISTOLA,DELINCUENCIA COMÚN,TRÁFICO INTERNO DE DROGAS (MICROTRÁFICO),HERIDA POR ARMA DE FUEGO,SIN_DATO,SIN_DATO,HOMBRE,MASCULINO,MESTIZO/A,NO DETERMINADO,OTROS,NINGUNA,SIN_DATO,SIN_DATO
ASESINATO,ZONA 5,GUAYAS,NARANJAL BALAO,VILLA NUEVA,09D12C08S01,VILLA NUEVA 1,09,GUAYAS,0911,NARANJAL,"-2,56501","-79,54623",RURAL,VÍA PÚBLICA,PUBLICO,2026/02/17,17:30:00,ARMA DE FUEGO,PISTOLA,DELINCUENCIA COMÚN,AMENAZA,HERIDA POR ARMA DE FUEGO,31,A,HOMBRE,MASCULINO,MESTIZO/A,SOLTERO,ECUADOR,NINGUNA,ESTADO PERSONAL,SIN_DATO
ASESINATO,ZONA 5,GUAYAS,NARANJAL BALAO,VILLA NUEVA,09D12C08S01,VILLA NUEVA 1,09,GUAYAS,0911,NARANJAL,"-2,56501","-79,54623",RURAL,VÍA PÚBLICA,PUBLICO,2026/02/17,17:30:00,ARMA DE FUEGO,PISTOLA,DELINCUENCIA COMÚN,AMENAZA,HERIDA POR ARMA DE FUEGO,29,A,HOMBRE,MASCULINO,MESTIZO/A,SOLTERO,ECUADOR,NINGUNA,ESTADO PERSONAL,BACHILLERATO
ASESINATO,ZONA 5,LOS RÍOS,BUENA FE,BUENA FE ESTE,12D06C04S01,BUENA FE ESTE 1,12,LOS RÍOS,1210,BUENA FE,"-0,88775","-79,48405",URBANO,CASA/VILLA,PRIVADO,2026/02/18,00:00:00,ARMA DE FUEGO,PISTOLA,DELINCUENCIA COMÚN,AMENAZA,HERIDA POR ARMA DE FUEGO,14,A,HOMBRE,MASCULINO,MESTIZO/A,SOLTERO,ECUADOR,NINGUNA,SIN_DATO,SIN_DATO
ASESINATO,ZONA 8,D.M. GUAYAQUIL,DURÁN,RECREO,09D24C05S04,RECREO 4,09,GUAYAS,0907,DURÁN,"-2,16464","-79,79096",URBANO,VÍA PÚBLICA,PUBLICO,2026/02/17,11:00:00,ARMA DE FUEGO,PISTOLA,DELINCUENCIA COMÚN,AMENAZA,HERIDA POR ARMA DE FUEGO,19,A,HOMBRE,MASCULINO,AFRO,SOLTERO,ECUADOR,NINGUNA,ESTADO PERSONAL,SIN_DATO
ASESINATO,ZONA 7,EL ORO,PASAJE,BAJO ALTO,07D01C04S01,BAJO ALTO 1,07,EL ORO,0706,EL GUABO,"-3,24965","-79,85377",URBANO,VÍA PÚBLICA,PUBLICO,2026/02/17,18:00:00,ARMA DE FUEGO,PISTOLA,DELINCUENCIA COMÚN,AMENAZA,HERIDA POR ARMA DE FUEGO,41,A,HOMBRE,MASCULINO,MESTIZO/A,DIVORCIADO,ECUADOR,NINGUNA,CHOFER/CONDUCTOR,SIN_DATO
ASESINATO,ZONA 5,GUAYAS,DAULE,LA YOLITA,09D19C01S01,LA YOLITA 1,09,GUAYAS,0906,DAULE,"-1,8649","-79,97921",URBANO,VÍA PÚBLICA,PUBLICO,2026/02/17,15:30:00,ARMA DE FUEGO,PISTOLA,DELINCUENCIA COMÚN,AMENAZA,HERIDA POR ARMA DE FUEGO,23,A,HOMBRE,MASCULINO,MESTIZO/A,SOLTERO,ECUADOR,NINGUNA,ESTADO PERSONAL,SIN_DATO
ASESINATO,ZONA 7,EL ORO,PASAJE,BUENA VISTA,07D01C07S01,BUENA VISTA 1,07,EL ORO,0709,PASAJE,"-3,3375","-79,84959",RURAL,PARQUES Y PLAZAS,PUBLICO,2026/02/17,05:30:00,ARMA BLANCA,OTRO,DELINCUENCIA COMÚN,AMENAZA,HERIDA POR ARMA BLANCA,18,A,HOMBRE,MASCULINO,MESTIZO/A,SOLTERO,ECUADOR,NINGUNA,ESTADO PERSONAL,SIN_DATO
ASESINATO,ZONA 2,NAPO,TENA,PALANDACOCHA,15D01C05S02,PALANDACOCHA 2,15,NAPO,1501,TENA,"-1,01108","-77,80613",URBANO,VÍA PÚBLICA,PUBLICO,2026/02/17,15:00:00,ARMA DE FUEGO,REVOLVER,DELINCUENCIA COMÚN,ROBO DE CARROS,HERIDA POR ARMA DE FUEGO,33,A,HOMBRE,MASCULINO,MESTIZO/A,SOLTERO,ECUADOR,NINGUNA,TRABAJADOR COMERCIAL,SIN_DATO
ASESINATO,ZONA 5,LOS RÍOS,VENTANAS,VENTANAS SUR,12D04C06S01,VENTANAS SUR 1,12,LOS RÍOS,1207,VENTANAS,"-1,45286","-79,46297",URBANO,VÍA PÚBLICA,PUBLICO,2026/02/17,16:30:00,ARMA DE FUEGO,OTROS ARMA CORTA,DELINCUENCIA COMÚN,AMENAZA,HERIDA POR ARMA DE FUEGO,22,A,HOMBRE,MASCULINO,MESTIZO/A,SOLTERO,ECUADOR,NINGUNA,SIN_DATO,SIN_DATO
ASESINATO,ZONA 5,GUAYAS,EMPALME,EMPALME SUROESTE,09D15C04S01,EMPALME SUROESTE 1,09,GUAYAS,0908,EL EMPALME,"-1,04986","-79,64149",URBANO,VÍA PÚBLICA,PUBLICO,2026/02/17,17:30:00,ARMA DE FUEGO,PISTOLA,DELINCUENCIA COMÚN,AMENAZA,HERIDA POR ARMA DE FUEGO,16,A,HOMBRE,MASCULINO,MESTIZO/A,SOLTERO,ECUADOR,NINGUNA,ESTADO PERSONAL,SIN_DATO
ASESINATO,ZONA 5,LOS RÍOS,QUEVEDO,CONTROL,12D03C02S01,CONTROL 1,12,LOS RÍOS,1205,QUEVEDO,"-0,98635","-79,47109",URBANO,VÍA PÚBLICA,PUBLICO,2026/02/17,21:30:00,ARMA DE FUEGO,PISTOLA,DELINCUENCIA COMÚN,AMENAZA,HERIDA POR ARMA DE FUEGO,24,A,HOMBRE,MASCULINO,MESTIZO/A,SOLTERO,ECUADOR,NINGUNA,TRABAJADOR GENERAL,SIN_DATO
HOMICIDIO,ZONA 7,LOJA,CALVAS,CHANGAIMINA,11D06C06S01,CHANGAIMINA 1,11,LOJA,1107,GONZANAMÁ,"-4,14371","-79,57619",RURAL,CASA/VILLA,PRIVADO,2026/02/17,10:00:00,SUSTANCIAS,VENENO,VIOLENCIA COMUNITARIA,DEUDAS,INTOXICACION,69,A,MUJER,FEMENINO,MESTIZO/A,VIUDO,ECUADOR,NINGUNA,ESTADO PERSONAL,SIN_DATO
ASESINATO,ZONA 5,LOS RÍOS,QUEVEDO,DIVINO NIÑO,12D03C06S01,DIVINO NIÑO 1,12,LOS RÍOS,1205,QUEVEDO,"-1,03769","-79,45599",URBANO,CASA/VILLA,PRIVADO,2026/02/17,17:30:00,ARMA DE FUEGO,PISTOLA,DELINCUENCIA COMÚN,AMENAZA,HERIDA POR ARMA DE FUEGO,25,A,HOMBRE,MASCULINO,MESTIZO/A,SOLTERO,ECUADOR,NINGUNA,ESTADO PERSONAL,PRIMARIA
ASESINATO,ZONA 8,D.M. GUAYAQUIL,9 DE OCTUBRE,9 DE OCTUBRE,09D03C03S04,9 DE OCTUBRE 4,09,GUAYAS,0901,GUAYAQUIL,"-2,18426","-79,88539",URBANO,CASA/VILLA,PRIVADO,2026/02/18,01:43:00,ARMA BLANCA,CORTO PUNZANTE,DELINCUENCIA COMÚN,AMENAZA,HERIDA POR ARMA BLANCA,47,A,HOMBRE,MASCULINO,MESTIZO/A,SOLTERO,ECUADOR,NINGUNA,TÉCNICO,SIN_DATO
ASESINATO,ZONA 8,D.M. GUAYAQUIL,PORTETE,SALINAS,09D04C03S04,SALINAS 4,09,GUAYAS,0901,GUAYAQUIL,"-2,1913","-79,92255",URBANO,VÍA PÚBLICA,PUBLICO,2026/02/17,20:30:00,ARMA DE FUEGO,PISTOLA,DELINCUENCIA COMÚN,DEFENSA PROPIA,HERIDA POR ARMA DE FUEGO,30,A,HOMBRE,MASCULINO,MESTIZO/A,SOLTERO,ECUADOR,NINGUNA,ESTADO PERSONAL,SIN_DATO
ASESINATO,ZONA 5,GUAYAS,SALITRE,VERNAZA,09D20C03S01,VERNAZA 1,09,GUAYAS,0919,SALITRE,"-1,75567","-79,82977",RURAL,TERRENO BALDÍO,PUBLICO,2026/02/17,16:00:00,ARMA DE FUEGO,PISTOLA,DELINCUENCIA COMÚN,AMENAZA,HERIDA POR ARMA DE FUEGO,18,A,HOMBRE,MASCULINO,MESTIZO/A,SOLTERO,ECUADOR,NINGUNA,ESTADO PERSONAL,SIN_DATO
ASESINATO,ZONA 8,D.M. GUAYAQUIL,FLORIDA,MARTHA DE ROLDÓS,09D06C02S07,MARTHA DE ROLDÓS 7,09,GUAYAS,0901,GUAYAQUIL,"-2,14995","-79,92609",URBANO,VÍA PÚBLICA,PUBLICO,2026/02/17,21:00:00,ARMA DE FUEGO,PISTOLA,DELINCUENCIA COMÚN,AMENAZA,HERIDA POR ARMA DE FUEGO,52,A,HOMBRE,MASCULINO,MESTIZO/A,CASADO,ECUADOR,NINGUNA,TRABAJADOR GENERAL,SIN_DATO
ASESINATO,ZONA 8,D.M. GUAYAQUIL,9 DE OCTUBRE,ANTEPARA,09D03C06S02,ANTEPARA 2,09,GUAYAS,0901,GUAYAQUIL,"-2,21296","-79,90938",URBANO,VÍA PÚBLICA,PUBLICO,2026/02/17,22:02:00,ARMA DE FUEGO,PISTOLA,DELINCUENCIA COMÚN,TRÁFICO INTERNO DE DROGAS (MICROTRÁFICO),HERIDA POR ARMA DE FUEGO,35,A,HOMBRE,MASCULINO,MESTIZO/A,SOLTERO,ECUADOR,NINGUNA,ESTADO PERSONAL,SIN_DATO
ASESINATO,ZONA 8,D.M. GUAYAQUIL,9 DE OCTUBRE,ANTEPARA,09D03C06S02,ANTEPARA 2,09,GUAYAS,0901,GUAYAQUIL,"-2,21296","-79,90938",URBANO,VÍA PÚBLICA,PUBLICO,2026/02/17,22:02:00,ARMA DE FUEGO,PISTOLA,DELINCUENCIA COMÚN,TRÁFICO INTERNO DE DROGAS (MICROTRÁFICO),HERIDA POR ARMA DE FUEGO,28,A,HOMBRE,MASCULINO,MESTIZO/A,SOLTERO,ECUADOR,NINGUNA,BACHILLER TÉCNICO,SIN_DATO
ASESINATO,ZONA 5,LOS RÍOS,VENTANAS,VENTANAS CENTRO,12D04C05S01,VENTANAS CENTRO 1,12,LOS RÍOS,1207,VENTANAS,"-1,44778","-79,46369",URBANO,CASA/VILLA,PRIVADO,2026/02/17,20:55:00,ARMA DE FUEGO,FUSIL,DELINCUENCIA COMÚN,AMENAZA,HERIDA POR ARMA DE FUEGO,22,A,HOMBRE,MASCULINO,MESTIZO/A,SOLTERO,ECUADOR,NINGUNA,BACHILLER CIENCIAS,SIN_DATO
ASESINATO,ZONA 5,LOS RÍOS,VENTANAS,VENTANAS CENTRO,12D04C05S01,VENTANAS CENTRO 1,12,LOS RÍOS,1207,VENTANAS,"-1,44778","-79,46369",URBANO,CASA/VILLA,PRIVADO,2026/02/17,20:55:00,ARMA DE FUEGO,PISTOLA,DELINCUENCIA COMÚN,AMENAZA,HERIDA POR ARMA DE FUEGO,20,A,MUJER,FEMENINO,MESTIZO/A,SOLTERO,ECUADOR,NINGUNA,ESTADO PERSONAL,SIN_DATO
ASESINATO,ZONA 8,D.M. GUAYAQUIL,NUEVA PROSPERINA,MONTE SINAÍ,09D08C05S01,MONTE SINAÍ 1,09,GUAYAS,0901,GUAYAQUIL,"-2,12452","-79,99171",URBANO,CASA/VILLA,PRIVADO,2026/02/17,23:30:00,ARMA DE FUEGO,OTROS ARMA CORTA,DELINCUENCIA COMÚN,TRÁFICO INTERNO DE DROGAS (MICROTRÁFICO),HERIDA POR ARMA DE FUEGO,21,A,HOMBRE,MASCULINO,MESTIZO/A,SOLTERO,ECUADOR,NINGUNA,ESTADO PERSONAL,SIN_DATO
ASESINATO,ZONA 4,MANABÍ,MANTA,MURCIÉLAGO,13D02C06S01,MURCIÉLAGO 1,13,MANABÍ,1308,MANTA,"-0,9494","-80,73466",URBANO,VÍA PÚBLICA,PUBLICO,2026/02/18,02:00:00,ARMA DE FUEGO,REVOLVER,DELINCUENCIA COMÚN,ROBO A PERSONAS,HERIDA POR ARMA DE FUEGO,47,A,HOMBRE,MASCULINO,MESTIZO/A,DIVORCIADO,ECUADOR,NINGUNA,CHOFER/CONDUCTOR,SIN_DATO
ASESINATO,ZONA 8,D.M. GUAYAQUIL,NUEVA PROSPERINA,MONTE SINAÍ,09D08C05S01,MONTE SINAÍ 1,09,GUAYAS,0901,GUAYAQUIL,"-2,12452","-79,99171",URBANO,CASA/VILLA,PRIVADO,2026/02/17,23:30:00,ARMA DE FUEGO,OTROS ARMA CORTA,DELINCUENCIA COMÚN,TRÁFICO INTERNO DE DROGAS (MICROTRÁFICO),HERIDA POR ARMA DE FUEGO,38,A,HOMBRE,MASCULINO,MESTIZO/A,NO DETERMINADO,ECUADOR,NINGUNA,ESTADO PERSONAL,SIN_DATO
ASESINATO,ZONA 5,LOS RÍOS,VENTANAS,VENTANAS SUR,12D04C06S01,VENTANAS SUR 1,12,LOS RÍOS,1207,VENTANAS,"-1,4429","-79,46618",URBANO,VÍA PÚBLICA,PUBLICO,2026/02/18,03:45:00,ARMA DE FUEGO,OTROS ARMA CORTA,DELINCUENCIA COMÚN,AMENAZA,HERIDA POR ARMA DE FUEGO,26,A,HOMBRE,MASCULINO,NO DETERMINADO,SOLTERO,ECUADOR,NINGUNA,SIN_DATO,SIN_DATO
ASESINATO,ZONA 4,MANABÍ,MANTA,RIO DE CAÑA,13D02C03S01,RIO DE CAÑA 1,13,MANABÍ,1308,MANTA,"-1,06207","-80,84695",RURAL,VÍA PÚBLICA,PUBLICO,2026/02/18,07:00:00,ARMA DE FUEGO,PISTOLA,DELINCUENCIA COMÚN,TRÁFICO INTERNO DE DROGAS (MICROTRÁFICO),HERIDA POR ARMA DE FUEGO,35,A,HOMBRE,MASCULINO,MESTIZO/A,SOLTERO,ECUADOR,NINGUNA,TRABAJADOR COMERCIAL,SIN_DATO
ASESINATO,ZONA 8,D.M. GUAYAQUIL,ESTEROS,ESTEROS,09D02C01S04,ESTEROS 4,09,GUAYAS,0901,GUAYAQUIL,"-2,24854","-79,90523",URBANO,VÍA PÚBLICA,PUBLICO,2026/02/17,21:08:00,ARMA DE FUEGO,OTROS ARMA CORTA,DELINCUENCIA COMÚN,TRÁFICO INTERNO DE DROGAS (MICROTRÁFICO),HERIDA POR ARMA DE FUEGO,16,A,HOMBRE,MASCULINO,MESTIZO/A,SOLTERO,ECUADOR,NINGUNA,SIN_DATO,SIN_DATO
ASESINATO,ZONA 8,D.M. GUAYAQUIL,ESTEROS,ESTEROS,09D02C01S04,ESTEROS 4,09,GUAYAS,0901,GUAYAQUIL,"-2,24854","-79,90523",URBANO,VÍA PÚBLICA,PUBLICO,2026/02/17,21:15:00,ARMA DE FUEGO,OTROS ARMA CORTA,DELINCUENCIA COMÚN,TRÁFICO INTERNO DE DROGAS (MICROTRÁFICO),HERIDA POR ARMA DE FUEGO,36,A,HOMBRE,MASCULINO,MESTIZO/A,CASADO,ECUADOR,NINGUNA,BACHILLER CIENCIAS,SIN_DATO
ASESINATO,ZONA 5,GUAYAS,PEDRO CARBO,LOMAS DE SARGENTILLO,09D14C05S01,LOMAS DE SARGENTILLO 1,09,GUAYAS,0924,LOMAS DE SARGENTILLO,"-1,88088","-80,0817",URBANO,SALA DE BELLEZA,PRIVADO,2026/02/18,13:30:00,ARMA DE FUEGO,PISTOLA,DELINCUENCIA COMÚN,TRÁFICO INTERNO DE DROGAS (MICROTRÁFICO),HERIDA POR ARMA DE FUEGO,26,A,HOMBRE,MASCULINO,AFRO,SOLTERO,ECUADOR,NINGUNA,ESTADO PERSONAL,SIN_DATO
HOMICIDIO,ZONA 1,SUCUMBÍOS,SHUSHUFINDI,LIMONCOCHA,21D04C05S01,LIMONCOCHA 1,21,SUCUMBÍOS,2104,SHUSHUFINDI,"-0,29277","-76,65914",RURAL,CASA/VILLA,PRIVADO,2026/02/18,04:00:00,ARMA BLANCA,MACHETE,VIOLENCIA COMUNITARIA,RIÑAS,HERIDA POR ARMA BLANCA,23,A,HOMBRE,MASCULINO,INDIGENA,SOLTERO,ECUADOR,NINGUNA,ESTADO PERSONAL,SIN_DATO
ASESINATO,ZONA 8,D.M. GUAYAQUIL,NUEVA PROSPERINA,NUEVA PROSPERINA,09D08C01S03,NUEVA PROSPERINA 3,09,GUAYAS,0901,GUAYAQUIL,"-2,12137","-79,96398",URBANO,VÍA PÚBLICA,PUBLICO,2026/02/18,20:00:00,ARMA DE FUEGO,PISTOLA,DELINCUENCIA COMÚN,AMENAZA,HERIDA POR ARMA DE FUEGO,29,A,HOMBRE,MASCULINO,MESTIZO/A,SOLTERO,ECUADOR,NINGUNA,ESTADO PERSONAL,SIN_DATO
ASESINATO,ZONA 8,D.M. GUAYAQUIL,PASCUALES,ORQUÍDEAS,09D07C05S03,ORQUÍDEAS 3,09,GUAYAS,0901,GUAYAQUIL,"-2,07886","-79,89685",URBANO,VÍA PÚBLICA,PUBLICO,2026/02/17,19:30:00,ARMA DE FUEGO,OTROS ARMA CORTA,DELINCUENCIA COMÚN,ROBO A PERSONAS,HERIDA POR ARMA DE FUEGO,22,A,HOMBRE,MASCULINO,AFRO,SOLTERO,ECUADOR,NINGUNA,ESTADO PERSONAL,SIN_DATO
ASESINATO,ZONA 8,D.M. GUAYAQUIL,PASCUALES,MUCHO LOTE,09D07C04S01,MUCHO LOTE 1,09,GUAYAS,0901,GUAYAQUIL,"-2,0877","-79,91738",URBANO,VÍA PÚBLICA,PUBLICO,2026/02/18,23:40:00,ARMA DE FUEGO,OTROS ARMA CORTA,DELINCUENCIA COMÚN,AMENAZA,HERIDA POR ARMA DE FUEGO,42,A,HOMBRE,MASCULINO,MESTIZO/A,CASADO,ECUADOR,NINGUNA,PROFESIONAL DE BELLEZA,SIN_DATO
ASESINATO,ZONA 8,D.M. GUAYAQUIL,PASCUALES,MUCHO LOTE,09D07C04S01,MUCHO LOTE 1,09,GUAYAS,0901,GUAYAQUIL,"-2,0877","-79,91738",URBANO,VÍA PÚBLICA,PUBLICO,2026/02/18,23:40:00,ARMA DE FUEGO,OTROS ARMA CORTA,DELINCUENCIA COMÚN,AMENAZA,HERIDA POR ARMA DE FUEGO,69,A,HOMBRE,MASCULINO,MESTIZO/A,SOLTERO,ECUADOR,NINGUNA,ARTESANO/OFICIO,SIN_DATO
ASESINATO,ZONA 8,D.M. GUAYAQUIL,PASCUALES,MUCHO LOTE,09D07C04S01,MUCHO LOTE 1,09,GUAYAS,0901,GUAYAQUIL,"-2,0877","-79,91738",URBANO,VÍA PÚBLICA,PUBLICO,2026/02/18,23:40:00,ARMA DE FUEGO,OTROS ARMA CORTA,DELINCUENCIA COMÚN,AMENAZA,HERIDA POR ARMA DE FUEGO,25,A,HOMBRE,MASCULINO,MESTIZO/A,SOLTERO,ECUADOR,NINGUNA,ESTADO PERSONAL,SIN_DATO
ASESINATO,ZONA 8,D.M. GUAYAQUIL,PASCUALES,MUCHO LOTE,09D07C04S01,MUCHO LOTE 1,09,GUAYAS,0901,GUAYAQUIL,"-2,0877","-79,91738",URBANO,VÍA PÚBLICA,PUBLICO,2026/02/18,23:40:00,ARMA DE FUEGO,OTROS ARMA CORTA,DELINCUENCIA COMÚN,AMENAZA,HERIDA POR ARMA DE FUEGO,45,A,HOMBRE,MASCULINO,MESTIZO/A,DIVORCIADO,ECUADOR,NINGUNA,TRABAJADOR GENERAL,SIN_DATO
ASESINATO,ZONA 8,D.M. GUAYAQUIL,PASCUALES,MUCHO LOTE,09D07C04S01,MUCHO LOTE 1,09,GUAYAS,0901,GUAYAQUIL,"-2,0877","-79,91738",URBANO,VÍA PÚBLICA,PUBLICO,2026/02/18,23:40:00,ARMA DE FUEGO,OTROS ARMA CORTA,DELINCUENCIA COMÚN,AMENAZA,HERIDA POR ARMA DE FUEGO,54,A,HOMBRE,MASCULINO,MESTIZO/A,DIVORCIADO,ECUADOR,NINGUNA,ESTADO PERSONAL,SECUNDARIA
ASESINATO,ZONA 8,D.M. GUAYAQUIL,PASCUALES,MUCHO LOTE,09D07C04S01,MUCHO LOTE 1,09,GUAYAS,0901,GUAYAQUIL,"-2,0877","-79,91738",URBANO,VÍA PÚBLICA,PUBLICO,2026/02/18,23:40:00,ARMA DE FUEGO,OTROS ARMA CORTA,DELINCUENCIA COMÚN,AMENAZA,HERIDA POR ARMA DE FUEGO,35,A,HOMBRE,MASCULINO,MESTIZO/A,NO DETERMINADO,VENEZUELA,NINGUNA,SIN_DATO,SIN_DATO
ASESINATO,ZONA 8,D.M. GUAYAQUIL,DURÁN,ARBOLITO,09D24C07S02,ARBOLITO 2,09,GUAYAS,0907,DURÁN,"-2,15653","-79,83678",URBANO,CASA/VILLA,PRIVADO,2026/02/18,20:30:00,ARMA DE FUEGO,PISTOLA,DELINCUENCIA COMÚN,AMENAZA,HERIDA POR ARMA DE FUEGO,21,A,HOMBRE,MASCULINO,MESTIZO/A,SOLTERO,ECUADOR,NINGUNA,ESTADO PERSONAL,SIN_DATO
ASESINATO,ZONA 8,D.M. GUAYAQUIL,DURÁN,ARBOLITO,09D24C07S02,ARBOLITO 2,09,GUAYAS,0907,DURÁN,"-2,15653","-79,83678",URBANO,CASA/VILLA,PRIVADO,2026/02/18,20:30:00,ARMA DE FUEGO,PISTOLA,DELINCUENCIA COMÚN,AMENAZA,HERIDA POR ARMA DE FUEGO,29,A,HOMBRE,MASCULINO,MESTIZO/A,NO DETERMINADO,ECUADOR,NINGUNA,BACHILLER CIENCIAS,SIN_DATO
ASESINATO,ZONA 8,D.M. GUAYAQUIL,DURÁN,ARBOLITO,09D24C07S02,ARBOLITO 2,09,GUAYAS,0907,DURÁN,"-2,15653","-79,83678",URBANO,CASA/VILLA,PRIVADO,2026/02/18,20:30:00,ARMA DE FUEGO,PISTOLA,DELINCUENCIA COMÚN,AMENAZA,HERIDA POR ARMA DE FUEGO,35,A,HOMBRE,MASCULINO,MESTIZO/A,NO DETERMINADO,ECUADOR,NINGUNA,ESTADO PERSONAL,SIN_DATO
ASESINATO,ZONA 1,ESMERALDAS,SAN LORENZO,FRONTERA,08D05C01S03,FRONTERA 3,08,ESMERALDAS,0805,SAN LORENZO,"1,28555","-78,83996",URBANO,CASA/VILLA,PRIVADO,2026/02/18,16:40:00,ARMA DE FUEGO,OTROS ARMA LARGA,DELINCUENCIA COMÚN,AMENAZA,HERIDA POR ARMA DE FUEGO,25,A,HOMBRE,MASCULINO,AFRO,NO DETERMINADO,COLOMBIA,NINGUNA,SIN_DATO,SIN_DATO
ASESINATO,ZONA 4,MANABÍ,SUCRE,SAN VICENTE,13D11C05S01,SAN VICENTE 1,13,MANABÍ,1322,SAN VICENTE,"-0,58543","-80,41123",URBANO,VÍA PÚBLICA,PUBLICO,2026/02/16,14:50:00,ARMA DE FUEGO,OTROS ARMA CORTA,DELINCUENCIA COMÚN,TRÁFICO INTERNO DE DROGAS (MICROTRÁFICO),HERIDA POR ARMA DE FUEGO,41,A,HOMBRE,MASCULINO,MESTIZO/A,DIVORCIADO,ECUADOR,NINGUNA,SERVIDOR PÚBLICO,SIN_DATO
ASESINATO,ZONA 5,LOS RÍOS,BABAHOYO,UNIVERSIDAD,12D01C08S02,UNIVERSIDAD 2,12,LOS RÍOS,1201,BABAHOYO,"-1,81159","-79,5172",URBANO,VÍA PÚBLICA,PUBLICO,2026/02/18,18:30:00,ARMA DE FUEGO,PISTOLA,DELINCUENCIA COMÚN,AMENAZA,HERIDA POR ARMA DE FUEGO,45,A,HOMBRE,MASCULINO,MESTIZO/A,SOLTERO,ECUADOR,NINGUNA,AYUDANTE/JORNALERO,NINGUNA
ASESINATO,ZONA 5,LOS RÍOS,VINCES,AUGUSTO VALENCIA,12D05C07S01,AUGUSTO VALENCIA 1,12,LOS RÍOS,1208,VINCES,"-1,55626","-79,75092",URBANO,BODEGAS,PRIVADO,2026/02/18,13:00:00,ARMA DE FUEGO,PISTOLA,DELINCUENCIA COMÚN,AMENAZA,HERIDA POR ARMA DE FUEGO,52,A,HOMBRE,MASCULINO,MESTIZO/A,SOLTERO,ECUADOR,NINGUNA,TRABAJADOR PRIMARIO,SIN_DATO
ASESINATO,ZONA 5,GUAYAS,EMPALME,PUERTO DEL MONO,09D15C02S01,PUERTO DEL MONO 1,09,GUAYAS,0908,EL EMPALME,"-0,90144","-79,62521",RURAL,TERRENO BALDÍO,PUBLICO,2026/02/19,04:30:00,ARMA DE FUEGO,PISTOLA,DELINCUENCIA COMÚN,AMENAZA,HERIDA POR ARMA DE FUEGO,31,A,HOMBRE,MASCULINO,NO DETERMINADO,SOLTERO,ECUADOR,NINGUNA,ESTADO PERSONAL,SIN_DATO
ASESINATO,ZONA 5,GUAYAS,EMPALME,EMPALME SUROESTE,09D15C04S01,EMPALME SUROESTE 1,09,GUAYAS,0908,EL EMPALME,"-1,0404","-79,69237",RURAL,VÍA PÚBLICA,PUBLICO,2026/02/19,06:50:00,ARMA DE FUEGO,PISTOLA,DELINCUENCIA COMÚN,ROBO A PERSONAS,HERIDA POR ARMA DE FUEGO,64,A,HOMBRE,MASCULINO,NO DETERMINADO,CASADO,ECUADOR,NINGUNA,TRABAJADOR PRIMARIO,SIN_DATO
ASESINATO,ZONA 4,MANABÍ,MANTA,LA SEQUITA,13D02C18S01,LA SEQUITA 1,13,MANABÍ,1309,MONTECRISTI,"-1,01447","-80,64038",RURAL,VÍA PÚBLICA,PUBLICO,2026/02/18,22:50:00,ARMA DE FUEGO,PISTOLA,DELINCUENCIA COMÚN,AMENAZA,HERIDA POR ARMA DE FUEGO,31,A,HOMBRE,MASCULINO,MESTIZO/A,SOLTERO,ECUADOR,NINGUNA,TRABAJADOR GENERAL,BASICA
ASESINATO,ZONA 1,ESMERALDAS,ESMERALDAS,BELLAVISTA NORTE,08D01C06S02,BELLAVISTA NORTE 2,08,ESMERALDAS,0801,ESMERALDAS,"0,97531","-79,65186",URBANO,CASA/VILLA,PRIVADO,2026/02/19,00:30:00,ARMA DE FUEGO,PISTOLA,DELINCUENCIA COMÚN,AMENAZA,HERIDA POR ARMA DE FUEGO,41,A,HOMBRE,MASCULINO,AFRO,SOLTERO,ECUADOR,NINGUNA,ARTESANO/OFICIO,SIN_DATO
ASESINATO,ZONA 1,SUCUMBÍOS,LAGO AGRIO,EL DORADO,21D02C02S01,EL DORADO 1,21,SUCUMBÍOS,2101,LAGO AGRIO,"0,08144","-76,88505",URBANO,VÍA PÚBLICA,PUBLICO,2026/02/19,06:40:00,ARMA DE FUEGO,REVOLVER,DELINCUENCIA COMÚN,TRÁFICO INTERNO DE DROGAS (MICROTRÁFICO),HERIDA POR ARMA DE FUEGO,44,A,HOMBRE,MASCULINO,MESTIZO/A,SOLTERO,ECUADOR,NINGUNA,TRABAJADOR COMERCIAL,SIN_DATO
ASESINATO,ZONA 4,MANABÍ,MANTA,RIO DE CAÑA,13D02C03S01,RIO DE CAÑA 1,13,MANABÍ,1308,MANTA,"-1,04177","-80,82582",RURAL,VÍA PÚBLICA,PUBLICO,2026/02/19,07:45:00,ARMA DE FUEGO,PISTOLA,DELINCUENCIA COMÚN,AMENAZA,HERIDA POR ARMA DE FUEGO,SIN_DATO,SIN_DATO,HOMBRE,MASCULINO,OTROS,NO DETERMINADO,NO DETERMINADO,NINGUNA,SIN_DATO,SIN_DATO
ASESINATO,ZONA 7,EL ORO,MACHALA,PARQUE LINEAL,07D02C20S01,PARQUE LINEAL 1,07,EL ORO,0701,MACHALA,"-3,26358","-79,96949",URBANO,VÍA PÚBLICA,PUBLICO,2026/02/19,16:17:00,ARMA DE FUEGO,PISTOLA,DELINCUENCIA COMÚN,AMENAZA,HERIDA POR ARMA DE FUEGO,24,A,HOMBRE,MASCULINO,MESTIZO/A,SOLTERO,ECUADOR,NINGUNA,ESTADO PERSONAL,SIN_DATO
ASESINATO,ZONA 4,MANABÍ,PORTOVIEJO,LOS CEREZOS,13D01C03S03,LOS CEREZOS 3,13,MANABÍ,1301,PORTOVIEJO,"-1,02383","-80,53174",RURAL,QUEBRADAS,PUBLICO,2026/02/16,19:00:00,ARMA DE FUEGO,PISTOLA,DELINCUENCIA COMÚN,AMENAZA,HERIDA POR ARMA DE FUEGO,14,A,HOMBRE,MASCULINO,MESTIZO/A,SOLTERO,ECUADOR,NINGUNA,ESTADO PERSONAL,SIN_DATO
ASESINATO,ZONA 4,MANABÍ,PORTOVIEJO,COLON,13D01C01S02,COLON 2,13,MANABÍ,1301,PORTOVIEJO,"-1,15156","-80,40319",RURAL,VÍA PÚBLICA,PUBLICO,2026/02/19,16:10:00,ARMA DE FUEGO,PISTOLA,DELINCUENCIA COMÚN,AMENAZA,HERIDA POR ARMA DE FUEGO,26,A,HOMBRE,MASCULINO,MESTIZO/A,SOLTERO,ECUADOR,NINGUNA,ESTADO PERSONAL,SIN_DATO
ASESINATO,ZONA 9,D.M. QUITO,LA DELICIA,LA BOTA,17D03C18S01,LA BOTA 1,17,PICHINCHA,1701,QUITO,"-0,09637","-78,46663",URBANO,VÍA PÚBLICA,PUBLICO,2026/02/20,04:30:00,ARMA DE FUEGO,REVOLVER,DELINCUENCIA COMÚN,AMENAZA,HERIDA POR ARMA DE FUEGO,25,A,HOMBRE,MASCULINO,MESTIZO/A,NO DETERMINADO,NO DETERMINADO,NINGUNA,SIN_DATO,SIN_DATO
ASESINATO,ZONA 9,D.M. QUITO,LA DELICIA,LA BOTA,17D03C18S01,LA BOTA 1,17,PICHINCHA,1701,QUITO,"-0,09637","-78,46663",URBANO,VÍA PÚBLICA,PUBLICO,2026/02/20,04:30:00,ARMA DE FUEGO,REVOLVER,DELINCUENCIA COMÚN,AMENAZA,HERIDA POR ARMA DE FUEGO,23,A,HOMBRE,MASCULINO,MESTIZO/A,NO DETERMINADO,NO DETERMINADO,NINGUNA,SIN_DATO,SIN_DATO
ASESINATO,ZONA 8,D.M. GUAYAQUIL,FLORIDA,BELLAVISTA,09D06C01S04,BELLAVISTA 4,09,GUAYAS,0901,GUAYAQUIL,"-2,18901","-79,94467",URBANO,VÍA PÚBLICA,PUBLICO,2026/02/18,18:30:00,ARMA CONTUNDENTE,OBJETO CONTUSO,DELINCUENCIA COMÚN,AMENAZA,HERIDAS CONTUSAS,30,A,HOMBRE,MASCULINO,MESTIZO/A,NO DETERMINADO,ECUADOR,NINGUNA,SIN_DATO,SIN_DATO
ASESINATO,ZONA 5,GUAYAS,BALZAR,PALESTINA,09D13C09S02,PALESTINA 2,09,GUAYAS,0913,PALESTINA,"-1,63143","-79,9759",RURAL,VÍA PÚBLICA,PUBLICO,2026/02/20,00:40:00,ARMA DE FUEGO,PISTOLA,DELINCUENCIA COMÚN,AMENAZA,HERIDA POR ARMA DE FUEGO,22,A,HOMBRE,MASCULINO,MESTIZO/A,SOLTERO,ECUADOR,NINGUNA,ESTADO PERSONAL,SIN_DATO
ASESINATO,ZONA 5,SANTA ELENA,LIBERTAD SALINAS,5 DE JUNIO,24D02C03S01,5 DE JUNIO 1,24,SANTA ELENA,2402,LA LIBERTAD,"-2,23721","-80,90577",URBANO,CASA/VILLA,PRIVADO,2026/02/19,15:50:00,ARMA DE FUEGO,PISTOLA,DELINCUENCIA COMÚN,AMENAZA,HERIDA POR ARMA DE FUEGO,18,A,HOMBRE,MASCULINO,MESTIZO/A,SOLTERO,COLOMBIA,NINGUNA,SIN_DATO,SIN_DATO
ASESINATO,ZONA 4,MANABÍ,SUCRE,SAN VICENTE,13D11C05S01,SAN VICENTE 1,13,MANABÍ,1322,SAN VICENTE,"-0,60145","-80,40478",URBANO,CASA/VILLA,PRIVADO,2026/02/19,11:30:00,ARMA DE FUEGO,PISTOLA,DELINCUENCIA COMÚN,TRÁFICO INTERNO DE DROGAS (MICROTRÁFICO),HERIDA POR ARMA DE FUEGO,25,A,HOMBRE,MASCULINO,MESTIZO/A,SOLTERO,ECUADOR,NINGUNA,BACHILLER CIENCIAS,SIN_DATO
ASESINATO,ZONA 4,MANABÍ,EL CARMEN,EL CARMEN,13D05C03S03,EL CARMEN 3,13,MANABÍ,1304,EL CARMEN,"-0,27843","-79,43796",URBANO,VÍA PÚBLICA,PUBLICO,2026/02/20,01:30:00,ARMA DE FUEGO,PISTOLA,DELINCUENCIA COMÚN,AMENAZA,HERIDA POR ARMA DE FUEGO,25,A,HOMBRE,MASCULINO,MESTIZO/A,SOLTERO,ECUADOR,NINGUNA,TRABAJADOR GENERAL,SIN_DATO
ASESINATO,ZONA 4,MANABÍ,EL CARMEN,EL CARMEN,13D05C03S03,EL CARMEN 3,13,MANABÍ,1304,EL CARMEN,"-0,27843","-79,43796",URBANO,VÍA PÚBLICA,PUBLICO,2026/02/20,01:30:00,ARMA DE FUEGO,PISTOLA,DELINCUENCIA COMÚN,AMENAZA,HERIDA POR ARMA DE FUEGO,44,A,HOMBRE,MASCULINO,MESTIZO/A,SOLTERO,ECUADOR,NINGUNA,TRABAJADOR GENERAL,BASICA
ASESINATO,ZONA 5,LOS RÍOS,BABAHOYO,LA ESMERALDA,12D01C19S02,LA ESMERALDA 2,12,LOS RÍOS,1203,MONTALVO,"-1,86924","-79,34989",RURAL,VÍA PÚBLICA,PUBLICO,2026/02/19,18:30:00,ARMA DE FUEGO,PISTOLA,DELINCUENCIA COMÚN,AMENAZA,HERIDA POR ARMA DE FUEGO,42,A,MUJER,FEMENINO,MESTIZO/A,SOLTERO,ECUADOR,NINGUNA,ESTADO PERSONAL,SIN_DATO
ASESINATO,ZONA 8,D.M. GUAYAQUIL,PORTETE,CISNE,09D04C01S02,CISNE 2,09,GUAYAS,0901,GUAYAQUIL,"-2,2235","-79,92854",URBANO,VÍA PÚBLICA,PUBLICO,2026/02/19,16:40:00,ARMA DE FUEGO,PISTOLA,DELINCUENCIA COMÚN,AMENAZA,HERIDA POR ARMA DE FUEGO,40,A,HOMBRE,MASCULINO,MESTIZO/A,SOLTERO,ECUADOR,NINGUNA,TRABAJADOR COMERCIAL,SIN_DATO
ASESINATO,ZONA 8,D.M. GUAYAQUIL,FLORIDA,FLORIDA,09D06C05S01,FLORIDA 1,09,GUAYAS,0901,GUAYAQUIL,"-2,13365","-79,94159",URBANO,VÍA PÚBLICA,PUBLICO,2026/02/19,17:30:00,ARMA DE FUEGO,PISTOLA,DELINCUENCIA COMÚN,AMENAZA,HERIDA POR ARMA DE FUEGO,31,A,HOMBRE,MASCULINO,MESTIZO/A,SOLTERO,ECUADOR,NINGUNA,ESTADO PERSONAL,SIN_DATO
ASESINATO,ZONA 8,D.M. GUAYAQUIL,FLORIDA,FLORIDA,09D06C05S01,FLORIDA 1,09,GUAYAS,0901,GUAYAQUIL,"-2,13365","-79,94159",URBANO,VÍA PÚBLICA,PUBLICO,2026/02/19,17:30:00,ARMA DE FUEGO,PISTOLA,DELINCUENCIA COMÚN,AMENAZA,HERIDA POR ARMA DE FUEGO,31,A,HOMBRE,MASCULINO,MESTIZO/A,SOLTERO,ECUADOR,NINGUNA,BACHILLER CIENCIAS,SIN_DATO
ASESINATO,ZONA 3,COTOPAXI,LATACUNGA,CHOFER,05D01C13S01,CHOFER 1,05,COTOPAXI,0501,LATACUNGA,"-0,95952","-78,62172",RURAL,CASA/VILLA,PRIVADO,2026/02/19,21:00:00,CONSTRICTORA,CABLE,DELINCUENCIA COMÚN,TRÁFICO INTERNO DE DROGAS (MICROTRÁFICO),ESTRANGULACION,28,A,HOMBRE,MASCULINO,MESTIZO/A,SOLTERO,VENEZUELA,NINGUNA,ESTADO PERSONAL,SIN_DATO
ASESINATO,ZONA 4,MANABÍ,MANTA,CUBA,13D02C10S04,CUBA 4,13,MANABÍ,1308,MANTA,"-0,98405","-80,70984",URBANO,VÍA PÚBLICA,PUBLICO,2026/02/20,14:30:00,ARMA DE FUEGO,PISTOLA,DELINCUENCIA COMÚN,AMENAZA,HERIDA POR ARMA DE FUEGO,20,A,HOMBRE,MASCULINO,MESTIZO/A,SOLTERO,ECUADOR,NINGUNA,BACHILLER CIENCIAS,SIN_DATO
ASESINATO,ZONA 7,EL ORO,MACHALA,WILSON FRANCO,07D02C18S01,WILSON FRANCO 1,07,EL ORO,0701,MACHALA,"-3,26077","-79,99236",URBANO,VÍA PÚBLICA,PUBLICO,2026/02/20,13:00:00,ARMA DE FUEGO,PISTOLA,DELINCUENCIA COMÚN,TRÁFICO INTERNO DE DROGAS (MICROTRÁFICO),HERIDA POR ARMA DE FUEGO,47,A,HOMBRE,MASCULINO,MESTIZO/A,SOLTERO,ECUADOR,NINGUNA,TRABAJADOR GENERAL,SIN_DATO
ASESINATO,ZONA 8,D.M. GUAYAQUIL,SUR - DMG,7 LAGOS,09D01C04S01,7 LAGOS 1,09,GUAYAS,0901,GUAYAQUIL,"-2,25843","-79,87125",URBANO,VÍA PÚBLICA,PUBLICO,2026/02/20,00:40:00,ARMA BLANCA,CORTO PUNZANTE,DELINCUENCIA COMÚN,AMENAZA,HERIDA POR ARMA BLANCA,41,A,HOMBRE,MASCULINO,NO DETERMINADO,SOLTERO,ECUADOR,NINGUNA,ESTADO PERSONAL,SIN_DATO
ASESINATO,ZONA 7,EL ORO,SANTA ROSA,TORATA,07D06C01S01,TORATA 1,07,EL ORO,0712,SANTA ROSA,"-3,60065","-79,88788",URBANO,VÍA PÚBLICA,PUBLICO,2026/02/20,22:00:00,ARMA BLANCA,CUCHILLO,DELINCUENCIA COMÚN,TRÁFICO INTERNO DE DROGAS (MICROTRÁFICO),HERIDA POR ARMA BLANCA,SIN_DATO,SIN_DATO,HOMBRE,MASCULINO,NO DETERMINADO,NO DETERMINADO,NO DETERMINADO,NINGUNA,SIN_DATO,SIN_DATO
ASESINATO,ZONA 7,EL ORO,SANTA ROSA,SANTA ROSA ESTE,07D06C04S01,SANTA ROSA ESTE 1,07,EL ORO,0712,SANTA ROSA,"-3,41451","-79,99402",URBANO,CASA/VILLA,PRIVADO,2026/02/21,02:30:00,ARMA DE FUEGO,PISTOLA,DELINCUENCIA COMÚN,TRÁFICO INTERNO DE DROGAS (MICROTRÁFICO),HERIDA POR ARMA DE FUEGO,39,A,HOMBRE,MASCULINO,MESTIZO/A,SOLTERO,ECUADOR,NINGUNA,ESTADO PERSONAL,BASICA
ASESINATO,ZONA 7,EL ORO,SANTA ROSA,SANTA ROSA ESTE,07D06C04S01,SANTA ROSA ESTE 1,07,EL ORO,0712,SANTA ROSA,"-3,41451","-79,99402",URBANO,CASA/VILLA,PRIVADO,2026/02/21,02:30:00,ARMA DE FUEGO,PISTOLA,DELINCUENCIA COMÚN,TRÁFICO INTERNO DE DROGAS (MICROTRÁFICO),HERIDA POR ARMA DE FUEGO,68,A,HOMBRE,MASCULINO,MESTIZO/A,SOLTERO,ECUADOR,NINGUNA,TRABAJADOR GENERAL,SIN_DATO
ASESINATO,ZONA 5,GUAYAS,MILAGRO,CENTRO,09D17C05S02,CENTRO 2,09,GUAYAS,0910,MILAGRO,"-2,13693","-79,59645",URBANO,GASOLINERAS,PRIVADO,2026/02/20,23:50:00,ARMA DE FUEGO,PISTOLA,DELINCUENCIA COMÚN,AMENAZA,HERIDA POR ARMA DE FUEGO,37,A,HOMBRE,MASCULINO,MESTIZO/A,SOLTERO,ECUADOR,NINGUNA,ESTADO PERSONAL,SIN_DATO
ASESINATO,ZONA 8,D.M. GUAYAQUIL,PASCUALES,ORQUÍDEAS,09D07C05S03,ORQUÍDEAS 3,09,GUAYAS,0901,GUAYAQUIL,"-2,0879","-79,90006",URBANO,VÍA PÚBLICA,PUBLICO,2026/02/03,20:10:00,ARMA DE FUEGO,PISTOLA,DELINCUENCIA COMÚN,TRÁFICO INTERNO DE DROGAS (MICROTRÁFICO),HERIDA POR ARMA DE FUEGO,25,A,HOMBRE,MASCULINO,MESTIZO/A,SOLTERO,ECUADOR,NINGUNA,ESTADO PERSONAL,SIN_DATO
ASESINATO,ZONA 5,LOS RÍOS,BABAHOYO,MONTALVO,12D01C18S01,MONTALVO 1,12,LOS RÍOS,1203,MONTALVO,"-1,78201","-79,28054",URBANO,CASA/VILLA,PRIVADO,2026/02/20,20:30:00,ARMA DE FUEGO,PISTOLA,DELINCUENCIA COMÚN,AMENAZA,HERIDA POR ARMA DE FUEGO,39,A,HOMBRE,MASCULINO,MESTIZO/A,SOLTERO,ECUADOR,NINGUNA,ADMINISTRADOR,SIN_DATO
ASESINATO,ZONA 5,LOS RÍOS,QUEVEDO,DIVINO NIÑO,12D03C06S01,DIVINO NIÑO 1,12,LOS RÍOS,1205,QUEVEDO,"-1,03769","-79,45599",URBANO,CEMENTERIOS,PRIVADO,2026/02/20,15:00:00,ARMA DE FUEGO,PISTOLA,DELINCUENCIA COMÚN,AMENAZA,HERIDA POR ARMA DE FUEGO,31,A,HOMBRE,MASCULINO,MESTIZO/A,SOLTERO,ECUADOR,NINGUNA,ESTADO PERSONAL,SIN_DATO
ASESINATO,ZONA 5,GUAYAS,PLAYAS,PLAYAS,09D22C01S01,PLAYAS 1,09,GUAYAS,0921,PLAYAS,"-2,63619","-80,39767",URBANO,MERCADOS,PUBLICO,2026/02/20,14:30:00,ARMA DE FUEGO,FUSIL,DELINCUENCIA COMÚN,AMENAZA,HERIDA POR ARMA DE FUEGO,32,A,HOMBRE,MASCULINO,MESTIZO/A,SOLTERO,ECUADOR,NINGUNA,TRABAJADOR PRIMARIO,SIN_DATO
ASESINATO,ZONA 5,GUAYAS,PLAYAS,PLAYAS,09D22C01S01,PLAYAS 1,09,GUAYAS,0921,PLAYAS,"-2,63597","-80,38904",URBANO,VÍA PÚBLICA,PUBLICO,2026/02/20,16:00:00,ARMA DE FUEGO,PISTOLA,DELINCUENCIA COMÚN,AMENAZA,HERIDA POR ARMA DE FUEGO,33,A,HOMBRE,MASCULINO,MESTIZO/A,SOLTERO,ECUADOR,NINGUNA,ESTADO PERSONAL,SIN_DATO
ASESINATO,ZONA 5,LOS RÍOS,QUEVEDO,7 DE OCTUBRE,12D03C07S03,7 DE OCTUBRE 3,12,LOS RÍOS,1205,QUEVEDO,"-1,04616","-79,48993",RURAL,FINCA,PRIVADO,2026/02/20,18:00:00,ARMA BLANCA,MACHETE,DELINCUENCIA COMÚN,AMENAZA,HERIDA POR ARMA BLANCA,21,A,HOMBRE,MASCULINO,MESTIZO/A,SOLTERO,ECUADOR,NINGUNA,ESTADO PERSONAL,SIN_DATO
ASESINATO,ZONA 7,EL ORO,HUAQUILLAS,UNIÓN LOJANA,07D05C05S02,UNIÓN LOJANA 2,07,EL ORO,0707,HUAQUILLAS,"-3,47436","-80,23172",URBANO,VÍA PÚBLICA,PUBLICO,2026/02/20,17:00:00,ARMA BLANCA,CUCHILLO,DELINCUENCIA COMÚN,AMENAZA,HERIDA POR ARMA BLANCA,20,A,HOMBRE,MASCULINO,MESTIZO/A,SOLTERO,ECUADOR,INTELECTUAL,ESTADO PERSONAL,SIN_DATO
ASESINATO,ZONA 5,GUAYAS,DAULE,JUAN BAUTISTA AGUIRRE,09D19C02S02,JUAN BAUTISTA AGUIRRE 2,09,GUAYAS,0906,DAULE,"-2,04926","-79,88966",URBANO,VÍA PÚBLICA,PUBLICO,2026/02/20,15:00:00,ARMA DE FUEGO,PISTOLA,DELINCUENCIA COMÚN,ROBO A PERSONAS,HERIDA POR ARMA DE FUEGO,42,A,HOMBRE,MASCULINO,MESTIZO/A,DIVORCIADO,ECUADOR,NINGUNA,INGENIERO/ARQUITECTO,SIN_DATO
ASESINATO,ZONA 7,EL ORO,HUAQUILLAS,UNIÓN LOJANA,07D05C05S02,UNIÓN LOJANA 2,07,EL ORO,0707,HUAQUILLAS,"-3,47793","-80,22362",URBANO,OTROS LOCALES COMERCIALES,PRIVADO,2026/02/21,09:15:00,ARMA DE FUEGO,PISTOLA,DELINCUENCIA COMÚN,AMENAZA,HERIDA POR ARMA DE FUEGO,40,A,HOMBRE,MASCULINO,MESTIZO/A,SOLTERO,ECUADOR,NINGUNA,TRABAJADOR GENERAL,SIN_DATO
ASESINATO,ZONA 4,MANABÍ,MANTA,SAN JUAN,13D02C11S01,SAN JUAN 1,13,MANABÍ,1308,MANTA,"-0,9865","-80,73277",URBANO,VÍA PÚBLICA,PUBLICO,2026/02/21,09:10:00,ARMA DE FUEGO,PISTOLA,DELINCUENCIA COMÚN,AMENAZA,HERIDA POR ARMA DE FUEGO,50,A,HOMBRE,MASCULINO,MESTIZO/A,DIVORCIADO,ECUADOR,NINGUNA,TRABAJADOR GENERAL,SIN_DATO
SICARIATO,ZONA 4,MANABÍ,ROCAFUERTE,ROCAFUERTE,13D12C01S02,ROCAFUERTE 2,13,MANABÍ,1312,ROCAFUERTE,"-0,94226","-80,44335",URBANO,CASA/VILLA,PRIVADO,2026/02/21,12:50:00,ARMA DE FUEGO,PISTOLA,DELINCUENCIA COMÚN,TRÁFICO INTERNO DE DROGAS (MICROTRÁFICO),HERIDA POR ARMA DE FUEGO,19,A,HOMBRE,MASCULINO,MESTIZO/A,SOLTERO,ECUADOR,NINGUNA,ARTESANO/OFICIO,SIN_DATO
ASESINATO,ZONA 5,LOS RÍOS,QUEVEDO,GALO PLAZA,12D03C05S01,GALO PLAZA 1,12,LOS RÍOS,1205,QUEVEDO,"-1,00677","-79,47206",URBANO,VÍA PÚBLICA,PUBLICO,2026/02/17,20:00:00,ARMA DE FUEGO,PISTOLA,DELINCUENCIA COMÚN,AMENAZA,HERIDA POR ARMA DE FUEGO,24,A,HOMBRE,MASCULINO,MESTIZO/A,SOLTERO,ECUADOR,NINGUNA,ESTADO PERSONAL,SIN_DATO
HOMICIDIO,ZONA 5,LOS RÍOS,BUENA FE,VALENCIA,12D06C10S01,VALENCIA 1,12,LOS RÍOS,1211,VALENCIA,"-0,95134","-79,36061",URBANO,CASA/VILLA,PRIVADO,2026/02/21,09:00:00,OTROS,NINGUNA,VIOLENCIA INTRAFAMILIAR,MALTRATO,HERIDAS CONTUSAS,2,A,HOMBRE,MASCULINO,MESTIZO/A,SOLTERO,ECUADOR,NINGUNA,SIN_DATO,SIN_DATO
ASESINATO,ZONA 5,LOS RÍOS,VENTANAS,VENTANAS CENTRO,12D04C05S01,VENTANAS CENTRO 1,12,LOS RÍOS,1207,VENTANAS,"-1,44554","-79,46151",URBANO,VÍA PÚBLICA,PUBLICO,2026/02/21,16:45:00,ARMA DE FUEGO,PISTOLA,DELINCUENCIA COMÚN,AMENAZA,HERIDA POR ARMA DE FUEGO,30,A,HOMBRE,MASCULINO,MESTIZO/A,SOLTERO,ECUADOR,NINGUNA,SIN_DATO,SIN_DATO
ASESINATO,ZONA 7,EL ORO,MACHALA,JAMBELI CENTRO,07D02C09S02,JAMBELI CENTRO 2,07,EL ORO,0701,MACHALA,"-3,25273","-79,97783",URBANO,VÍA PÚBLICA,PUBLICO,2026/02/21,11:30:00,ARMA DE FUEGO,PISTOLA,DELINCUENCIA COMÚN,TRÁFICO INTERNO DE DROGAS (MICROTRÁFICO),HERIDA POR ARMA DE FUEGO,33,A,HOMBRE,MASCULINO,MESTIZO/A,SOLTERO,ECUADOR,NINGUNA,ESTADO PERSONAL,SECUNDARIA
ASESINATO,ZONA 7,EL ORO,MACHALA,EL CAMBIO,07D02C12S01,EL CAMBIO 1,07,EL ORO,0701,MACHALA,"-3,28847","-79,901",URBANO,VÍA PÚBLICA,PUBLICO,2026/02/21,18:00:00,ARMA DE FUEGO,PISTOLA,DELINCUENCIA COMÚN,TRÁFICO INTERNO DE DROGAS (MICROTRÁFICO),HERIDA POR ARMA DE FUEGO,38,A,HOMBRE,MASCULINO,MESTIZO/A,SOLTERO,ECUADOR,NINGUNA,TRABAJADOR GENERAL,SIN_DATO
ASESINATO,ZONA 4,MANABÍ,PORTOVIEJO,SAN PABLO,13D01C05S02,SAN PABLO 2,13,MANABÍ,1301,PORTOVIEJO,"-1,04611","-80,44879",URBANO,VÍA PÚBLICA,PUBLICO,2026/02/21,19:34:00,ARMA DE FUEGO,PISTOLA,DELINCUENCIA COMÚN,AMENAZA,HERIDA POR ARMA DE FUEGO,27,A,HOMBRE,MASCULINO,MESTIZO/A,SOLTERO,ECUADOR,NINGUNA,ESTADO PERSONAL,BASICA
ASESINATO,ZONA 5,GUAYAS,SALITRE,VERNAZA,09D20C03S01,VERNAZA 1,09,GUAYAS,0919,SALITRE,"-1,75543","-79,82995",RURAL,VÍA PÚBLICA,PUBLICO,2026/02/20,20:30:00,ARMA DE FUEGO,PISTOLA,DELINCUENCIA COMÚN,TRÁFICO INTERNO DE DROGAS (MICROTRÁFICO),HERIDA POR ARMA DE FUEGO,24,A,HOMBRE,MASCULINO,MESTIZO/A,SOLTERO,ECUADOR,NINGUNA,BACHILLER CIENCIAS,SIN_DATO
SICARIATO,ZONA 8,D.M. GUAYAQUIL,PORTETE,SUBURBIO,09D04C06S02,SUBURBIO 2,09,GUAYAS,0901,GUAYAQUIL,"-2,23187","-79,94531",URBANO,VÍA PÚBLICA,PUBLICO,2026/02/21,20:22:00,ARMA DE FUEGO,PISTOLA,DELINCUENCIA COMÚN,AMENAZA,HERIDA POR ARMA DE FUEGO,20,A,HOMBRE,MASCULINO,MESTIZO/A,SOLTERO,ECUADOR,NINGUNA,ESTADO PERSONAL,SIN_DATO
ASESINATO,ZONA 8,D.M. GUAYAQUIL,FLORIDA,MARTHA DE ROLDÓS,09D06C02S08,MARTHA DE ROLDÓS 8,09,GUAYAS,0901,GUAYAQUIL,"-2,15832","-79,92874",RURAL,RESTAURANTE,PRIVADO,2026/02/21,18:28:00,ARMA DE FUEGO,OTROS ARMA LARGA,DELINCUENCIA COMÚN,AMENAZA,HERIDA POR ARMA DE FUEGO,36,A,HOMBRE,MASCULINO,MESTIZO/A,SOLTERO,ECUADOR,NINGUNA,ESTADO PERSONAL,BASICA
SICARIATO,ZONA 8,D.M. GUAYAQUIL,SUR - DMG,GUASMO,09D01C01S01,GUASMO 1,09,GUAYAS,0901,GUAYAQUIL,"-2,27664","-79,87836",URBANO,INTERIOR DE VEHÍCULO PARTICULAR,PRIVADO,2026/02/21,21:05:00,ARMA DE FUEGO,PISTOLA,DELINCUENCIA COMÚN,AMENAZA,HERIDA POR ARMA DE FUEGO,34,A,HOMBRE,MASCULINO,MESTIZO/A,SOLTERO,ECUADOR,NINGUNA,ARTESANO/OFICIO,SIN_DATO
ASESINATO,ZONA 4,MANABÍ,JIPIJAPA,3 DE MAYO,13D03C05S01,3 DE MAYO 1,13,MANABÍ,1306,JIPIJAPA,"-1,35924","-80,56287",RURAL,VÍA PÚBLICA,PUBLICO,2026/02/21,07:25:00,ARMA DE FUEGO,REVOLVER,DELINCUENCIA COMÚN,AMENAZA,HERIDA POR ARMA DE FUEGO,25,A,HOMBRE,MASCULINO,NO DETERMINADO,NO DETERMINADO,NO DETERMINADO,NINGUNA,SIN_DATO,SIN_DATO
ASESINATO,ZONA 8,D.M. GUAYAQUIL,PORTETE,CISNE,09D04C01S01,CISNE 1,09,GUAYAS,0901,GUAYAQUIL,"-2,22775","-79,9269",URBANO,VÍA PÚBLICA,PUBLICO,2026/02/21,19:00:00,ARMA DE FUEGO,PISTOLA,DELINCUENCIA COMÚN,TRÁFICO INTERNO DE DROGAS (MICROTRÁFICO),HERIDA POR ARMA DE FUEGO,34,A,HOMBRE,MASCULINO,MESTIZO/A,SOLTERO,ECUADOR,NINGUNA,MAQUINISTA/OPERADOR,SIN_DATO
SICARIATO,ZONA 8,D.M. GUAYAQUIL,ESTEROS,TRINITARIA NORTE,09D02C04S01,TRINITARIA NORTE 1,09,GUAYAS,0901,GUAYAQUIL,"-2,23704","-79,92178",URBANO,VÍA PÚBLICA,PUBLICO,2026/02/22,00:04:00,ARMA DE FUEGO,PISTOLA,DELINCUENCIA COMÚN,AMENAZA,HERIDA POR ARMA DE FUEGO,37,A,HOMBRE,MASCULINO,NO DETERMINADO,SOLTERO,ECUADOR,NINGUNA,CHOFER/CONDUCTOR,SIN_DATO
ASESINATO,ZONA 7,EL ORO,HUAQUILLAS,ARENILLAS,07D05C02S01,ARENILLAS 1,07,EL ORO,0702,ARENILLAS,"-3,40784","-80,05214",RURAL,MAR,PUBLICO,2026/02/19,18:40:00,ARMA DE FUEGO,PISTOLA,DELINCUENCIA COMÚN,AMENAZA,HERIDA POR ARMA DE FUEGO,24,A,HOMBRE,MASCULINO,MESTIZO/A,SOLTERO,ECUADOR,NINGUNA,ESTADO PERSONAL,SIN_DATO
ASESINATO,ZONA 4,MANABÍ,SUCRE,BAHÍA,13D11C01S01,BAHÍA 1,13,MANABÍ,1314,SUCRE,"-0,62325","-80,42584",URBANO,RESTAURANTE,PRIVADO,2026/02/21,19:00:00,ARMA DE FUEGO,PISTOLA,DELINCUENCIA COMÚN,TRÁFICO INTERNO DE DROGAS (MICROTRÁFICO),HERIDA POR ARMA DE FUEGO,20,A,HOMBRE,MASCULINO,MESTIZO/A,SOLTERO,ECUADOR,NINGUNA,TRABAJADOR GENERAL,SIN_DATO
ASESINATO,ZONA 5,LOS RÍOS,QUEVEDO,LA MERCED,12D03C04S01,LA MERCED 1,12,LOS RÍOS,1205,QUEVEDO,"-1,02313","-79,46156",URBANO,SALA DE BELLEZA,PRIVADO,2026/02/21,21:00:00,ARMA DE FUEGO,PISTOLA,DELINCUENCIA COMÚN,AMENAZA,HERIDA POR ARMA DE FUEGO,27,A,HOMBRE,MASCULINO,MESTIZO/A,SOLTERO,ECUADOR,NINGUNA,TRABAJADOR COMERCIAL,SIN_DATO
ASESINATO,ZONA 4,MANABÍ,CHONE,RANCHO VIEJO,13D07C02S01,RANCHO VIEJO 1,13,MANABÍ,1303,CHONE,"-0,69585","-80,11937",URBANO,VÍA PÚBLICA,PUBLICO,2026/02/20,23:00:00,ARMA DE FUEGO,PISTOLA,DELINCUENCIA COMÚN,ROBO DE MOTOS,HERIDA POR ARMA DE FUEGO,SIN_DATO,SIN_DATO,HOMBRE,MASCULINO,MESTIZO/A,SOLTERO,ECUADOR,NINGUNA,SIN_DATO,SIN_DATO
ASESINATO,ZONA 5,LOS RÍOS,QUEVEDO,CONTROL,12D03C02S02,CONTROL 2,12,LOS RÍOS,1205,QUEVEDO,"-1,00363","-79,47618",URBANO,VÍA PÚBLICA,PUBLICO,2026/02/22,02:30:00,ARMA DE FUEGO,PISTOLA,DELINCUENCIA COMÚN,AMENAZA,HERIDA POR ARMA DE FUEGO,27,A,HOMBRE,MASCULINO,MESTIZO/A,SOLTERO,ECUADOR,VISUAL,ESTADO PERSONAL,SIN_DATO
ASESINATO,ZONA 1,ESMERALDAS,ESMERALDAS,SANTA MARTHA,08D01C12S01,SANTA MARTHA 1,08,ESMERALDAS,0801,ESMERALDAS,"0,96846","-79,65063",URBANO,VÍA PÚBLICA,PUBLICO,2026/02/21,22:00:00,ARMA DE FUEGO,FUSIL,DELINCUENCIA COMÚN,AMENAZA,HERIDA POR ARMA DE FUEGO,27,A,HOMBRE,MASCULINO,AFRO,SOLTERO,ECUADOR,NINGUNA,ESTADO PERSONAL,SIN_DATO
ASESINATO,ZONA 8,D.M. GUAYAQUIL,PROGRESO,PROGRESO,09D10C03S01,PROGRESO 1,09,GUAYAS,0901,GUAYAQUIL,"-2,18376","-80,08946",URBANO,TERRENO BALDÍO,PUBLICO,2026/02/22,11:15:00,ARMA DE FUEGO,PISTOLA,DELINCUENCIA COMÚN,AMENAZA,HERIDA POR ARMA DE FUEGO,SIN_DATO,SIN_DATO,HOMBRE,MASCULINO,MESTIZO/A,NO DETERMINADO,NO DETERMINADO,NINGUNA,SIN_DATO,SIN_DATO
ASESINATO,ZONA 8,D.M. GUAYAQUIL,PROGRESO,PROGRESO,09D10C03S01,PROGRESO 1,09,GUAYAS,0901,GUAYAQUIL,"-2,18376","-80,08946",URBANO,TERRENO BALDÍO,PUBLICO,2026/02/22,11:15:00,ARMA DE FUEGO,PISTOLA,DELINCUENCIA COMÚN,AMENAZA,HERIDA POR ARMA DE FUEGO,SIN_DATO,SIN_DATO,HOMBRE,MASCULINO,OTROS,NO DETERMINADO,NO DETERMINADO,NINGUNA,SIN_DATO,SIN_DATO
ASESINATO,ZONA 7,EL ORO,MACHALA,LA FERROVIARIA,07D02C15S01,LA FERROVIARIA 1,07,EL ORO,0701,MACHALA,"-3,26977","-79,93826",URBANO,VÍA PÚBLICA,PUBLICO,2026/02/22,14:00:00,ARMA DE FUEGO,PISTOLA,DELINCUENCIA COMÚN,AMENAZA,HERIDA POR ARMA DE FUEGO,20,A,HOMBRE,MASCULINO,MESTIZO/A,SOLTERO,ECUADOR,NINGUNA,BACHILLER TÉCNICO,SIN_DATO
ASESINATO,ZONA 5,LOS RÍOS,BABAHOYO,MANTUANO,12D01C14S01,MANTUANO 1,12,LOS RÍOS,1202,BABA,"-1,78099","-79,70094",RURAL,VÍA PÚBLICA,PUBLICO,2026/02/21,18:00:00,ARMA DE FUEGO,PISTOLA,DELINCUENCIA COMÚN,AMENAZA,HERIDA POR ARMA DE FUEGO,50,A,HOMBRE,MASCULINO,MESTIZO/A,SOLTERO,ECUADOR,NINGUNA,TRABAJADOR COMERCIAL,SIN_DATO
ASESINATO,ZONA 5,LOS RÍOS,BABAHOYO,MANTUANO,12D01C14S01,MANTUANO 1,12,LOS RÍOS,1202,BABA,"-1,78099","-79,70094",RURAL,VÍA PÚBLICA,PUBLICO,2026/02/21,18:00:00,ARMA DE FUEGO,PISTOLA,DELINCUENCIA COMÚN,AMENAZA,HERIDA POR ARMA DE FUEGO,37,A,HOMBRE,MASCULINO,MESTIZO/A,SOLTERO,ECUADOR,NINGUNA,ESTADO PERSONAL,BASICA
ASESINATO,ZONA 5,LOS RÍOS,BABAHOYO,UNIVERSIDAD,12D01C08S01,UNIVERSIDAD 1,12,LOS RÍOS,1201,BABAHOYO,"-1,80639","-79,49001",URBANO,VÍA PÚBLICA,PUBLICO,2026/02/21,19:30:00,ARMA DE FUEGO,PISTOLA,DELINCUENCIA COMÚN,AMENAZA,HERIDA POR ARMA DE FUEGO,47,A,HOMBRE,MASCULINO,MESTIZO/A,SOLTERO,ECUADOR,NINGUNA,CHOFER/CONDUCTOR,SIN_DATO
ASESINATO,ZONA 6,CAÑAR,LA TRONCAL,TRONCAL CENTRO,03D03C02S01,TRONCAL CENTRO 1,03,CAÑAR,0304,LA TRONCAL,"-2,34938","-79,31205",RURAL,MAR,PUBLICO,2026/02/22,13:48:00,ARMA DE FUEGO,PISTOLA,DELINCUENCIA COMÚN,TRÁFICO INTERNO DE DROGAS (MICROTRÁFICO),HERIDA POR ARMA DE FUEGO,31,A,HOMBRE,MASCULINO,MESTIZO/A,SOLTERO,ECUADOR,NINGUNA,TRABAJADOR PRIMARIO,SIN_DATO
ASESINATO,ZONA 8,D.M. GUAYAQUIL,NUEVA PROSPERINA,MONTE SINAÍ,09D08C05S02,MONTE SINAÍ 2,09,GUAYAS,0901,GUAYAQUIL,"-2,11448","-79,98516",URBANO,VÍA PÚBLICA,PUBLICO,2026/02/22,20:00:00,ARMA DE FUEGO,PISTOLA,DELINCUENCIA COMÚN,AMENAZA,HERIDA POR ARMA DE FUEGO,32,A,HOMBRE,MASCULINO,MESTIZO/A,SOLTERO,ECUADOR,NINGUNA,ESTADO PERSONAL,SIN_DATO
ASESINATO,ZONA 4,MANABÍ,MANTA,MARÍA AUXILIADORA,13D02C08S03,MARÍA AUXILIADORA 3,13,MANABÍ,1308,MANTA,"-0,97088","-80,70344",URBANO,VÍA PÚBLICA,PUBLICO,2026/02/22,12:00:00,ARMA DE FUEGO,OTROS ARMA CORTA,DELINCUENCIA COMÚN,AMENAZA,HERIDA POR ARMA DE FUEGO,31,A,MUJER,FEMENINO,MESTIZO/A,CASADO,ECUADOR,NINGUNA,BACHILLER CIENCIAS,SIN_DATO
ASESINATO,ZONA 4,MANABÍ,MANTA,MARÍA AUXILIADORA,13D02C08S03,MARÍA AUXILIADORA 3,13,MANABÍ,1308,MANTA,"-0,97088","-80,70344",URBANO,VÍA PÚBLICA,PUBLICO,2026/02/22,12:00:00,ARMA DE FUEGO,OTROS ARMA CORTA,DELINCUENCIA COMÚN,AMENAZA,HERIDA POR ARMA DE FUEGO,37,A,MUJER,FEMENINO,MESTIZO/A,CASADO,ECUADOR,NINGUNA,ESTADO PERSONAL,SIN_DATO
ASESINATO,ZONA 8,D.M. GUAYAQUIL,9 DE OCTUBRE,ANTEPARA,09D03C06S03,ANTEPARA 3,09,GUAYAS,0901,GUAYAQUIL,"-2,21165","-79,91708",URBANO,VÍA PÚBLICA,PUBLICO,2026/02/22,19:00:00,ARMA DE FUEGO,PISTOLA,DELINCUENCIA COMÚN,AMENAZA,HERIDA POR ARMA DE FUEGO,33,A,HOMBRE,MASCULINO,MESTIZO/A,CASADO,ECUADOR,NINGUNA,BACHILLER TÉCNICO,SIN_DATO
ASESINATO,ZONA 4,MANABÍ,MANTA,LOS ESTEROS,13D02C01S02,LOS ESTEROS 2,13,MANABÍ,1308,MANTA,"-0,96059","-80,67881",URBANO,VÍA PÚBLICA,PUBLICO,2026/02/22,21:00:00,ARMA DE FUEGO,OTROS ARMA CORTA,DELINCUENCIA COMÚN,AMENAZA,HERIDA POR ARMA DE FUEGO,28,A,HOMBRE,MASCULINO,MESTIZO/A,SOLTERO,ECUADOR,NINGUNA,ESTADO PERSONAL,BASICA
ASESINATO,ZONA 4,MANABÍ,SUCRE,SAN VICENTE,13D11C05S01,SAN VICENTE 1,13,MANABÍ,1322,SAN VICENTE,"-0,56978","-80,42276",RURAL,COVACHA/CHOZA,PRIVADO,2026/02/22,18:30:00,ARMA DE FUEGO,PISTOLA,DELINCUENCIA COMÚN,AMENAZA,HERIDA POR ARMA DE FUEGO,44,A,HOMBRE,MASCULINO,MESTIZO/A,DIVORCIADO,ECUADOR,NINGUNA,TECNÓLOGO,SIN_DATO
ASESINATO,ZONA 8,D.M. GUAYAQUIL,ESTEROS,MALVINAS SUR,09D02C02S02,MALVINAS SUR 2,09,GUAYAS,0901,GUAYAQUIL,"-2,23178","-79,91233",URBANO,VÍA PÚBLICA,PUBLICO,2026/02/22,21:45:00,ARMA DE FUEGO,PISTOLA,DELINCUENCIA COMÚN,AMENAZA,HERIDA POR ARMA DE FUEGO,18,A,HOMBRE,MASCULINO,MESTIZO/A,SOLTERO,ECUADOR,NINGUNA,BACHILLER CIENCIAS,SIN_DATO
ASESINATO,ZONA 3,PASTAZA,PASTAZA,PUYO SUR,16D01C01S01,PUYO SUR 1,16,PASTAZA,1601,PASTAZA,"-1,51783","-77,97373",URBANO,VÍA PÚBLICA,PUBLICO,2026/02/22,18:30:00,ARMA DE FUEGO,PISTOLA,DELINCUENCIA COMÚN,ROBO A PERSONAS,HERIDA POR ARMA DE FUEGO,20,A,HOMBRE,MASCULINO,MESTIZO/A,SOLTERO,ECUADOR,NINGUNA,SIN_DATO,SIN_DATO
ASESINATO,ZONA 8,D.M. GUAYAQUIL,ESTEROS,MALVINAS SUR,09D02C02S03,MALVINAS SUR 3,09,GUAYAS,0901,GUAYAQUIL,"-2,23387","-79,91136",URBANO,VÍA PÚBLICA,PUBLICO,2026/02/23,00:30:00,ARMA DE FUEGO,PISTOLA,DELINCUENCIA COMÚN,AMENAZA,HERIDA POR ARMA DE FUEGO,21,A,HOMBRE,MASCULINO,MULATO/A,SOLTERO,ECUADOR,NINGUNA,ESTADO PERSONAL,SIN_DATO
ASESINATO,ZONA 7,EL ORO,PASAJE,BAJO ALTO,07D01C04S01,BAJO ALTO 1,07,EL ORO,0706,EL GUABO,"-3,25048","-79,85337",URBANO,VÍA PÚBLICA,PUBLICO,2026/02/22,23:15:00,ARMA BLANCA,CUCHILLO,DELINCUENCIA COMÚN,TRÁFICO INTERNO DE DROGAS (MICROTRÁFICO),HERIDA POR ARMA BLANCA,17,A,HOMBRE,MASCULINO,MESTIZO/A,SOLTERO,ECUADOR,NINGUNA,ESTADO PERSONAL,SIN_DATO
ASESINATO,ZONA 5,LOS RÍOS,BABAHOYO,MATA DE CACAO,12D01C12S03,MATA DE CACAO 3,12,LOS RÍOS,1201,BABAHOYO,"-1,95911","-79,39865",URBANO,CASA/VILLA,PRIVADO,2026/02/22,03:00:00,ARMA DE FUEGO,PISTOLA,DELINCUENCIA COMÚN,AMENAZA,HERIDA POR ARMA DE FUEGO,27,A,HOMBRE,MASCULINO,MESTIZO/A,SOLTERO,ECUADOR,NINGUNA,ESTADO PERSONAL,SIN_DATO
ASESINATO,ZONA 5,LOS RÍOS,BABAHOYO,ISLA DE BEJUCAL,12D01C16S01,ISLA DE BEJUCAL 1,12,LOS RÍOS,1202,BABA,"-1,67955","-79,64598",RURAL,LOCAL DE EVENTOS,PRIVADO,2026/02/22,20:10:00,ARMA DE FUEGO,PISTOLA,DELINCUENCIA COMÚN,AMENAZA,HERIDA POR ARMA DE FUEGO,39,A,HOMBRE,MASCULINO,MESTIZO/A,SOLTERO,ECUADOR,NINGUNA,ESTADO PERSONAL,SIN_DATO
ASESINATO,ZONA 5,LOS RÍOS,BABAHOYO,ISLA DE BEJUCAL,12D01C16S01,ISLA DE BEJUCAL 1,12,LOS RÍOS,1202,BABA,"-1,67955","-79,64598",RURAL,LOCAL DE EVENTOS,PRIVADO,2026/02/22,20:10:00,ARMA DE FUEGO,PISTOLA,DELINCUENCIA COMÚN,AMENAZA,HERIDA POR ARMA DE FUEGO,37,A,HOMBRE,MASCULINO,MESTIZO/A,SOLTERO,ECUADOR,NINGUNA,TRABAJADOR GENERAL,SIN_DATO
ASESINATO,ZONA 5,LOS RÍOS,BABAHOYO,ISLA DE BEJUCAL,12D01C16S01,ISLA DE BEJUCAL 1,12,LOS RÍOS,1202,BABA,"-1,67955","-79,64598",RURAL,LOCAL DE EVENTOS,PRIVADO,2026/02/22,20:10:00,ARMA DE FUEGO,PISTOLA,DELINCUENCIA COMÚN,AMENAZA,HERIDA POR ARMA DE FUEGO,20,A,HOMBRE,MASCULINO,MESTIZO/A,SOLTERO,ECUADOR,NINGUNA,TRABAJADOR GENERAL,SIN_DATO
ASESINATO,ZONA 4,MANABÍ,SUCRE,CANOA,13D11C06S01,CANOA 1,13,MANABÍ,1322,SAN VICENTE,"-0,44708","-80,45238",RURAL,VÍA PÚBLICA,PUBLICO,2026/02/23,01:30:00,ARMA DE FUEGO,PISTOLA,DELINCUENCIA COMÚN,AMENAZA,HERIDA POR ARMA DE FUEGO,28,A,HOMBRE,MASCULINO,MESTIZO/A,SOLTERO,ECUADOR,NINGUNA,ESTADO PERSONAL,SIN_DATO
ASESINATO,ZONA 4,MANABÍ,SUCRE,CANOA,13D11C06S01,CANOA 1,13,MANABÍ,1322,SAN VICENTE,"-0,44708","-80,45238",RURAL,VÍA PÚBLICA,PUBLICO,2026/02/23,01:30:00,ARMA DE FUEGO,PISTOLA,DELINCUENCIA COMÚN,AMENAZA,HERIDA POR ARMA DE FUEGO,28,A,HOMBRE,MASCULINO,MESTIZO/A,SOLTERO,ECUADOR,NINGUNA,ESTADO PERSONAL,SIN_DATO
ASESINATO,ZONA 5,LOS RÍOS,BABAHOYO,ISLA DE BEJUCAL,12D01C16S01,ISLA DE BEJUCAL 1,12,LOS RÍOS,1202,BABA,"-1,67955","-79,64598",URBANO,CASA/VILLA,PRIVADO,2026/02/22,20:15:00,ARMA DE FUEGO,PISTOLA,DELINCUENCIA COMÚN,AMENAZA,HERIDA POR ARMA DE FUEGO,54,A,HOMBRE,MASCULINO,MESTIZO/A,DIVORCIADO,ECUADOR,NINGUNA,TRABAJADOR PRIMARIO,SIN_DATO
ASESINATO,ZONA 4,MANABÍ,PEDERNALES,JAMA,13D10C08S01,JAMA 1,13,MANABÍ,1320,JAMA,"-0,08564","-80,18343",RURAL,CASA/VILLA,PRIVADO,2026/02/23,02:00:00,ARMA DE FUEGO,OTROS ARMA LARGA,DELINCUENCIA COMÚN,TRÁFICO INTERNO DE DROGAS (MICROTRÁFICO),HERIDA POR ARMA DE FUEGO,56,A,HOMBRE,MASCULINO,MESTIZO/A,DIVORCIADO,ECUADOR,NINGUNA,TRABAJADOR GENERAL,SIN_DATO
ASESINATO,ZONA 4,MANABÍ,PEDERNALES,JAMA,13D10C08S01,JAMA 1,13,MANABÍ,1320,JAMA,"-0,08564","-80,18343",RURAL,CASA/VILLA,PRIVADO,2026/02/23,02:00:00,ARMA DE FUEGO,OTROS ARMA LARGA,DELINCUENCIA COMÚN,TRÁFICO INTERNO DE DROGAS (MICROTRÁFICO),HERIDA POR ARMA DE FUEGO,38,A,HOMBRE,MASCULINO,MESTIZO/A,SOLTERO,ECUADOR,NINGUNA,TRABAJADOR PRIMARIO,SIN_DATO
ASESINATO,ZONA 4,MANABÍ,PEDERNALES,JAMA,13D10C08S01,JAMA 1,13,MANABÍ,1320,JAMA,"-0,08564","-80,18343",RURAL,CASA/VILLA,PRIVADO,2026/02/23,02:00:00,ARMA DE FUEGO,OTROS ARMA LARGA,DELINCUENCIA COMÚN,TRÁFICO INTERNO DE DROGAS (MICROTRÁFICO),HERIDA POR ARMA DE FUEGO,54,A,HOMBRE,MASCULINO,MESTIZO/A,CASADO,ECUADOR,NINGUNA,TRABAJADOR COMERCIAL,SIN_DATO
ASESINATO,ZONA 4,MANABÍ,PEDERNALES,JAMA,13D10C08S01,JAMA 1,13,MANABÍ,1320,JAMA,"-0,08564","-80,18343",RURAL,CASA/VILLA,PRIVADO,2026/02/23,02:00:00,ARMA DE FUEGO,OTROS ARMA LARGA,DELINCUENCIA COMÚN,TRÁFICO INTERNO DE DROGAS (MICROTRÁFICO),HERIDA POR ARMA DE FUEGO,34,A,HOMBRE,MASCULINO,MESTIZO/A,SOLTERO,ECUADOR,NINGUNA,ESTADO PERSONAL,SIN_DATO
ASESINATO,ZONA 4,MANABÍ,PEDERNALES,JAMA,13D10C08S01,JAMA 1,13,MANABÍ,1320,JAMA,"-0,08564","-80,18343",RURAL,CASA/VILLA,PRIVADO,2026/02/23,02:00:00,ARMA DE FUEGO,OTROS ARMA LARGA,DELINCUENCIA COMÚN,TRÁFICO INTERNO DE DROGAS (MICROTRÁFICO),HERIDA POR ARMA DE FUEGO,49,A,HOMBRE,MASCULINO,MESTIZO/A,SOLTERO,ECUADOR,NINGUNA,TRABAJADOR GENERAL,SIN_DATO
ASESINATO,ZONA 4,MANABÍ,PEDERNALES,JAMA,13D10C08S01,JAMA 1,13,MANABÍ,1320,JAMA,"-0,08564","-80,18343",RURAL,CASA/VILLA,PRIVADO,2026/02/23,02:00:00,ARMA DE FUEGO,OTROS ARMA LARGA,DELINCUENCIA COMÚN,TRÁFICO INTERNO DE DROGAS (MICROTRÁFICO),HERIDA POR ARMA DE FUEGO,17,A,HOMBRE,MASCULINO,MESTIZO/A,SOLTERO,ECUADOR,NINGUNA,SIN_DATO,SIN_DATO
ASESINATO,ZONA 4,MANABÍ,PEDERNALES,JAMA,13D10C08S01,JAMA 1,13,MANABÍ,1320,JAMA,"-0,08564","-80,18343",RURAL,CASA/VILLA,PRIVADO,2026/02/23,02:00:00,ARMA DE FUEGO,OTROS ARMA LARGA,DELINCUENCIA COMÚN,TRÁFICO INTERNO DE DROGAS (MICROTRÁFICO),HERIDA POR ARMA DE FUEGO,36,A,HOMBRE,MASCULINO,MESTIZO/A,SOLTERO,ECUADOR,NINGUNA,AYUDANTE/JORNALERO,SIN_DATO
ASESINATO,ZONA 1,ESMERALDAS,RÍO VERDE,PALESTINA,08D06C01S01,PALESTINA 1,08,ESMERALDAS,0807,RIOVERDE,"1,06559","-79,40663",URBANO,VÍA PÚBLICA,PUBLICO,2026/02/23,11:00:00,ARMA DE FUEGO,PISTOLA,DELINCUENCIA COMÚN,ROBO A PERSONAS,HERIDA POR ARMA DE FUEGO,26,A,HOMBRE,MASCULINO,MESTIZO/A,CASADO,ECUADOR,NINGUNA,PROFESIONAL LICENCIADO,SIN_DATO
ASESINATO,ZONA 7,EL ORO,SANTA ROSA,SANTA ROSA ESTE,07D06C04S01,SANTA ROSA ESTE 1,07,EL ORO,0712,SANTA ROSA,"-3,41576","-80,00222",RURAL,BOSQUE Y RESERVAS ECOLÓGICAS,PUBLICO,2026/02/23,13:30:00,ARMA DE FUEGO,PISTOLA,DELINCUENCIA COMÚN,TRÁFICO INTERNO DE DROGAS (MICROTRÁFICO),HERIDA POR ARMA DE FUEGO,43,A,HOMBRE,MASCULINO,MESTIZO/A,CASADO,ECUADOR,NINGUNA,TRABAJADOR COMERCIAL,BASICA
ASESINATO,ZONA 7,EL ORO,MACHALA,SIMÓN BOLÍVAR,07D02C19S01,SIMÓN BOLÍVAR 1,07,EL ORO,0701,MACHALA,"-3,25567","-79,98297",URBANO,CASA/VILLA,PRIVADO,2026/02/23,15:50:00,ARMA DE FUEGO,PISTOLA,DELINCUENCIA COMÚN,TRÁFICO INTERNO DE DROGAS (MICROTRÁFICO),HERIDA POR ARMA DE FUEGO,41,A,HOMBRE,MASCULINO,AFRO,CASADO,ECUADOR,NINGUNA,TRABAJADOR GENERAL,SIN_DATO
ASESINATO,ZONA 5,SANTA ELENA,LIBERTAD SALINAS,5 DE JUNIO,24D02C03S01,5 DE JUNIO 1,24,SANTA ELENA,2402,LA LIBERTAD,"-2,22882","-80,90951",URBANO,BARES,PRIVADO,2026/02/23,00:50:00,ARMA DE FUEGO,PISTOLA,DELINCUENCIA COMÚN,AMENAZA,HERIDA POR ARMA DE FUEGO,25,A,HOMBRE,MASCULINO,MESTIZO/A,SOLTERO,ECUADOR,NINGUNA,BACHILLER CIENCIAS,SIN_DATO
ASESINATO,ZONA 5,GUAYAS,BALZAR,LA GUAYAQUIL,09D13C02S01,LA GUAYAQUIL 1,09,GUAYAS,0904,BALZAR,"-1,22233","-79,94193",RURAL,VÍA PÚBLICA,PUBLICO,2026/02/23,14:00:00,ARMA DE FUEGO,PISTOLA,DELINCUENCIA COMÚN,AMENAZA,HERIDA POR ARMA DE FUEGO,20,A,HOMBRE,MASCULINO,MESTIZO/A,SOLTERO,ECUADOR,NINGUNA,ESTADO PERSONAL,SIN_DATO
ASESINATO,ZONA 4,MANABÍ,CHONE,CENTRO,13D07C04S01,CENTRO 1,13,MANABÍ,1303,CHONE,"-0,70166","-80,09494",URBANO,VÍA PÚBLICA,PUBLICO,2026/02/23,15:30:00,ARMA DE FUEGO,PISTOLA,DELINCUENCIA COMÚN,AMENAZA,HERIDA POR ARMA DE FUEGO,43,A,HOMBRE,MASCULINO,MESTIZO/A,SOLTERO,ECUADOR,NINGUNA,ESTADO PERSONAL,BACHILLERATO
ASESINATO,ZONA 8,D.M. GUAYAQUIL,PROGRESO,POSORJA,09D10C02S01,POSORJA 1,09,GUAYAS,0901,GUAYAQUIL,"-2,71389","-80,25215",URBANO,OTROS LOCALES COMERCIALES,PRIVADO,2026/02/23,21:13:00,ARMA DE FUEGO,OTROS ARMA CORTA,DELINCUENCIA COMÚN,AMENAZA,HERIDA POR ARMA DE FUEGO,28,A,HOMBRE,MASCULINO,MESTIZO/A,SOLTERO,ECUADOR,NINGUNA,ESTADO PERSONAL,SIN_DATO
ASESINATO,ZONA 8,D.M. GUAYAQUIL,FLORIDA,FLORIDA,09D06C05S01,FLORIDA 1,09,GUAYAS,0901,GUAYAQUIL,"-2,13504","-79,9447",URBANO,VÍA PÚBLICA,PUBLICO,2026/02/23,19:48:00,ARMA DE FUEGO,OTROS ARMA CORTA,DELINCUENCIA COMÚN,AMENAZA,HERIDA POR ARMA DE FUEGO,34,A,HOMBRE,MASCULINO,MESTIZO/A,SOLTERO,ECUADOR,NINGUNA,ESTADO PERSONAL,SECUNDARIA
ASESINATO,ZONA 8,D.M. GUAYAQUIL,FLORIDA,MARTHA DE ROLDÓS,09D06C02S07,MARTHA DE ROLDÓS 7,09,GUAYAS,0901,GUAYAQUIL,"-2,15076","-79,92379",URBANO,VÍA PÚBLICA,PUBLICO,2026/02/23,17:50:00,ARMA DE FUEGO,OTROS ARMA CORTA,DELINCUENCIA COMÚN,AMENAZA,HERIDA POR ARMA DE FUEGO,15,A,HOMBRE,MASCULINO,MESTIZO/A,SOLTERO,ECUADOR,NINGUNA,ESTADO PERSONAL,SIN_DATO
ASESINATO,ZONA 5,GUAYAS,EMPALME,CARLOS JULIO AROSEMENA,09D15C03S01,CARLOS JULIO AROSEMENA 1,09,GUAYAS,0908,EL EMPALME,"-0,90454","-79,62543",RURAL,CASA/VILLA,PRIVADO,2026/02/23,04:00:00,ARMA DE FUEGO,PISTOLA,DELINCUENCIA COMÚN,AMENAZA,HERIDA POR ARMA DE FUEGO,49,A,HOMBRE,MASCULINO,NO DETERMINADO,SOLTERO,ECUADOR,NINGUNA,ESTADO PERSONAL,SIN_DATO
ASESINATO,ZONA 7,EL ORO,PASAJE,LAS PRADERAS,07D01C09S01,LAS PRADERAS 1,07,EL ORO,0709,PASAJE,"-3,33665","-79,80466",URBANO,CUARTOS EN CASA DE INQUILINATO,PRIVADO,2026/02/23,19:45:00,ARMA BLANCA,DESTORNILLADOR,DELINCUENCIA COMÚN,AMENAZA,HERIDA POR ARMA BLANCA,49,A,HOMBRE,MASCULINO,MESTIZO/A,SOLTERO,ECUADOR,NINGUNA,TRABAJADOR GENERAL,SIN_DATO
ASESINATO,ZONA 8,D.M. GUAYAQUIL,FLORIDA,MARTHA DE ROLDÓS,09D06C02S06,MARTHA DE ROLDÓS 6,09,GUAYAS,0901,GUAYAQUIL,"-2,15197","-79,92215",URBANO,CASA/VILLA,PRIVADO,2026/02/24,01:30:00,ARMA DE FUEGO,PISTOLA,DELINCUENCIA COMÚN,AMENAZA,HERIDA POR ARMA DE FUEGO,50,A,HOMBRE,MASCULINO,MESTIZO/A,SOLTERO,ECUADOR,NINGUNA,ARTESANO/OFICIO,SIN_DATO
ASESINATO,ZONA 5,GUAYAS,DAULE,JUAN BAUTISTA AGUIRRE,09D19C02S02,JUAN BAUTISTA AGUIRRE 2,09,GUAYAS,0906,DAULE,"-2,05515","-79,87629",URBANO,VÍA PÚBLICA,PUBLICO,2026/02/23,20:30:00,ARMA DE FUEGO,PISTOLA,DELINCUENCIA COMÚN,AMENAZA,HERIDA POR ARMA DE FUEGO,28,A,HOMBRE,MASCULINO,MESTIZO/A,SOLTERO,ECUADOR,NINGUNA,TRABAJADOR GENERAL,SIN_DATO
ASESINATO,ZONA 1,SUCUMBÍOS,LAGO AGRIO,LAS PALMERAS,21D02C04S01,LAS PALMERAS 1,21,SUCUMBÍOS,2101,LAGO AGRIO,"0,09937","-76,88293",URBANO,VÍA PÚBLICA,PUBLICO,2026/02/23,21:45:00,ARMA DE FUEGO,PISTOLA,DELINCUENCIA COMÚN,TRÁFICO INTERNO DE DROGAS (MICROTRÁFICO),HERIDA POR ARMA DE FUEGO,27,A,HOMBRE,MASCULINO,OTROS,SOLTERO,ECUADOR,NINGUNA,BACHILLER CIENCIAS,SIN_DATO
ASESINATO,ZONA 8,D.M. GUAYAQUIL,DURÁN,CENTRO,09D24C02S04,CENTRO 4,09,GUAYAS,0907,DURÁN,"-2,17639","-79,85434",URBANO,CASA/VILLA,PRIVADO,2026/02/24,00:30:00,ARMA DE FUEGO,PISTOLA,DELINCUENCIA COMÚN,AMENAZA,HERIDA POR ARMA DE FUEGO,31,A,HOMBRE,MASCULINO,MESTIZO/A,SOLTERO,ECUADOR,NINGUNA,ESTADO PERSONAL,SIN_DATO
ASESINATO,ZONA 8,D.M. GUAYAQUIL,DURÁN,CENTRO,09D24C02S04,CENTRO 4,09,GUAYAS,0907,DURÁN,"-2,17639","-79,85434",URBANO,CASA/VILLA,PRIVADO,2026/02/24,00:30:00,ARMA DE FUEGO,PISTOLA,DELINCUENCIA COMÚN,AMENAZA,HERIDA POR ARMA DE FUEGO,56,A,HOMBRE,MASCULINO,MESTIZO/A,DIVORCIADO,ECUADOR,FISICA,MAESTRO DE OBRA/CONSTRUCCIÓN,SIN_DATO
ASESINATO,ZONA 8,D.M. GUAYAQUIL,SUR - DMG,CENTENARIO,09D01C05S01,CENTENARIO 1,09,GUAYAS,0901,GUAYAQUIL,"-2,23847","-79,88923",URBANO,CANCHAS DE USO MÚLTIPLE,PUBLICO,2026/02/23,20:20:00,ARMA DE FUEGO,PISTOLA,DELINCUENCIA COMÚN,TRÁFICO INTERNO DE DROGAS (MICROTRÁFICO),HERIDA POR ARMA DE FUEGO,16,A,HOMBRE,MASCULINO,MESTIZO/A,SOLTERO,ECUADOR,NINGUNA,ESTADO PERSONAL,SIN_DATO
ASESINATO,ZONA 8,D.M. GUAYAQUIL,SUR - DMG,CENTENARIO,09D01C05S01,CENTENARIO 1,09,GUAYAS,0901,GUAYAQUIL,"-2,23847","-79,88923",URBANO,CANCHAS DE USO MÚLTIPLE,PUBLICO,2026/02/23,20:20:00,ARMA DE FUEGO,PISTOLA,DELINCUENCIA COMÚN,TRÁFICO INTERNO DE DROGAS (MICROTRÁFICO),HERIDA POR ARMA DE FUEGO,17,A,HOMBRE,MASCULINO,MESTIZO/A,SOLTERO,ECUADOR,NINGUNA,SIN_DATO,SIN_DATO
ASESINATO,ZONA 7,EL ORO,HUAQUILLAS,HUALTACO,07D05C06S03,HUALTACO 3,07,EL ORO,0707,HUAQUILLAS,"-3,4822","-80,23476",URBANO,RESTAURANTE,PRIVADO,2026/02/23,22:15:00,ARMA DE FUEGO,PISTOLA,DELINCUENCIA COMÚN,AMENAZA,HERIDA POR ARMA DE FUEGO,30,A,HOMBRE,MASCULINO,MESTIZO/A,SOLTERO,ECUADOR,NINGUNA,TRABAJADOR COMERCIAL,SIN_DATO
ASESINATO,ZONA 5,GUAYAS,PEDRO CARBO,LOMAS DE SARGENTILLO,09D14C05S01,LOMAS DE SARGENTILLO 1,09,GUAYAS,0924,LOMAS DE SARGENTILLO,"-1,87129","-80,09067",URBANO,VÍA PÚBLICA,PUBLICO,2026/02/23,21:18:00,ARMA DE FUEGO,PISTOLA,DELINCUENCIA COMÚN,TRÁFICO INTERNO DE DROGAS (MICROTRÁFICO),HERIDA POR ARMA DE FUEGO,24,A,MUJER,FEMENINO,MESTIZO/A,SOLTERO,ECUADOR,NINGUNA,ESTADO PERSONAL,BASICA
ASESINATO,ZONA 4,STO DGO DE LOS TSÁCHILAS,LA CONCORDIA,CONCORDIA NORTE,23D03C01S01,CONCORDIA NORTE 1,23,STO DGO DE LOS TSÁCHILAS,2302,LA CONCORDIA,"0,01012","-79,3937",URBANO,VÍA PÚBLICA,PUBLICO,2026/02/24,07:24:00,ARMA DE FUEGO,REVOLVER,DELINCUENCIA COMÚN,AMENAZA,HERIDA POR ARMA DE FUEGO,54,A,MUJER,FEMENINO,MESTIZO/A,DIVORCIADO,ECUADOR,NINGUNA,PROFESIONAL MAGISTER,SIN_DATO
ASESINATO,ZONA 4,STO DGO DE LOS TSÁCHILAS,SANTO DOMINGO ESTE,CENTRO,23D01C02S02,CENTRO 2,23,STO DGO DE LOS TSÁCHILAS,2301,SANTO DOMINGO,"-0,2433","-79,16341",URBANO,LICORERÍAS,PRIVADO,2026/02/23,22:50:00,ARMA DE FUEGO,FUSIL,DELINCUENCIA COMÚN,AMENAZA,HERIDA POR ARMA DE FUEGO,36,A,HOMBRE,MASCULINO,MESTIZO/A,SOLTERO,ECUADOR,NINGUNA,BACHILLER CIENCIAS,SIN_DATO
ASESINATO,ZONA 8,D.M. GUAYAQUIL,PROGRESO,PROGRESO,09D10C03S01,PROGRESO 1,09,GUAYAS,0901,GUAYAQUIL,"-2,24633","-80,08516",URBANO,VÍA PÚBLICA,PUBLICO,2026/02/23,18:00:00,ARMA DE FUEGO,PISTOLA,DELINCUENCIA COMÚN,AMENAZA,HERIDA POR ARMA DE FUEGO,13,A,HOMBRE,MASCULINO,MESTIZO/A,SOLTERO,ECUADOR,NINGUNA,SIN_DATO,SIN_DATO
ASESINATO,ZONA 4,MANABÍ,PORTOVIEJO,CRUCITA,13D01C10S01,CRUCITA 1,13,MANABÍ,1301,PORTOVIEJO,"-0,85812","-80,53346",URBANO,LOCALES DE NECESIDADES BÁSICAS,PRIVADO,2026/02/24,12:00:00,ARMA DE FUEGO,PISTOLA,DELINCUENCIA COMÚN,AMENAZA,HERIDA POR ARMA DE FUEGO,19,A,HOMBRE,MASCULINO,MESTIZO/A,SOLTERO,ECUADOR,NINGUNA,ESTADO PERSONAL,SIN_DATO
ASESINATO,ZONA 4,MANABÍ,MANTA,SAN JUAN,13D02C11S01,SAN JUAN 1,13,MANABÍ,1308,MANTA,"-0,98683","-80,73622",URBANO,CASA/VILLA,PRIVADO,2026/02/24,02:30:00,ARMA DE FUEGO,PISTOLA,DELINCUENCIA COMÚN,AMENAZA,HERIDA POR ARMA DE FUEGO,22,A,HOMBRE,MASCULINO,MESTIZO/A,SOLTERO,ECUADOR,NINGUNA,ESTADO PERSONAL,SIN_DATO
ASESINATO,ZONA 5,LOS RÍOS,QUEVEDO,DIVINO NIÑO,12D03C06S02,DIVINO NIÑO 2,12,LOS RÍOS,1205,QUEVEDO,"-1,02474","-79,44707",URBANO,VÍA PÚBLICA,PUBLICO,2026/02/24,13:00:00,ARMA DE FUEGO,PISTOLA,DELINCUENCIA COMÚN,AMENAZA,HERIDA POR ARMA DE FUEGO,23,A,HOMBRE,MASCULINO,MESTIZO/A,SOLTERO,ECUADOR,NINGUNA,ESTADO PERSONAL,SIN_DATO
ASESINATO,ZONA 7,LOJA,CATAMAYO,CHAGUARPAMBA,11D02C06S01,CHAGUARPAMBA 1,11,LOJA,1105,CHAGUARPAMBA,"-3,76784","-79,59907",URBANO,VÍA PÚBLICA,PUBLICO,2026/02/22,09:00:00,ARMA DE FUEGO,PISTOLA,DELINCUENCIA COMÚN,AMENAZA,HERIDA POR ARMA DE FUEGO,50,A,HOMBRE,MASCULINO,MESTIZO/A,NO DETERMINADO,ECUADOR,NINGUNA,SIN_DATO,SIN_DATO
ASESINATO,ZONA 7,LOJA,CATAMAYO,CHAGUARPAMBA,11D02C06S01,CHAGUARPAMBA 1,11,LOJA,1105,CHAGUARPAMBA,"-3,76784","-79,59907",URBANO,VÍA PÚBLICA,PUBLICO,2026/02/22,09:00:00,ARMA DE FUEGO,PISTOLA,DELINCUENCIA COMÚN,AMENAZA,HERIDA POR ARMA DE FUEGO,30,A,HOMBRE,MASCULINO,MESTIZO/A,NO DETERMINADO,ECUADOR,NINGUNA,SIN_DATO,SIN_DATO
ASESINATO,ZONA 7,LOJA,CATAMAYO,CHAGUARPAMBA,11D02C06S01,CHAGUARPAMBA 1,11,LOJA,1105,CHAGUARPAMBA,"-3,76784","-79,59907",URBANO,VÍA PÚBLICA,PUBLICO,2026/02/22,09:00:00,ARMA DE FUEGO,PISTOLA,DELINCUENCIA COMÚN,AMENAZA,HERIDA POR ARMA DE FUEGO,25,A,HOMBRE,MASCULINO,MESTIZO/A,NO DETERMINADO,ECUADOR,NINGUNA,SIN_DATO,SIN_DATO
ASESINATO,ZONA 7,LOJA,CATAMAYO,CHAGUARPAMBA,11D02C06S01,CHAGUARPAMBA 1,11,LOJA,1105,CHAGUARPAMBA,"-3,76784","-79,59907",URBANO,VÍA PÚBLICA,PUBLICO,2026/02/22,09:00:00,ARMA DE FUEGO,PISTOLA,DELINCUENCIA COMÚN,AMENAZA,HERIDA POR ARMA DE FUEGO,20,A,HOMBRE,MASCULINO,MESTIZO/A,NO DETERMINADO,ECUADOR,INTELECTUAL,SIN_DATO,SIN_DATO
ASESINATO,ZONA 7,EL ORO,HUAQUILLAS,HUALTACO,07D05C06S03,HUALTACO 3,07,EL ORO,0707,HUAQUILLAS,"-3,4822","-80,23476",URBANO,RESTAURANTE,PRIVADO,2026/02/23,22:15:00,ARMA DE FUEGO,PISTOLA,DELINCUENCIA COMÚN,AMENAZA,HERIDA POR ARMA DE FUEGO,31,A,MUJER,FEMENINO,MESTIZO/A,SOLTERO,ECUADOR,NINGUNA,BACHILLER CIENCIAS,SIN_DATO
ASESINATO,ZONA 2,NAPO,TENA,PALANDACOCHA,15D01C05S01,PALANDACOCHA 1,15,NAPO,1501,TENA,"-0,9981","-77,81216",URBANO,VÍA PÚBLICA,PUBLICO,2026/02/24,12:22:00,ARMA DE FUEGO,PISTOLA,DELINCUENCIA COMÚN,AMENAZA,HERIDA POR ARMA DE FUEGO,45,A,HOMBRE,MASCULINO,MESTIZO/A,DIVORCIADO,ECUADOR,NINGUNA,TRABAJADOR GENERAL,SECUNDARIA
ASESINATO,ZONA 5,LOS RÍOS,QUEVEDO,GALO PLAZA,12D03C05S01,GALO PLAZA 1,12,LOS RÍOS,1205,QUEVEDO,"-1,00632","-79,46635",URBANO,VÍA PÚBLICA,PUBLICO,2026/02/23,17:30:00,ARMA DE FUEGO,PISTOLA,DELINCUENCIA COMÚN,AMENAZA,HERIDA POR ARMA DE FUEGO,22,A,HOMBRE,MASCULINO,MULATO/A,SOLTERO,ECUADOR,NINGUNA,ESTADO PERSONAL,SIN_DATO
ASESINATO,ZONA 4,MANABÍ,CHONE,RANCHO VIEJO,13D07C02S01,RANCHO VIEJO 1,13,MANABÍ,1303,CHONE,"-0,6973","-80,1119",URBANO,VÍA PÚBLICA,PUBLICO,2026/02/24,17:50:00,ARMA DE FUEGO,PISTOLA,DELINCUENCIA COMÚN,AMENAZA,HERIDA POR ARMA DE FUEGO,29,A,HOMBRE,MASCULINO,MESTIZO/A,SOLTERO,ECUADOR,NINGUNA,TRABAJADOR GENERAL,SIN_DATO
ASESINATO,ZONA 4,MANABÍ,CHONE,RANCHO VIEJO,13D07C02S01,RANCHO VIEJO 1,13,MANABÍ,1303,CHONE,"-0,6973","-80,1119",URBANO,VÍA PÚBLICA,PUBLICO,2026/02/24,17:50:00,ARMA DE FUEGO,PISTOLA,DELINCUENCIA COMÚN,AMENAZA,HERIDA POR ARMA DE FUEGO,18,A,HOMBRE,MASCULINO,MESTIZO/A,SOLTERO,ECUADOR,NINGUNA,ESTADO PERSONAL,SIN_DATO
ASESINATO,ZONA 8,D.M. GUAYAQUIL,PASCUALES,SAN FRANCISCO,09D07C07S02,SAN FRANCISCO 2,09,GUAYAS,0901,GUAYAQUIL,"-2,0529","-79,94368",URBANO,CENTROS DE REHABILITACIÓN SOCIAL,PRIVADO,2026/02/20,20:00:00,ARMA CONTUNDENTE,OBJETO CONTUSO,DELINCUENCIA COMÚN,AMENAZA,HERIDAS CONTUSAS,22,A,HOMBRE,MASCULINO,MESTIZO/A,SOLTERO,ECUADOR,NINGUNA,ESTADO PERSONAL,SIN_DATO
ASESINATO,ZONA 7,EL ORO,MACHALA,LA FERROVIARIA,07D02C15S01,LA FERROVIARIA 1,07,EL ORO,0701,MACHALA,"-3,26973","-79,94566",URBANO,INTERIOR DE VEHÍCULO PARTICULAR,PRIVADO,2026/02/24,10:00:00,ARMA DE FUEGO,PISTOLA,DELINCUENCIA COMÚN,AMENAZA,HERIDA POR ARMA DE FUEGO,47,A,MUJER,FEMENINO,MESTIZO/A,SOLTERO,ECUADOR,NINGUNA,INGENIERO/ARQUITECTO,SIN_DATO
ASESINATO,ZONA 6,CAÑAR,LA TRONCAL,TRONCAL CENTRO,03D03C02S01,TRONCAL CENTRO 1,03,CAÑAR,0304,LA TRONCAL,"-2,34938","-79,31205",URBANO,MAR,PUBLICO,2026/02/24,09:00:00,ARMA DE FUEGO,PISTOLA,DELINCUENCIA COMÚN,TRÁFICO INTERNO DE DROGAS (MICROTRÁFICO),HERIDA POR ARMA DE FUEGO,SIN_DATO,SIN_DATO,HOMBRE,MASCULINO,MESTIZO/A,NO DETERMINADO,NO DETERMINADO,NINGUNA,SIN_DATO,SIN_DATO
ASESINATO,ZONA 5,LOS RÍOS,QUEVEDO,7 DE OCTUBRE,12D03C07S01,7 DE OCTUBRE 1,12,LOS RÍOS,1205,QUEVEDO,"-1,02619","-79,47278",URBANO,VÍA PÚBLICA,PUBLICO,2026/02/24,19:00:00,ARMA DE FUEGO,PISTOLA,DELINCUENCIA COMÚN,AMENAZA,HERIDA POR ARMA DE FUEGO,15,A,HOMBRE,MASCULINO,MESTIZO/A,SOLTERO,VENEZUELA,NINGUNA,SIN_DATO,SIN_DATO
ASESINATO,ZONA 5,LOS RÍOS,QUEVEDO,CONTROL,12D03C02S02,CONTROL 2,12,LOS RÍOS,1205,QUEVEDO,"-1,00297","-79,47848",URBANO,CASA/VILLA,PRIVADO,2026/02/25,02:00:00,ARMA DE FUEGO,FUSIL,DELINCUENCIA COMÚN,AMENAZA,HERIDA POR ARMA DE FUEGO,23,A,MUJER,FEMENINO,MESTIZO/A,SOLTERO,ECUADOR,NINGUNA,ESTADO PERSONAL,SIN_DATO
ASESINATO,ZONA 8,D.M. GUAYAQUIL,PASCUALES,PASCUALES,09D07C06S01,PASCUALES 1,09,GUAYAS,0901,GUAYAQUIL,"-2,07834","-79,9277",URBANO,CASA/VILLA,PRIVADO,2026/02/25,03:25:00,ARMA DE FUEGO,PISTOLA,DELINCUENCIA COMÚN,TRÁFICO INTERNO DE DROGAS (MICROTRÁFICO),HERIDA POR ARMA DE FUEGO,41,A,HOMBRE,MASCULINO,MESTIZO/A,SOLTERO,ECUADOR,NINGUNA,MAQUINISTA/OPERADOR,SIN_DATO
ASESINATO,ZONA 7,EL ORO,HUAQUILLAS,UNIÓN LOJANA,07D05C05S02,UNIÓN LOJANA 2,07,EL ORO,0707,HUAQUILLAS,"-3,47718","-80,21686",URBANO,VÍA PÚBLICA,PUBLICO,2026/02/24,20:34:00,ARMA DE FUEGO,PISTOLA,DELINCUENCIA COMÚN,AMENAZA,HERIDA POR ARMA DE FUEGO,24,A,HOMBRE,MASCULINO,MESTIZO/A,SOLTERO,ECUADOR,NINGUNA,ESTADO PERSONAL,SIN_DATO
ASESINATO,ZONA 7,EL ORO,HUAQUILLAS,UNIÓN LOJANA,07D05C05S02,UNIÓN LOJANA 2,07,EL ORO,0707,HUAQUILLAS,"-3,4744","-80,2317",URBANO,VÍA PÚBLICA,PUBLICO,2026/02/24,20:24:00,ARMA DE FUEGO,PISTOLA,DELINCUENCIA COMÚN,TRÁFICO INTERNO DE DROGAS (MICROTRÁFICO),HERIDA POR ARMA DE FUEGO,SIN_DATO,SIN_DATO,HOMBRE,MASCULINO,MESTIZO/A,NO DETERMINADO,OTROS,NINGUNA,SIN_DATO,SIN_DATO
ASESINATO,ZONA 8,D.M. GUAYAQUIL,PROGRESO,POSORJA,09D10C02S01,POSORJA 1,09,GUAYAS,0901,GUAYAQUIL,"-2,70421","-80,26317",URBANO,VÍA PÚBLICA,PUBLICO,2026/02/24,21:00:00,ARMA BLANCA,CORTO PUNZANTE,DELINCUENCIA COMÚN,AMENAZA,HERIDA POR ARMA BLANCA,30,A,HOMBRE,MASCULINO,NO DETERMINADO,NO DETERMINADO,NO DETERMINADO,NINGUNA,SIN_DATO,SIN_DATO
ASESINATO,ZONA 5,LOS RÍOS,PUEBLO VIEJO,RICAURTE,12D02C05S01,RICAURTE 1,12,LOS RÍOS,1206,URDANETA,"-1,54109","-79,44729",URBANO,VÍA PÚBLICA,PUBLICO,2026/02/24,05:00:00,ARMA DE FUEGO,OTROS ARMA CORTA,DELINCUENCIA COMÚN,AMENAZA,HERIDA POR ARMA DE FUEGO,33,A,HOMBRE,MASCULINO,MESTIZO/A,SOLTERO,ECUADOR,NINGUNA,ESTADO PERSONAL,BACHILLERATO
ASESINATO,ZONA 8,D.M. GUAYAQUIL,DURÁN,ARBOLITO,09D24C07S02,ARBOLITO 2,09,GUAYAS,0907,DURÁN,"-2,15255","-79,84019",URBANO,CASA/VILLA,PRIVADO,2026/02/25,01:26:00,ARMA DE FUEGO,PISTOLA,DELINCUENCIA COMÚN,AMENAZA,HERIDA POR ARMA DE FUEGO,61,A,HOMBRE,MASCULINO,MESTIZO/A,SOLTERO,ECUADOR,NINGUNA,TRABAJADOR GENERAL,SIN_DATO
ASESINATO,ZONA 8,D.M. GUAYAQUIL,DURÁN,ARBOLITO,09D24C07S02,ARBOLITO 2,09,GUAYAS,0907,DURÁN,"-2,15255","-79,84019",URBANO,CASA/VILLA,PRIVADO,2026/02/25,01:26:00,ARMA DE FUEGO,PISTOLA,DELINCUENCIA COMÚN,AMENAZA,HERIDA POR ARMA DE FUEGO,63,A,HOMBRE,MASCULINO,MESTIZO/A,SOLTERO,ECUADOR,NINGUNA,TRABAJADOR GENERAL,SIN_DATO
ASESINATO,ZONA 8,D.M. GUAYAQUIL,DURÁN,ARBOLITO,09D24C07S02,ARBOLITO 2,09,GUAYAS,0907,DURÁN,"-2,15255","-79,84019",URBANO,CASA/VILLA,PRIVADO,2026/02/25,01:26:00,ARMA DE FUEGO,PISTOLA,DELINCUENCIA COMÚN,AMENAZA,HERIDA POR ARMA DE FUEGO,53,A,HOMBRE,MASCULINO,MESTIZO/A,SOLTERO,ECUADOR,NINGUNA,ESTADO PERSONAL,SIN_DATO
ASESINATO,ZONA 8,D.M. GUAYAQUIL,DURÁN,ARBOLITO,09D24C07S02,ARBOLITO 2,09,GUAYAS,0907,DURÁN,"-2,15255","-79,84019",URBANO,CASA/VILLA,PRIVADO,2026/02/25,01:26:00,ARMA DE FUEGO,PISTOLA,DELINCUENCIA COMÚN,AMENAZA,HERIDA POR ARMA DE FUEGO,34,A,HOMBRE,MASCULINO,MESTIZO/A,SOLTERO,ECUADOR,NINGUNA,ESTADO PERSONAL,SIN_DATO
ASESINATO,ZONA 7,EL ORO,PASAJE,PRIVILEGIO,07D01C03S01,PRIVILEGIO 1,07,EL ORO,0706,EL GUABO,"-3,2063","-79,73612",URBANO,BARES,PRIVADO,2026/02/24,18:00:00,ARMA DE FUEGO,PISTOLA,DELINCUENCIA COMÚN,AMENAZA,HERIDA POR ARMA DE FUEGO,60,A,HOMBRE,MASCULINO,MESTIZO/A,SOLTERO,ECUADOR,NINGUNA,TRABAJADOR PRIMARIO,SECUNDARIA
ASESINATO,ZONA 5,LOS RÍOS,BABAHOYO,MONTALVO,12D01C18S01,MONTALVO 1,12,LOS RÍOS,1203,MONTALVO,"-1,78511","-79,29259",URBANO,VÍA PÚBLICA,PUBLICO,2026/02/24,07:20:00,ARMA DE FUEGO,PISTOLA,DELINCUENCIA COMÚN,AMENAZA,HERIDA POR ARMA DE FUEGO,34,A,HOMBRE,MASCULINO,MESTIZO/A,SOLTERO,ECUADOR,NINGUNA,TRABAJADOR PRIMARIO,SIN_DATO
ASESINATO,ZONA 6,CAÑAR,LA TRONCAL,TRONCAL CENTRO,03D03C02S01,TRONCAL CENTRO 1,03,CAÑAR,0304,LA TRONCAL,"-2,34938","-79,31205",RURAL,MAR,PUBLICO,2026/02/19,14:00:00,ARMA DE FUEGO,PISTOLA,DELINCUENCIA COMÚN,TRÁFICO INTERNO DE DROGAS (MICROTRÁFICO),HERIDA POR ARMA DE FUEGO,26,A,HOMBRE,MASCULINO,MESTIZO/A,SOLTERO,ECUADOR,NINGUNA,TRABAJADOR GENERAL,SIN_DATO
ASESINATO,ZONA 6,CAÑAR,LA TRONCAL,TRONCAL CENTRO,03D03C02S01,TRONCAL CENTRO 1,03,CAÑAR,0304,LA TRONCAL,"-2,34938","-79,31205",RURAL,MAR,PUBLICO,2026/02/19,14:00:00,ARMA DE FUEGO,PISTOLA,DELINCUENCIA COMÚN,TRÁFICO INTERNO DE DROGAS (MICROTRÁFICO),HERIDA POR ARMA DE FUEGO,20,A,HOMBRE,NO APLICA,MESTIZO/A,SOLTERO,ECUADOR,NINGUNA,TRABAJADOR GENERAL,SIN_DATO
ASESINATO,ZONA 8,D.M. GUAYAQUIL,PASCUALES,SAN FRANCISCO,09D07C07S02,SAN FRANCISCO 2,09,GUAYAS,0901,GUAYAQUIL,"-2,05292","-79,94452",URBANO,CENTROS DE REHABILITACIÓN SOCIAL,PRIVADO,2026/02/23,09:00:00,OTROS,NINGUNA,DELINCUENCIA COMÚN,AMENAZA,SOFOCACION,31,A,HOMBRE,MASCULINO,MESTIZO/A,SOLTERO,ECUADOR,NINGUNA,ESTADO PERSONAL,SIN_DATO
ASESINATO,ZONA 5,GUAYAS,JUJAN SIMÓN BOLÍVAR,SIMÓN BOLÍVAR,09D11C03S01,SIMÓN BOLÍVAR 1,09,GUAYAS,0922,SIMÓN BOLÍVAR,"-2,04289","-79,47748",RURAL,VÍA PÚBLICA,PUBLICO,2026/02/25,10:30:00,ARMA DE FUEGO,PISTOLA,DELINCUENCIA COMÚN,DEFENSA PROPIA,HERIDA POR ARMA DE FUEGO,19,A,HOMBRE,MASCULINO,MESTIZO/A,SOLTERO,ECUADOR,NINGUNA,ESTADO PERSONAL,SIN_DATO
ASESINATO,ZONA 9,D.M. QUITO,LOS CHILLOS,CONOCOTO SUR,17D08C02S01,CONOCOTO SUR 1,17,PICHINCHA,1701,QUITO,"-0,31925","-78,47527",URBANO,CASA/VILLA,PRIVADO,2026/02/25,06:40:00,ARMA DE FUEGO,OTRO,DELINCUENCIA COMÚN,AMENAZA,HERIDA POR ARMA DE FUEGO,32,A,HOMBRE,MASCULINO,MESTIZO/A,CASADO,ECUADOR,NINGUNA,INGENIERO/ARQUITECTO,SIN_DATO
ASESINATO,ZONA 2,PICHINCHA,RUMIÑAHUI - MEJÍA,ALÓAG,17D11C05S01,ALÓAG 1,17,PICHINCHA,1703,MEJÍA,"-0,44047","-78,67489",RURAL,QUEBRADAS,PUBLICO,2026/02/19,05:00:00,OTROS,NINGUNA,DELINCUENCIA COMÚN,ROBO DE CARROS,HERIDAS CONTUSAS,27,A,HOMBRE,MASCULINO,MESTIZO/A,SOLTERO,ECUADOR,NINGUNA,ESTADO PERSONAL,SIN_DATO
ASESINATO,ZONA 7,EL ORO,MACHALA,EL CAMBIO,07D02C12S01,EL CAMBIO 1,07,EL ORO,0701,MACHALA,"-3,27925","-79,8874",RURAL,FINCA,PRIVADO,2026/02/18,21:00:00,ARMA BLANCA,MACHETE,DELINCUENCIA COMÚN,TRÁFICO INTERNO DE DROGAS (MICROTRÁFICO),HERIDA POR ARMA BLANCA,24,A,HOMBRE,MASCULINO,MESTIZO/A,NO DETERMINADO,ECUADOR,NINGUNA,SIN_DATO,SIN_DATO
ASESINATO,ZONA 8,D.M. GUAYAQUIL,PROGRESO,PROGRESO,09D10C03S01,PROGRESO 1,09,GUAYAS,0901,GUAYAQUIL,"-2,36245","-80,26846",RURAL,VÍA PÚBLICA,PUBLICO,2026/02/25,18:00:00,ARMA DE FUEGO,OTROS ARMA CORTA,DELINCUENCIA COMÚN,AMENAZA,HERIDA POR ARMA DE FUEGO,20,A,HOMBRE,MASCULINO,NO DETERMINADO,NO DETERMINADO,NO DETERMINADO,NINGUNA,SIN_DATO,SIN_DATO
ASESINATO,ZONA 5,LOS RÍOS,QUEVEDO,GALO PLAZA,12D03C05S01,GALO PLAZA 1,12,LOS RÍOS,1205,QUEVEDO,"-1,00565","-79,47422",URBANO,VÍA PÚBLICA,PUBLICO,2026/02/25,19:30:00,ARMA DE FUEGO,OTRO,DELINCUENCIA COMÚN,AMENAZA,HERIDA POR ARMA DE FUEGO,51,A,HOMBRE,MASCULINO,MESTIZO/A,SOLTERO,ECUADOR,NINGUNA,TRABAJADOR GENERAL,SIN_DATO
ASESINATO,ZONA 8,D.M. GUAYAQUIL,PASCUALES,ORQUÍDEAS,09D07C05S05,ORQUÍDEAS 5,09,GUAYAS,0901,GUAYAQUIL,"-2,05808","-79,88517",URBANO,VÍA PÚBLICA,PUBLICO,2026/02/26,00:05:00,ARMA DE FUEGO,OTROS ARMA CORTA,DELINCUENCIA COMÚN,AMENAZA,HERIDA POR ARMA DE FUEGO,23,A,HOMBRE,MASCULINO,MESTIZO/A,SOLTERO,ECUADOR,NINGUNA,ESTADO PERSONAL,SIN_DATO
ASESINATO,ZONA 8,D.M. GUAYAQUIL,PASCUALES,ORQUÍDEAS,09D07C05S05,ORQUÍDEAS 5,09,GUAYAS,0901,GUAYAQUIL,"-2,05808","-79,88517",URBANO,VÍA PÚBLICA,PUBLICO,2026/02/26,00:05:00,ARMA DE FUEGO,OTROS ARMA CORTA,DELINCUENCIA COMÚN,AMENAZA,HERIDA POR ARMA DE FUEGO,10,A,HOMBRE,MASCULINO,MESTIZO/A,SOLTERO,ECUADOR,NINGUNA,ESTADO PERSONAL,SIN_DATO
ASESINATO,ZONA 5,GUAYAS,JUJAN SIMÓN BOLÍVAR,SIMÓN BOLÍVAR,09D11C03S01,SIMÓN BOLÍVAR 1,09,GUAYAS,0922,SIMÓN BOLÍVAR,"-1,99985","-79,47716",URBANO,CASA/VILLA,PRIVADO,2026/02/26,03:00:00,ARMA DE FUEGO,PISTOLA,DELINCUENCIA COMÚN,AMENAZA,HERIDA POR ARMA DE FUEGO,23,A,HOMBRE,MASCULINO,MESTIZO/A,SOLTERO,ECUADOR,NINGUNA,ESTADO PERSONAL,SIN_DATO
ASESINATO,ZONA 5,GUAYAS,JUJAN SIMÓN BOLÍVAR,SIMÓN BOLÍVAR,09D11C03S01,SIMÓN BOLÍVAR 1,09,GUAYAS,0922,SIMÓN BOLÍVAR,"-1,99985","-79,47716",URBANO,CASA/VILLA,PRIVADO,2026/02/26,03:00:00,ARMA DE FUEGO,PISTOLA,DELINCUENCIA COMÚN,AMENAZA,HERIDA POR ARMA DE FUEGO,32,A,HOMBRE,MASCULINO,MESTIZO/A,SOLTERO,ECUADOR,NINGUNA,ESTADO PERSONAL,SIN_DATO
ASESINATO,ZONA 5,GUAYAS,JUJAN SIMÓN BOLÍVAR,SIMÓN BOLÍVAR,09D11C03S01,SIMÓN BOLÍVAR 1,09,GUAYAS,0922,SIMÓN BOLÍVAR,"-1,99985","-79,47716",URBANO,CASA/VILLA,PRIVADO,2026/02/26,03:00:00,ARMA DE FUEGO,PISTOLA,DELINCUENCIA COMÚN,AMENAZA,HERIDA POR ARMA DE FUEGO,24,A,HOMBRE,MASCULINO,MESTIZO/A,SOLTERO,ECUADOR,NINGUNA,ESTADO PERSONAL,SIN_DATO
ASESINATO,ZONA 5,GUAYAS,JUJAN SIMÓN BOLÍVAR,SIMÓN BOLÍVAR,09D11C03S01,SIMÓN BOLÍVAR 1,09,GUAYAS,0922,SIMÓN BOLÍVAR,"-1,99985","-79,47716",URBANO,CASA/VILLA,PRIVADO,2026/02/26,03:00:00,ARMA DE FUEGO,PISTOLA,DELINCUENCIA COMÚN,AMENAZA,HERIDA POR ARMA DE FUEGO,32,A,HOMBRE,MASCULINO,MESTIZO/A,SOLTERO,ECUADOR,NINGUNA,ESTADO PERSONAL,SIN_DATO
ASESINATO,ZONA 5,GUAYAS,DAULE,NOBOL,09D19C10S01,NOBOL 1,09,GUAYAS,0925,NOBOL,"-1,96988","-80,01045",URBANO,VÍA PÚBLICA,PUBLICO,2026/02/25,14:10:00,ARMA DE FUEGO,REVOLVER,DELINCUENCIA COMÚN,AMENAZA,HERIDA POR ARMA DE FUEGO,55,A,HOMBRE,MASCULINO,MESTIZO/A,SOLTERO,ECUADOR,NINGUNA,TRABAJADOR GENERAL,SIN_DATO
ASESINATO,ZONA 7,EL ORO,MACHALA,LA FERROVIARIA,07D02C15S01,LA FERROVIARIA 1,07,EL ORO,0701,MACHALA,"-3,26821","-79,94409",URBANO,VÍA PÚBLICA,PUBLICO,2026/02/25,22:40:00,ARMA BLANCA,CUCHILLO,VIOLENCIA COMUNITARIA,RIÑAS,HERIDA POR ARMA BLANCA,29,A,HOMBRE,MASCULINO,MESTIZO/A,SOLTERO,VENEZUELA,NINGUNA,SIN_DATO,SIN_DATO
ASESINATO,ZONA 8,D.M. GUAYAQUIL,PORTETE,BATALLÓN DEL SUBURBIO,09D04C05S01,BATALLÓN DEL SUBURBIO 1,09,GUAYAS,0901,GUAYAQUIL,"-2,22379","-79,94371",URBANO,VÍA PÚBLICA,PUBLICO,2026/02/26,01:20:00,ARMA DE FUEGO,PISTOLA,DELINCUENCIA COMÚN,TRÁFICO INTERNO DE DROGAS (MICROTRÁFICO),HERIDA POR ARMA DE FUEGO,27,A,HOMBRE,MASCULINO,MESTIZO/A,SOLTERO,ECUADOR,NINGUNA,ESTADO PERSONAL,SIN_DATO
ASESINATO,ZONA 2,ORELLANA,LA JOYA DE LOS SACHAS,SAN PEDRO,22D01C02S01,SAN PEDRO 1,22,ORELLANA,2203,LA JOYA DE LOS SACHAS,"-0,22598","-76,84885",URBANO,CASA/VILLA,PRIVADO,2026/02/25,18:30:00,ARMA DE FUEGO,REVOLVER,DELINCUENCIA COMÚN,AMENAZA,HERIDA POR ARMA DE FUEGO,43,A,HOMBRE,MASCULINO,MESTIZO/A,EN UNION DE HECHO,COLOMBIA,NINGUNA,SIN_DATO,SIN_DATO
ASESINATO,ZONA 5,LOS RÍOS,PUEBLO VIEJO,SAN JUAN,12D02C02S01,SAN JUAN 1,12,LOS RÍOS,1204,PUEBLOVIEJO,"-1,62352","-79,56181",URBANO,PAPELERÍA,PRIVADO,2026/02/25,15:31:00,ARMA DE FUEGO,PISTOLA,DELINCUENCIA COMÚN,AMENAZA,HERIDA POR ARMA DE FUEGO,22,A,HOMBRE,MASCULINO,MESTIZO/A,SOLTERO,ECUADOR,NINGUNA,BACHILLER TÉCNICO,SIN_DATO
ASESINATO,ZONA 5,LOS RÍOS,PUEBLO VIEJO,SAN JUAN,12D02C02S01,SAN JUAN 1,12,LOS RÍOS,1204,PUEBLOVIEJO,"-1,62352","-79,56181",URBANO,PAPELERÍA,PRIVADO,2026/02/25,15:31:00,ARMA DE FUEGO,PISTOLA,DELINCUENCIA COMÚN,AMENAZA,HERIDA POR ARMA DE FUEGO,47,A,HOMBRE,MASCULINO,MESTIZO/A,SOLTERO,ECUADOR,NINGUNA,ESTADO PERSONAL,SIN_DATO
ASESINATO,ZONA 8,D.M. GUAYAQUIL,9 DE OCTUBRE,9 DE OCTUBRE,09D03C03S03,9 DE OCTUBRE 3,09,GUAYAS,0901,GUAYAQUIL,"-2,18129","-79,87779",URBANO,CASA/VILLA,PRIVADO,2026/02/26,03:55:00,ARMA DE FUEGO,PISTOLA,DELINCUENCIA COMÚN,AMENAZA,HERIDA POR ARMA DE FUEGO,17,A,HOMBRE,MASCULINO,MESTIZO/A,SOLTERO,ECUADOR,NINGUNA,ESTADO PERSONAL,SIN_DATO
ASESINATO,ZONA 5,GUAYAS,NARANJAL BALAO,VILLA NUEVA,09D12C08S01,VILLA NUEVA 1,09,GUAYAS,0911,NARANJAL,"-2,58661","-79,59315",RURAL,VÍA PÚBLICA,PUBLICO,2026/02/25,17:00:00,ARMA DE FUEGO,PISTOLA,DELINCUENCIA COMÚN,AMENAZA,HERIDA POR ARMA DE FUEGO,19,A,HOMBRE,MASCULINO,MESTIZO/A,SOLTERO,ECUADOR,NINGUNA,SIN_DATO,SIN_DATO
ASESINATO,ZONA 5,GUAYAS,NARANJAL BALAO,VILLA NUEVA,09D12C08S01,VILLA NUEVA 1,09,GUAYAS,0911,NARANJAL,"-2,58661","-79,59315",RURAL,VÍA PÚBLICA,PUBLICO,2026/02/25,17:00:00,ARMA DE FUEGO,PISTOLA,DELINCUENCIA COMÚN,AMENAZA,HERIDA POR ARMA DE FUEGO,18,A,HOMBRE,MASCULINO,MESTIZO/A,SOLTERO,ECUADOR,NINGUNA,ESTADO PERSONAL,SIN_DATO
ASESINATO,ZONA 8,D.M. GUAYAQUIL,DURÁN,DIVINO NIÑO,09D24C06S01,DIVINO NIÑO 1,09,GUAYAS,0907,DURÁN,"-2,16708","-79,82243",URBANO,VÍA PÚBLICA,PUBLICO,2026/02/25,20:00:00,ARMA DE FUEGO,PISTOLA,DELINCUENCIA COMÚN,AMENAZA,HERIDA POR ARMA DE FUEGO,29,A,HOMBRE,MASCULINO,MESTIZO/A,SOLTERO,ECUADOR,NINGUNA,ESTADO PERSONAL,SIN_DATO
ASESINATO,ZONA 8,D.M. GUAYAQUIL,PASCUALES,PASCUALES,09D07C06S03,PASCUALES 3,09,GUAYAS,0901,GUAYAQUIL,"-2,06746","-79,93283",URBANO,CASA/VILLA,PRIVADO,2026/02/25,15:30:00,ARMA DE FUEGO,PISTOLA,DELINCUENCIA COMÚN,TRÁFICO INTERNO DE DROGAS (MICROTRÁFICO),HERIDA POR ARMA DE FUEGO,24,A,HOMBRE,MASCULINO,MESTIZO/A,SOLTERO,ECUADOR,NINGUNA,ESTADO PERSONAL,SIN_DATO
ASESINATO,ZONA 8,D.M. GUAYAQUIL,SUR - DMG,FLORESTA,09D01C03S02,FLORESTA 2,09,GUAYAS,0901,GUAYAQUIL,"-2,25698","-79,88875",URBANO,VÍA PÚBLICA,PUBLICO,2026/02/25,19:50:00,ARMA DE FUEGO,PISTOLA,DELINCUENCIA COMÚN,AMENAZA,HERIDA POR ARMA DE FUEGO,16,A,HOMBRE,MASCULINO,MESTIZO/A,SOLTERO,ECUADOR,NINGUNA,ESTADO PERSONAL,SIN_DATO
ASESINATO,ZONA 8,D.M. GUAYAQUIL,SUR - DMG,FLORESTA,09D01C03S02,FLORESTA 2,09,GUAYAS,0901,GUAYAQUIL,"-2,25698","-79,88875",URBANO,VÍA PÚBLICA,PUBLICO,2026/02/25,19:50:00,ARMA DE FUEGO,PISTOLA,DELINCUENCIA COMÚN,AMENAZA,HERIDA POR ARMA DE FUEGO,56,A,HOMBRE,MASCULINO,MESTIZO/A,SOLTERO,ECUADOR,NINGUNA,TRABAJADOR COMERCIAL,SIN_DATO
ASESINATO,ZONA 5,GUAYAS,EMPALME,CARLOS JULIO AROSEMENA,09D15C03S01,CARLOS JULIO AROSEMENA 1,09,GUAYAS,0908,EL EMPALME,"-0,98081","-79,58698",RURAL,CASA/VILLA,PRIVADO,2026/02/25,22:45:00,ARMA DE FUEGO,PISTOLA,DELINCUENCIA COMÚN,AMENAZA,HERIDA POR ARMA DE FUEGO,23,A,HOMBRE,MASCULINO,MESTIZO/A,SOLTERO,ECUADOR,NINGUNA,ESTADO PERSONAL,SIN_DATO
ASESINATO,ZONA 8,D.M. GUAYAQUIL,ESTEROS,ESTEROS,09D02C01S01,ESTEROS 1,09,GUAYAS,0901,GUAYAQUIL,"-2,26077","-79,89978",URBANO,VÍA PÚBLICA,PUBLICO,2026/02/25,18:00:00,ARMA DE FUEGO,OTROS ARMA CORTA,DELINCUENCIA COMÚN,AMENAZA,HERIDA POR ARMA DE FUEGO,33,A,HOMBRE,MASCULINO,MESTIZO/A,CASADO,ECUADOR,NINGUNA,ESTADO PERSONAL,BASICA
ASESINATO,ZONA 8,D.M. GUAYAQUIL,FLORIDA,FLORIDA,09D06C05S01,FLORIDA 1,09,GUAYAS,0901,GUAYAQUIL,"-2,13587","-79,94477",URBANO,VÍA PÚBLICA,PUBLICO,2026/02/26,02:50:00,ARMA DE FUEGO,OTROS ARMA CORTA,DELINCUENCIA COMÚN,AMENAZA,HERIDA POR ARMA DE FUEGO,20,A,HOMBRE,MASCULINO,MESTIZO/A,SOLTERO,ECUADOR,NINGUNA,ESTADO PERSONAL,SIN_DATO
ASESINATO,ZONA 4,MANABÍ,CHONE,BEJUCO,13D07C01S01,BEJUCO 1,13,MANABÍ,1303,CHONE,"-0,6934","-80,0642",URBANO,VÍA PÚBLICA,PUBLICO,2026/02/25,19:00:00,ARMA DE FUEGO,PISTOLA,DELINCUENCIA COMÚN,TRÁFICO INTERNO DE DROGAS (MICROTRÁFICO),HERIDA POR ARMA DE FUEGO,31,A,HOMBRE,MASCULINO,MESTIZO/A,SOLTERO,ECUADOR,NINGUNA,SIN_DATO,SIN_DATO
ASESINATO,ZONA 8,D.M. GUAYAQUIL,PASCUALES,PUENTE LUCÍA,09D07C08S02,PUENTE LUCÍA 2,09,GUAYAS,0901,GUAYAQUIL,"-1,98671","-79,98382",URBANO,VÍA PÚBLICA,PUBLICO,2026/02/24,10:00:00,ARMA DE FUEGO,OTROS ARMA CORTA,DELINCUENCIA COMÚN,AMENAZA,HERIDA POR ARMA DE FUEGO,22,A,HOMBRE,MASCULINO,MULATO/A,SOLTERO,ECUADOR,NINGUNA,ESTADO PERSONAL,SIN_DATO
ASESINATO,ZONA 5,GUAYAS,EMPALME,EMPALME SUROESTE,09D15C04S01,EMPALME SUROESTE 1,09,GUAYAS,0908,EL EMPALME,"-1,04881","-79,6406",URBANO,CASA/VILLA,PRIVADO,2026/02/26,12:30:00,ARMA DE FUEGO,PISTOLA,DELINCUENCIA COMÚN,AMENAZA,HERIDA POR ARMA DE FUEGO,58,A,HOMBRE,MASCULINO,MESTIZO/A,SOLTERO,ECUADOR,NINGUNA,TRABAJADOR COMERCIAL,BACHILLERATO
ASESINATO,ZONA 7,EL ORO,HUAQUILLAS,HUALTACO,07D05C06S01,HUALTACO 1,07,EL ORO,0707,HUAQUILLAS,"-3,44903","-80,22506",URBANO,PUERTOS,PUBLICO,2026/02/26,13:50:00,ARMA DE FUEGO,PISTOLA,DELINCUENCIA COMÚN,AMENAZA,HERIDA POR ARMA DE FUEGO,23,A,HOMBRE,MASCULINO,AFRO,SOLTERO,ECUADOR,NINGUNA,ESTADO PERSONAL,SIN_DATO
ASESINATO,ZONA 8,D.M. GUAYAQUIL,FLORIDA,SAMANES,09D06C03S01,SAMANES 1,09,GUAYAS,0901,GUAYAQUIL,"-2,12057","-79,91266",URBANO,MECÁNICAS,PRIVADO,2026/02/26,14:33:00,ARMA DE FUEGO,REVOLVER,DELINCUENCIA COMÚN,AMENAZA,HERIDA POR ARMA DE FUEGO,42,A,HOMBRE,MASCULINO,MESTIZO/A,SOLTERO,ECUADOR,NINGUNA,TÉCNICO,SIN_DATO
ASESINATO,ZONA 4,MANABÍ,MANTA,MARÍA AUXILIADORA,13D02C08S01,MARÍA AUXILIADORA 1,13,MANABÍ,1308,MANTA,"-0,98032","-80,72037",URBANO,VÍA PÚBLICA,PUBLICO,2026/02/26,07:40:00,ARMA DE FUEGO,PISTOLA,DELINCUENCIA COMÚN,AMENAZA,HERIDA POR ARMA DE FUEGO,51,A,HOMBRE,MASCULINO,MESTIZO/A,CASADO,ECUADOR,NINGUNA,INGENIERO/ARQUITECTO,SIN_DATO
ASESINATO,ZONA 8,D.M. GUAYAQUIL,PORTETE,BATALLÓN DEL SUBURBIO,09D04C05S01,BATALLÓN DEL SUBURBIO 1,09,GUAYAS,0901,GUAYAQUIL,"-2,22265","-79,9467",URBANO,VÍA PÚBLICA,PUBLICO,2026/02/26,22:38:00,ARMA DE FUEGO,PISTOLA,DELINCUENCIA COMÚN,TRÁFICO INTERNO DE DROGAS (MICROTRÁFICO),HERIDA POR ARMA DE FUEGO,25,A,HOMBRE,MASCULINO,NO DETERMINADO,SOLTERO,ECUADOR,NINGUNA,ESTADO PERSONAL,SIN_DATO
ASESINATO,ZONA 5,GUAYAS,PLAYAS,PLAYAS,09D22C01S01,PLAYAS 1,09,GUAYAS,0921,PLAYAS,"-2,62905","-80,40121",URBANO,VÍA PÚBLICA,PUBLICO,2026/02/26,21:00:00,ARMA DE FUEGO,PISTOLA,DELINCUENCIA COMÚN,AMENAZA,HERIDA POR ARMA DE FUEGO,21,A,HOMBRE,MASCULINO,MESTIZO/A,SOLTERO,ECUADOR,NINGUNA,ESTADO PERSONAL,SIN_DATO
ASESINATO,ZONA 2,NAPO,EL VALLE DE QUIJOS,LINARES,15D02C02S01,LINARES 1,15,NAPO,1504,EL CHACO,"-0,38103","-77,77918",RURAL,CASA/VILLA,PRIVADO,2026/02/26,09:55:00,ARMA BLANCA,CUCHILLO,VIOLENCIA COMUNITARIA,RIÑAS,HERIDA POR ARMA BLANCA,43,A,HOMBRE,MASCULINO,MESTIZO/A,SOLTERO,ECUADOR,NINGUNA,AYUDANTE/JORNALERO,SIN_DATO
ASESINATO,ZONA 4,MANABÍ,BOLÍVAR JUNÍN,CALCETA CENTRO,13D06C01S01,CALCETA CENTRO 1,13,MANABÍ,1302,BOLÍVAR,"-0,8492","-80,1897",RURAL,VÍA PÚBLICA,PUBLICO,2026/02/26,20:40:00,ARMA DE FUEGO,PISTOLA,DELINCUENCIA COMÚN,TRÁFICO INTERNO DE DROGAS (MICROTRÁFICO),HERIDA POR ARMA DE FUEGO,39,A,HOMBRE,MASCULINO,MESTIZO/A,SOLTERO,ECUADOR,NINGUNA,AYUDANTE/JORNALERO,SIN_DATO
ASESINATO,ZONA 5,GUAYAS,DAULE,LA YOLITA,09D19C01S01,LA YOLITA 1,09,GUAYAS,0906,DAULE,"-1,87045","-79,98137",URBANO,VÍA PÚBLICA,PUBLICO,2026/02/26,19:00:00,ARMA DE FUEGO,PISTOLA,DELINCUENCIA COMÚN,TRÁFICO INTERNO DE DROGAS (MICROTRÁFICO),HERIDA POR ARMA DE FUEGO,19,A,HOMBRE,MASCULINO,MESTIZO/A,SOLTERO,ECUADOR,NINGUNA,ESTADO PERSONAL,SIN_DATO
ASESINATO,ZONA 5,LOS RÍOS,QUEVEDO,GALO PLAZA,12D03C05S02,GALO PLAZA 2,12,LOS RÍOS,1205,QUEVEDO,"-1,00679","-79,47852",URBANO,VÍA PÚBLICA,PUBLICO,2026/02/26,19:00:00,ARMA DE FUEGO,PISTOLA,DELINCUENCIA COMÚN,AMENAZA,HERIDA POR ARMA DE FUEGO,44,A,HOMBRE,MASCULINO,MESTIZO/A,SOLTERO,ECUADOR,NINGUNA,TRABAJADOR GENERAL,SIN_DATO
ASESINATO,ZONA 5,LOS RÍOS,QUEVEDO,MOCACHE,12D03C11S01,MOCACHE 1,12,LOS RÍOS,1212,MOCACHE,"-1,07825","-79,5013",URBANO,TRANSPORTE PÚBLICO,PUBLICO,2026/02/26,14:40:00,ARMA DE FUEGO,PISTOLA,DELINCUENCIA COMÚN,AMENAZA,HERIDA POR ARMA DE FUEGO,21,A,HOMBRE,MASCULINO,MESTIZO/A,SOLTERO,ECUADOR,NINGUNA,SIN_DATO,SIN_DATO
ASESINATO,ZONA 8,D.M. GUAYAQUIL,MODELO,GUAYACANES,09D05C03S06,GUAYACANES 6,09,GUAYAS,0901,GUAYAQUIL,"-2,10002","-79,90651",URBANO,VÍA PÚBLICA,PUBLICO,2026/02/26,23:15:00,ARMA DE FUEGO,PISTOLA,DELINCUENCIA COMÚN,TRÁFICO INTERNO DE DROGAS (MICROTRÁFICO),HERIDA POR ARMA DE FUEGO,34,A,MUJER,FEMENINO,MESTIZO/A,SOLTERO,ECUADOR,NINGUNA,ESTADO PERSONAL,SIN_DATO
HOMICIDIO,ZONA 9,D.M. QUITO,TUMBACO,QUINCHE,17D09C08S02,QUINCHE 2,17,PICHINCHA,1701,QUITO,"-0,10794","-78,2981",URBANO,CASA/VILLA,PRIVADO,2026/02/27,05:00:00,ARMA BLANCA,CUCHILLO,VIOLENCIA COMUNITARIA,RIÑAS,HERIDA POR ARMA BLANCA,22,A,HOMBRE,MASCULINO,MESTIZO/A,SOLTERO,ECUADOR,NINGUNA,ESTADO PERSONAL,SIN_DATO
ASESINATO,ZONA 4,MANABÍ,JIPIJAPA,PUERTO CAYO,13D03C09S01,PUERTO CAYO 1,13,MANABÍ,1306,JIPIJAPA,"-1,35972","-80,64476",RURAL,VÍA PÚBLICA,PUBLICO,2026/02/26,14:00:00,ARMA DE FUEGO,PISTOLA,DELINCUENCIA COMÚN,AMENAZA,HERIDA POR ARMA DE FUEGO,26,A,MUJER,FEMENINO,MESTIZO/A,SOLTERO,ECUADOR,NINGUNA,ESTADO PERSONAL,BASICA
ASESINATO,ZONA 8,D.M. GUAYAQUIL,SAMBORONDÓN,TARIFA,09D23C02S01,TARIFA 1,09,GUAYAS,0916,SAMBORONDÓN,"-1,98487","-79,81242",URBANO,VÍA PÚBLICA,PUBLICO,2026/02/26,16:30:00,ARMA DE FUEGO,PISTOLA,DELINCUENCIA COMÚN,TRÁFICO INTERNO DE DROGAS (MICROTRÁFICO),HERIDA POR ARMA DE FUEGO,23,A,HOMBRE,MASCULINO,MESTIZO/A,SOLTERO,ECUADOR,NINGUNA,ESTADO PERSONAL,SIN_DATO
ASESINATO,ZONA 6,CAÑAR,LA TRONCAL,TRONCAL CENTRO,03D03C02S01,TRONCAL CENTRO 1,03,CAÑAR,0304,LA TRONCAL,"-2,34938","-79,31205",URBANO,MAR,PUBLICO,2026/02/22,22:30:00,ARMA DE FUEGO,PISTOLA,DELINCUENCIA COMÚN,AMENAZA,HERIDA POR ARMA DE FUEGO,45,A,HOMBRE,MASCULINO,MESTIZO/A,NO DETERMINADO,NO DETERMINADO,NINGUNA,SIN_DATO,SIN_DATO
ASESINATO,ZONA 8,D.M. GUAYAQUIL,DURÁN,DIVINO NIÑO,09D24C06S04,DIVINO NIÑO 4,09,GUAYAS,0907,DURÁN,"-2,16369","-79,83268",URBANO,VÍA PÚBLICA,PUBLICO,2026/02/27,14:00:00,ARMA DE FUEGO,PISTOLA,DELINCUENCIA COMÚN,AMENAZA,HERIDA POR ARMA DE FUEGO,23,A,HOMBRE,MASCULINO,MESTIZO/A,SOLTERO,ECUADOR,NINGUNA,MESERO,SIN_DATO
ASESINATO,ZONA 9,D.M. QUITO,LA DELICIA,LA BOTA,17D03C18S01,LA BOTA 1,17,PICHINCHA,1701,QUITO,"-0,10805","-78,46641",URBANO,VÍA PÚBLICA,PUBLICO,2026/02/28,06:00:00,ARMA DE FUEGO,PISTOLA,DELINCUENCIA COMÚN,AMENAZA,HERIDA POR ARMA DE FUEGO,25,A,HOMBRE,MASCULINO,NO DETERMINADO,NO DETERMINADO,NO DETERMINADO,NINGUNA,SIN_DATO,SIN_DATO
ASESINATO,ZONA 2,ORELLANA,ORELLANA LORETO,COCA OCCIDENTE,22D02C05S02,COCA OCCIDENTE 2,22,ORELLANA,2201,FRANCISCO DE ORELLANA,"-0,45418","-76,99712",URBANO,VÍA PÚBLICA,PUBLICO,2026/02/28,00:44:00,ARMA DE FUEGO,PISTOLA,DELINCUENCIA COMÚN,ROBO DE MOTOS,HERIDA POR ARMA DE FUEGO,21,A,HOMBRE,MASCULINO,MESTIZO/A,SOLTERO,ECUADOR,NINGUNA,ESTADO PERSONAL,SIN_DATO
FEMICIDIO,ZONA 8,D.M. GUAYAQUIL,PROGRESO,PROGRESO,09D10C03S01,PROGRESO 1,09,GUAYAS,0901,GUAYAQUIL,"-2,07875","-80,00414",URBANO,CASA/VILLA,PRIVADO,2026/02/27,06:00:00,ARMA BLANCA,CUCHILLO,VIOLENCIA INTRAFAMILIAR,MALTRATO,HERIDA POR ARMA BLANCA,33,A,MUJER,FEMENINO,MESTIZO/A,SOLTERO,ECUADOR,NINGUNA,BACHILLER CIENCIAS,SIN_DATO
ASESINATO,ZONA 8,D.M. GUAYAQUIL,ESTEROS,MALVINAS NORTE,09D02C03S03,MALVINAS NORTE 3,09,GUAYAS,0901,GUAYAQUIL,"-2,22658","-79,91423",URBANO,PARQUES Y PLAZAS,PUBLICO,2026/02/27,14:20:00,ARMA DE FUEGO,OTROS ARMA CORTA,DELINCUENCIA COMÚN,AMENAZA,HERIDA POR ARMA DE FUEGO,23,A,HOMBRE,MASCULINO,MESTIZO/A,SOLTERO,ECUADOR,NINGUNA,ESTADO PERSONAL,SIN_DATO
ASESINATO,ZONA 8,D.M. GUAYAQUIL,FLORIDA,FLORIDA,09D06C05S01,FLORIDA 1,09,GUAYAS,0901,GUAYAQUIL,"-2,13757","-79,93883",URBANO,VÍA PÚBLICA,PUBLICO,2026/02/28,02:00:00,ARMA DE FUEGO,PISTOLA,DELINCUENCIA COMÚN,ROBO DE CARROS,HERIDA POR ARMA DE FUEGO,41,A,HOMBRE,MASCULINO,MESTIZO/A,CASADO,ECUADOR,NINGUNA,TRABAJADOR GENERAL,SIN_DATO
ASESINATO,ZONA 1,SUCUMBÍOS,LAGO AGRIO,PARQUE ECOLÓGICO,21D02C03S01,PARQUE ECOLÓGICO 1,21,SUCUMBÍOS,2101,LAGO AGRIO,"0,07876","-76,92352",URBANO,VÍA PÚBLICA,PUBLICO,2026/02/27,08:45:00,ARMA DE FUEGO,REVOLVER,DELINCUENCIA COMÚN,TRÁFICO INTERNO DE DROGAS (MICROTRÁFICO),HERIDA POR ARMA DE FUEGO,25,A,HOMBRE,MASCULINO,MESTIZO/A,SOLTERO,ECUADOR,NINGUNA,MAESTRO DE OBRA/CONSTRUCCIÓN,SIN_DATO
ASESINATO,ZONA 8,D.M. GUAYAQUIL,PORTETE,SUBURBIO,09D04C06S02,SUBURBIO 2,09,GUAYAS,0901,GUAYAQUIL,"-2,2295","-79,94386",URBANO,VÍA PÚBLICA,PUBLICO,2026/02/27,16:15:00,ARMA DE FUEGO,PISTOLA,DELINCUENCIA COMÚN,AMENAZA,HERIDA POR ARMA DE FUEGO,16,A,HOMBRE,MASCULINO,AFRO,SOLTERO,ECUADOR,NINGUNA,ESTADO PERSONAL,SIN_DATO
ASESINATO,ZONA 8,D.M. GUAYAQUIL,PORTETE,SUBURBIO,09D04C06S02,SUBURBIO 2,09,GUAYAS,0901,GUAYAQUIL,"-2,2295","-79,94386",URBANO,VÍA PÚBLICA,PUBLICO,2026/02/27,16:15:00,ARMA DE FUEGO,PISTOLA,DELINCUENCIA COMÚN,AMENAZA,HERIDA POR ARMA DE FUEGO,15,A,HOMBRE,MASCULINO,AFRO,SOLTERO,ECUADOR,NINGUNA,SIN_DATO,SIN_DATO
ASESINATO,ZONA 8,D.M. GUAYAQUIL,PORTETE,SUBURBIO,09D04C06S02,SUBURBIO 2,09,GUAYAS,0901,GUAYAQUIL,"-2,2295","-79,94386",URBANO,VÍA PÚBLICA,PUBLICO,2026/02/27,16:15:00,ARMA DE FUEGO,PISTOLA,DELINCUENCIA COMÚN,AMENAZA,HERIDA POR ARMA DE FUEGO,18,A,HOMBRE,MASCULINO,MESTIZO/A,SOLTERO,ECUADOR,NINGUNA,ESTADO PERSONAL,SIN_DATO
ASESINATO,ZONA 7,EL ORO,SANTA ROSA,SANTA ROSA ESTE,07D06C04S02,SANTA ROSA ESTE 2,07,EL ORO,0712,SANTA ROSA,"-3,46383","-79,96731",URBANO,CASA/VILLA,PRIVADO,2026/02/10,00:30:00,ARMA DE FUEGO,PISTOLA,DELINCUENCIA COMÚN,AMENAZA,HERIDA POR ARMA DE FUEGO,19,A,HOMBRE,MASCULINO,MESTIZO/A,SOLTERO,ECUADOR,NINGUNA,ESTADO PERSONAL,SIN_DATO
ASESINATO,ZONA 6,AZUAY,CUENCA NORTE,BARRIAL BLANCO,01D01C06S01,BARRIAL BLANCO 1,01,AZUAY,0101,CUENCA,"-2,89427","-78,99749",URBANO,VÍA PÚBLICA,PUBLICO,2026/02/26,23:00:00,ARMA DE FUEGO,PISTOLA,DELINCUENCIA COMÚN,TRÁFICO INTERNO DE DROGAS (MICROTRÁFICO),HERIDA POR ARMA DE FUEGO,43,A,HOMBRE,FEMENINO,MESTIZO/A,SOLTERO,ECUADOR,NINGUNA,TRABAJADOR GENERAL,SIN_DATO
ASESINATO,ZONA 8,D.M. GUAYAQUIL,PASCUALES,MUCHO LOTE,09D07C04S02,MUCHO LOTE 2,09,GUAYAS,0901,GUAYAQUIL,"-2,085","-79,92069",URBANO,VÍA PÚBLICA,PUBLICO,2026/02/27,18:02:00,ARMA DE FUEGO,PISTOLA,DELINCUENCIA COMÚN,AMENAZA,HERIDA POR ARMA DE FUEGO,31,A,HOMBRE,MASCULINO,MESTIZO/A,SOLTERO,ECUADOR,NINGUNA,ESTADO PERSONAL,SIN_DATO
ASESINATO,ZONA 8,D.M. GUAYAQUIL,NUEVA PROSPERINA,NUEVA PROSPERINA,09D08C01S02,NUEVA PROSPERINA 2,09,GUAYAS,0901,GUAYAQUIL,"-2,12489","-79,95536",URBANO,VÍA PÚBLICA,PUBLICO,2026/02/27,21:10:00,ARMA DE FUEGO,PISTOLA,DELINCUENCIA COMÚN,TRÁFICO INTERNO DE DROGAS (MICROTRÁFICO),HERIDA POR ARMA DE FUEGO,50,A,HOMBRE,MASCULINO,MESTIZO/A,SOLTERO,ECUADOR,NINGUNA,ESTADO PERSONAL,SIN_DATO
ASESINATO,ZONA 8,D.M. GUAYAQUIL,FLORIDA,FLORIDA,09D06C05S01,FLORIDA 1,09,GUAYAS,0901,GUAYAQUIL,"-2,13648","-79,94021",URBANO,VÍA PÚBLICA,PUBLICO,2026/02/28,00:10:00,ARMA DE FUEGO,PISTOLA,DELINCUENCIA COMÚN,AMENAZA,HERIDA POR ARMA DE FUEGO,30,A,HOMBRE,MASCULINO,MESTIZO/A,SOLTERO,ECUADOR,NINGUNA,TRABAJADOR COMERCIAL,SIN_DATO
ASESINATO,ZONA 7,EL ORO,MACHALA,PÁEZ,07D02C13S01,PÁEZ 1,07,EL ORO,0701,MACHALA,"-3,25974","-79,95279",URBANO,VÍA PÚBLICA,PUBLICO,2026/02/27,18:30:00,ARMA DE FUEGO,PISTOLA,DELINCUENCIA COMÚN,AMENAZA,HERIDA POR ARMA DE FUEGO,16,A,HOMBRE,MASCULINO,MESTIZO/A,SOLTERO,ECUADOR,NINGUNA,ESTADO PERSONAL,SIN_DATO
ASESINATO,ZONA 8,D.M. GUAYAQUIL,NUEVA PROSPERINA,MONTE SINAÍ,09D08C05S01,MONTE SINAÍ 1,09,GUAYAS,0901,GUAYAQUIL,"-2,12606","-79,99191",URBANO,VÍA PÚBLICA,PUBLICO,2026/02/27,02:00:00,ARMA BLANCA,MACHETE,DELINCUENCIA COMÚN,TRÁFICO INTERNO DE DROGAS (MICROTRÁFICO),HERIDA POR ARMA BLANCA,30,A,HOMBRE,MASCULINO,MESTIZO/A,NO DETERMINADO,NO DETERMINADO,NINGUNA,SIN_DATO,SIN_DATO
ASESINATO,ZONA 8,D.M. GUAYAQUIL,NUEVA PROSPERINA,MONTE SINAÍ,09D08C05S01,MONTE SINAÍ 1,09,GUAYAS,0901,GUAYAQUIL,"-2,12606","-79,99191",URBANO,VÍA PÚBLICA,PUBLICO,2026/02/27,02:00:00,ARMA BLANCA,MACHETE,DELINCUENCIA COMÚN,TRÁFICO INTERNO DE DROGAS (MICROTRÁFICO),HERIDA POR ARMA BLANCA,30,A,HOMBRE,MASCULINO,MESTIZO/A,NO DETERMINADO,NO DETERMINADO,NINGUNA,SIN_DATO,SIN_DATO
ASESINATO,ZONA 5,GUAYAS,PLAYAS,PLAYAS,09D22C01S01,PLAYAS 1,09,GUAYAS,0921,PLAYAS,"-2,63078","-80,38969",URBANO,VÍA PÚBLICA,PUBLICO,2026/02/27,16:00:00,ARMA DE FUEGO,PISTOLA,DELINCUENCIA COMÚN,AMENAZA,HERIDA POR ARMA DE FUEGO,31,A,HOMBRE,MASCULINO,MESTIZO/A,SOLTERO,ECUADOR,NINGUNA,ESTADO PERSONAL,SIN_DATO
ASESINATO,ZONA 8,D.M. GUAYAQUIL,NUEVA PROSPERINA,PARAÍSO LA FLOR,09D08C03S04,PARAÍSO LA FLOR 4,09,GUAYAS,0901,GUAYAQUIL,"-2,1008","-79,96501",URBANO,VÍA PÚBLICA,PUBLICO,2026/02/27,21:00:00,ARMA DE FUEGO,PISTOLA,DELINCUENCIA COMÚN,AMENAZA,HERIDA POR ARMA DE FUEGO,16,A,HOMBRE,MASCULINO,MESTIZO/A,SOLTERO,ECUADOR,NINGUNA,SIN_DATO,SIN_DATO
ASESINATO,ZONA 8,D.M. GUAYAQUIL,NUEVA PROSPERINA,PARAÍSO LA FLOR,09D08C03S04,PARAÍSO LA FLOR 4,09,GUAYAS,0901,GUAYAQUIL,"-2,1008","-79,96501",URBANO,VÍA PÚBLICA,PUBLICO,2026/02/27,21:00:00,ARMA DE FUEGO,PISTOLA,DELINCUENCIA COMÚN,AMENAZA,HERIDA POR ARMA DE FUEGO,15,A,HOMBRE,MASCULINO,MESTIZO/A,SOLTERO,ECUADOR,NINGUNA,ESTADO PERSONAL,SIN_DATO
ASESINATO,ZONA 5,GUAYAS,PLAYAS,GENERAL VILLAMIL,09D22C02S02,GENERAL VILLAMIL 2,09,GUAYAS,0921,PLAYAS,"-2,63526","-80,38",URBANO,VÍA PÚBLICA,PUBLICO,2026/02/27,16:00:00,ARMA DE FUEGO,PISTOLA,DELINCUENCIA COMÚN,AMENAZA,HERIDA POR ARMA DE FUEGO,49,A,HOMBRE,MASCULINO,MESTIZO/A,CASADO,ECUADOR,NINGUNA,TRABAJADOR GENERAL,SIN_DATO
ASESINATO,ZONA 8,D.M. GUAYAQUIL,NUEVA PROSPERINA,PARAÍSO LA FLOR,09D08C03S04,PARAÍSO LA FLOR 4,09,GUAYAS,0901,GUAYAQUIL,"-2,1032","-79,96257",URBANO,VÍA PÚBLICA,PUBLICO,2026/02/28,03:15:00,ARMA DE FUEGO,PISTOLA,DELINCUENCIA COMÚN,AMENAZA,HERIDA POR ARMA DE FUEGO,29,A,HOMBRE,MASCULINO,MESTIZO/A,SOLTERO,ECUADOR,NINGUNA,ESTADO PERSONAL,BASICA
HOMICIDIO,ZONA 4,STO DGO DE LOS TSÁCHILAS,SANTO DOMINGO OESTE,VALLE HERMOSO,23D02C08S01,VALLE HERMOSO 1,23,STO DGO DE LOS TSÁCHILAS,2301,SANTO DOMINGO,"-0,0793","-79,32176",URBANO,TRANSPORTE PÚBLICO,PUBLICO,2026/02/28,08:30:00,ARMA DE FUEGO,PISTOLA,DELINCUENCIA COMÚN,ROBO A PERSONAS,HERIDA POR ARMA DE FUEGO,38,A,HOMBRE,MASCULINO,MESTIZO/A,SOLTERO,ECUADOR,NINGUNA,BACHILLER CIENCIAS,SIN_DATO
ASESINATO,ZONA 8,D.M. GUAYAQUIL,NUEVA PROSPERINA,PARAÍSO LA FLOR,09D08C03S04,PARAÍSO LA FLOR 4,09,GUAYAS,0901,GUAYAQUIL,"-2,1032","-79,96257",URBANO,VÍA PÚBLICA,PUBLICO,2026/02/28,03:15:00,ARMA DE FUEGO,PISTOLA,DELINCUENCIA COMÚN,AMENAZA,HERIDA POR ARMA DE FUEGO,41,A,HOMBRE,MASCULINO,MESTIZO/A,SOLTERO,ECUADOR,NINGUNA,TRABAJADOR GENERAL,SIN_DATO
ASESINATO,ZONA 8,D.M. GUAYAQUIL,PORTETE,SUBURBIO,09D04C06S03,SUBURBIO 3,09,GUAYAS,0901,GUAYAQUIL,"-2,22357","-79,9405",URBANO,VÍA PÚBLICA,PUBLICO,2026/02/27,10:40:00,ARMA DE FUEGO,PISTOLA,DELINCUENCIA COMÚN,AMENAZA,HERIDA POR ARMA DE FUEGO,20,A,HOMBRE,MASCULINO,MESTIZO/A,SOLTERO,ECUADOR,NINGUNA,ESTADO PERSONAL,SIN_DATO
ASESINATO,ZONA 5,GUAYAS,BALZAR,LA GUAYAQUIL,09D13C02S01,LA GUAYAQUIL 1,09,GUAYAS,0904,BALZAR,"-1,13413","-79,70307",URBANO,VÍA PÚBLICA,PUBLICO,2026/02/27,23:00:00,ARMA DE FUEGO,OTRO,DELINCUENCIA COMÚN,ROBO DE CARROS,HERIDA POR ARMA DE FUEGO,40,A,HOMBRE,MASCULINO,MESTIZO/A,SOLTERO,ECUADOR,NINGUNA,CHOFER/CONDUCTOR,SIN_DATO
ASESINATO,ZONA 5,GUAYAS,EMPALME,CARLOS JULIO AROSEMENA,09D15C03S01,CARLOS JULIO AROSEMENA 1,09,GUAYAS,0908,EL EMPALME,"-0,95814","-79,74967",RURAL,CASA/VILLA,PRIVADO,2026/02/28,02:30:00,ARMA DE FUEGO,PISTOLA,DELINCUENCIA COMÚN,AMENAZA,HERIDA POR ARMA DE FUEGO,32,A,HOMBRE,MASCULINO,MESTIZO/A,SOLTERO,ECUADOR,NINGUNA,AYUDANTE/JORNALERO,INICIAL
ASESINATO,ZONA 7,EL ORO,MACHALA,EL CAMBIO,07D02C12S01,EL CAMBIO 1,07,EL ORO,0701,MACHALA,"-3,2926","-79,88719",URBANO,VÍA PÚBLICA,PUBLICO,2026/02/27,21:00:00,ARMA DE FUEGO,OTROS ARMA LARGA,DELINCUENCIA COMÚN,AMENAZA,HERIDA POR ARMA DE FUEGO,26,A,HOMBRE,MASCULINO,MESTIZO/A,SOLTERO,ECUADOR,NINGUNA,ESTADO PERSONAL,PRIMARIA
SICARIATO,ZONA 5,GUAYAS,NARANJAL BALAO,VILLA NUEVA,09D12C08S01,VILLA NUEVA 1,09,GUAYAS,0911,NARANJAL,"-2,59506","-79,60409",URBANO,CASA/VILLA,PRIVADO,2026/02/27,22:30:00,ARMA DE FUEGO,PISTOLA,DELINCUENCIA COMÚN,AMENAZA,HERIDA POR ARMA DE FUEGO,37,A,MUJER,FEMENINO,MESTIZO/A,SOLTERO,ECUADOR,NINGUNA,BACHILLER CIENCIAS,SIN_DATO
SICARIATO,ZONA 5,GUAYAS,NARANJAL BALAO,TAURA,09D12C06S02,TAURA 2,09,GUAYAS,0911,NARANJAL,"-2,31726","-79,73171",RURAL,VÍA PÚBLICA,PUBLICO,2026/02/28,03:00:00,ARMA DE FUEGO,PISTOLA,DELINCUENCIA COMÚN,AMENAZA,HERIDA POR ARMA DE FUEGO,25,A,HOMBRE,MASCULINO,MESTIZO/A,SOLTERO,ECUADOR,NINGUNA,AGENTE DE SEGURIDAD,SIN_DATO
ASESINATO,ZONA 7,EL ORO,MACHALA,PUERTO BOLÍVAR,07D02C17S02,PUERTO BOLÍVAR 2,07,EL ORO,0701,MACHALA,"-3,25094","-79,98662",URBANO,VÍA PÚBLICA,PUBLICO,2026/02/28,10:00:00,ARMA DE FUEGO,PISTOLA,DELINCUENCIA COMÚN,TRÁFICO INTERNO DE DROGAS (MICROTRÁFICO),HERIDA POR ARMA DE FUEGO,43,A,HOMBRE,MASCULINO,MESTIZO/A,SOLTERO,ECUADOR,NINGUNA,TRABAJADOR COMERCIAL,SIN_DATO
ASESINATO,ZONA 7,EL ORO,MACHALA,PARQUE LINEAL,07D02C20S01,PARQUE LINEAL 1,07,EL ORO,0701,MACHALA,"-3,26078","-79,96975",URBANO,ESTADIOS,PRIVADO,2026/02/28,15:10:00,ARMA DE FUEGO,PISTOLA,DELINCUENCIA COMÚN,TRÁFICO INTERNO DE DROGAS (MICROTRÁFICO),HERIDA POR ARMA DE FUEGO,29,A,HOMBRE,MASCULINO,MESTIZO/A,SOLTERO,ECUADOR,NINGUNA,TRABAJADOR DE SERVICIOS,SIN_DATO
ASESINATO,ZONA 4,MANABÍ,MANTA,JARAMIJO,13D02C20S02,JARAMIJO 2,13,MANABÍ,1321,JARAMIJÓ,"-0,94817","-80,63833",URBANO,VÍA PÚBLICA,PUBLICO,2026/02/28,14:25:00,ARMA DE FUEGO,PISTOLA,DELINCUENCIA COMÚN,TRÁFICO INTERNO DE DROGAS (MICROTRÁFICO),HERIDA POR ARMA DE FUEGO,42,A,HOMBRE,MASCULINO,MESTIZO/A,SOLTERO,ECUADOR,NINGUNA,AYUDANTE/JORNALERO,SIN_DATO
ASESINATO,ZONA 5,SANTA ELENA,LIBERTAD SALINAS,SALINAS CENTRO,24D02C05S03,SALINAS CENTRO 3,24,SANTA ELENA,2403,SALINAS,"-2,21455","-80,95678",URBANO,VÍA PÚBLICA,PUBLICO,2026/02/26,01:30:00,ARMA DE FUEGO,PISTOLA,DELINCUENCIA COMÚN,AMENAZA,HERIDA POR ARMA DE FUEGO,17,A,MUJER,FEMENINO,MESTIZO/A,SOLTERO,ECUADOR,NINGUNA,ESTADO PERSONAL,SIN_DATO
ASESINATO,ZONA 8,D.M. GUAYAQUIL,9 DE OCTUBRE,ANTEPARA,09D03C06S02,ANTEPARA 2,09,GUAYAS,0901,GUAYAQUIL,"-2,21158","-79,90951",URBANO,VÍA PÚBLICA,PUBLICO,2026/02/28,19:31:00,ARMA DE FUEGO,OTROS ARMA CORTA,DELINCUENCIA COMÚN,TRÁFICO INTERNO DE DROGAS (MICROTRÁFICO),HERIDA POR ARMA DE FUEGO,30,A,HOMBRE,MASCULINO,MESTIZO/A,SOLTERO,ECUADOR,NINGUNA,ESTADO PERSONAL,BASICA
ASESINATO,ZONA 9,D.M. QUITO,TUMBACO,TUMBACO,17D09C01S02,TUMBACO 2,17,PICHINCHA,1701,QUITO,"-0,20748","-78,38905",URBANO,CASA/VILLA,PRIVADO,2026/02/28,23:30:00,ARMA DE FUEGO,REVOLVER,DELINCUENCIA COMÚN,AMENAZA,HERIDA POR ARMA DE FUEGO,28,A,HOMBRE,MASCULINO,MESTIZO/A,SOLTERO,ECUADOR,NINGUNA,ASESOR/CONSULTOR,SIN_DATO
ASESINATO,ZONA 4,STO DGO DE LOS TSÁCHILAS,LA CONCORDIA,CONCORDIA NORTE,23D03C01S03,CONCORDIA NORTE 3,23,STO DGO DE LOS TSÁCHILAS,2302,LA CONCORDIA,"0,00991","-79,39959",URBANO,MECÁNICAS,PRIVADO,2026/02/28,17:41:00,ARMA DE FUEGO,REVOLVER,DELINCUENCIA COMÚN,AMENAZA,HERIDA POR ARMA DE FUEGO,48,A,HOMBRE,MASCULINO,MESTIZO/A,DIVORCIADO,ECUADOR,NINGUNA,TRABAJADOR GENERAL,BACHILLERATO
ASESINATO,ZONA 5,LOS RÍOS,QUEVEDO,LA MERCED,12D03C04S01,LA MERCED 1,12,LOS RÍOS,1205,QUEVEDO,"-1,00516","-79,4434",URBANO,VÍA PÚBLICA,PUBLICO,2026/02/28,03:30:00,ARMA DE FUEGO,PISTOLA,VIOLENCIA COMUNITARIA,RIÑAS,HERIDA POR ARMA DE FUEGO,17,A,HOMBRE,MASCULINO,MESTIZO/A,SOLTERO,ECUADOR,NINGUNA,SIN_DATO,SIN_DATO
ASESINATO,ZONA 8,D.M. GUAYAQUIL,DURÁN,LA HERRADURA,09D24C04S01,LA HERRADURA 1,09,GUAYAS,0907,DURÁN,"-2,15522","-79,78955",URBANO,VÍA PÚBLICA,PUBLICO,2026/02/28,20:00:00,ARMA DE FUEGO,PISTOLA,DELINCUENCIA COMÚN,AMENAZA,HERIDA POR ARMA DE FUEGO,45,A,HOMBRE,MASCULINO,MESTIZO/A,SOLTERO,ECUADOR,NINGUNA,ARTESANO/OFICIO,SIN_DATO
ASESINATO,ZONA 8,D.M. GUAYAQUIL,DURÁN,LA HERRADURA,09D24C04S01,LA HERRADURA 1,09,GUAYAS,0907,DURÁN,"-2,15522","-79,78955",URBANO,VÍA PÚBLICA,PUBLICO,2026/02/28,20:00:00,ARMA DE FUEGO,PISTOLA,DELINCUENCIA COMÚN,AMENAZA,HERIDA POR ARMA DE FUEGO,59,A,HOMBRE,MASCULINO,MESTIZO/A,SOLTERO,ECUADOR,NINGUNA,ESTADO PERSONAL,SIN_DATO
ASESINATO,ZONA 5,GUAYAS,NARANJAL BALAO,SAN CARLOS,09D12C01S01,SAN CARLOS 1,09,GUAYAS,0903,BALAO,"-2,88663","-79,70031",RURAL,FINCA,PRIVADO,2026/02/25,20:00:00,CONSTRICTORA,CABLE,DELINCUENCIA COMÚN,AMENAZA,AHORCADURA,57,A,HOMBRE,MASCULINO,MESTIZO/A,SOLTERO,ECUADOR,NINGUNA,AYUDANTE/JORNALERO,SIN_DATO
ASESINATO,ZONA 8,D.M. GUAYAQUIL,DURÁN,ABEL GILBERT,09D24C01S01,ABEL GILBERT 1,09,GUAYAS,0907,DURÁN,"-2,18407","-79,84298",URBANO,CASA/VILLA,PRIVADO,2026/02/28,21:45:00,ARMA DE FUEGO,PISTOLA,DELINCUENCIA COMÚN,AMENAZA,HERIDA POR ARMA DE FUEGO,21,A,HOMBRE,MASCULINO,MESTIZO/A,SOLTERO,ECUADOR,NINGUNA,ESTADO PERSONAL,SIN_DATO
ASESINATO,ZONA 8,D.M. GUAYAQUIL,DURÁN,ABEL GILBERT,09D24C01S01,ABEL GILBERT 1,09,GUAYAS,0907,DURÁN,"-2,18407","-79,84298",URBANO,CASA/VILLA,PRIVADO,2026/02/28,21:45:00,ARMA DE FUEGO,PISTOLA,DELINCUENCIA COMÚN,AMENAZA,HERIDA POR ARMA DE FUEGO,19,A,HOMBRE,MASCULINO,MESTIZO/A,SOLTERO,ECUADOR,NINGUNA,ESTADO PERSONAL,SIN_DATO
ASESINATO,ZONA 1,ESMERALDAS,ESMERALDAS,SANTA MARTHA,08D01C12S01,SANTA MARTHA 1,08,ESMERALDAS,0801,ESMERALDAS,"0,9684","-79,65096",URBANO,VÍA PÚBLICA,PUBLICO,2026/02/28,23:00:00,ARMA DE FUEGO,PISTOLA,DELINCUENCIA COMÚN,AMENAZA,HERIDA POR ARMA DE FUEGO,36,A,HOMBRE,MASCULINO,AFRO,SOLTERO,ECUADOR,NINGUNA,ESTADO PERSONAL,SIN_DATO
ASESINATO,ZONA 8,D.M. GUAYAQUIL,DURÁN,CENTRO,09D24C02S04,CENTRO 4,09,GUAYAS,0907,DURÁN,"-2,17639","-79,85434",URBANO,CASA/VILLA,PRIVADO,2026/02/24,00:30:00,ARMA DE FUEGO,PISTOLA,DELINCUENCIA COMÚN,AMENAZA,HERIDA POR ARMA DE FUEGO,42,A,HOMBRE,MASCULINO,MESTIZO/A,NO DETERMINADO,VENEZUELA,NINGUNA,SIN_DATO,SIN_DATO
ASESINATO,ZONA 8,D.M. GUAYAQUIL,PASCUALES,PASCUALES,09D07C06S03,PASCUALES 3,09,GUAYAS,0901,GUAYAQUIL,"-2,07213","-79,93929",URBANO,VÍA PÚBLICA,PUBLICO,2026/02/28,13:43:00,ARMA DE FUEGO,PISTOLA,DELINCUENCIA COMÚN,TRÁFICO INTERNO DE DROGAS (MICROTRÁFICO),HERIDA POR ARMA DE FUEGO,SIN_DATO,SIN_DATO,HOMBRE,MASCULINO,MESTIZO/A,SOLTERO,ECUADOR,NINGUNA,SIN_DATO,SIN_DATO
ASESINATO,ZONA 8,D.M. GUAYAQUIL,NUEVA PROSPERINA,PARAÍSO LA FLOR,09D08C03S04,PARAÍSO LA FLOR 4,09,GUAYAS,0901,GUAYAQUIL,"-2,09943","-79,965",URBANO,CASA/VILLA,PRIVADO,2026/02/28,21:50:00,ARMA DE FUEGO,OTROS ARMA LARGA,DELINCUENCIA COMÚN,AMENAZA,HERIDA POR ARMA DE FUEGO,24,A,HOMBRE,MASCULINO,MESTIZO/A,SOLTERO,ECUADOR,NINGUNA,ESTADO PERSONAL,SIN_DATO
ASESINATO,ZONA 8,D.M. GUAYAQUIL,FLORIDA,FLORIDA,09D06C05S01,FLORIDA 1,09,GUAYAS,0901,GUAYAQUIL,"-2,13925","-79,94586",URBANO,VÍA PÚBLICA,PUBLICO,2026/02/27,15:00:00,ARMA DE FUEGO,PISTOLA,DELINCUENCIA COMÚN,TRÁFICO INTERNO DE DROGAS (MICROTRÁFICO),HERIDA POR ARMA DE FUEGO,29,A,HOMBRE,MASCULINO,MESTIZO/A,SOLTERO,ECUADOR,NINGUNA,BACHILLER CIENCIAS,SIN_DATO
ASESINATO,ZONA 1,ESMERALDAS,RÍO VERDE,PALESTINA,08D06C01S02,PALESTINA 2,08,ESMERALDAS,0807,RIOVERDE,"0,95495","-79,43157",RURAL,CASA/VILLA,PRIVADO,2026/02/28,16:00:00,ARMA BLANCA,MACHETE,DELINCUENCIA COMÚN,ROBO A DOMICILIOS,HERIDA POR ARMA BLANCA,63,A,HOMBRE,MASCULINO,MESTIZO/A,SOLTERO,ECUADOR,NINGUNA,AYUDANTE/JORNALERO,SIN_DATO
ASESINATO,ZONA 5,SANTA ELENA,SANTA ELENA,SAN PABLO,24D01C05S01,SAN PABLO 1,24,SANTA ELENA,2401,SANTA ELENA,"-2,1831","-80,76613",URBANO,VÍA PÚBLICA,PUBLICO,2026/02/28,09:57:00,ARMA DE FUEGO,PISTOLA,DELINCUENCIA COMÚN,AMENAZA,HERIDA POR ARMA DE FUEGO,19,A,HOMBRE,MASCULINO,MESTIZO/A,SOLTERO,ECUADOR,NINGUNA,ESTADO PERSONAL,SIN_DATO
ASESINATO,ZONA 5,GUAYAS,YAGUACHI,VIRGEN DE FÁTIMA,09D21C04S01,VIRGEN DE FÁTIMA 1,09,GUAYAS,0920,SAN JACINTO DE YAGUACHI,"-2,22021","-79,68893",RURAL,VÍA PÚBLICA,PUBLICO,2026/02/26,15:00:00,ARMA DE FUEGO,OTROS ARMA CORTA,DELINCUENCIA COMÚN,AMENAZA,HERIDA POR ARMA DE FUEGO,23,A,HOMBRE,MASCULINO,MESTIZO/A,SOLTERO,ECUADOR,NINGUNA,MAESTRO DE OBRA/CONSTRUCCIÓN,SIN_DATO
ASESINATO,ZONA 4,STO DGO DE LOS TSÁCHILAS,LA CONCORDIA,CONCORDIA NORTE,23D03C01S01,CONCORDIA NORTE 1,23,STO DGO DE LOS TSÁCHILAS,2302,LA CONCORDIA,"0,01631","-79,3882",URBANO,VÍA PÚBLICA,PUBLICO,2026/02/28,18:30:00,ARMA DE FUEGO,PISTOLA,DELINCUENCIA COMÚN,AMENAZA,HERIDA POR ARMA DE FUEGO,18,A,HOMBRE,MASCULINO,AFRO,SOLTERO,ECUADOR,NINGUNA,ESTADO PERSONAL,SIN_DATO
ASESINATO,ZONA 4,MANABÍ,PORTOVIEJO,PICOAZA,13D01C07S02,PICOAZA 2,13,MANABÍ,1301,PORTOVIEJO,"-1,03829","-80,49369",URBANO,CASA/VILLA,PRIVADO,2026/02/28,22:25:00,ARMA DE FUEGO,PISTOLA,DELINCUENCIA COMÚN,AMENAZA,HERIDA POR ARMA DE FUEGO,26,A,HOMBRE,MASCULINO,MESTIZO/A,SOLTERO,ECUADOR,NINGUNA,ESTADO PERSONAL,SIN_DATO
ASESINATO,ZONA 2,PICHINCHA,NOROCCIDENTE,PUERTO QUITO NORTE,17D12C02S02,PUERTO QUITO NORTE 2,17,PICHINCHA,1709,PUERTO QUITO,"0,32146","-79,20306",RURAL,VÍA PÚBLICA,PUBLICO,2026/02/25,23:00:00,ARMA DE FUEGO,PISTOLA,DELINCUENCIA COMÚN,AMENAZA,HERIDA POR ARMA DE FUEGO,31,A,HOMBRE,MASCULINO,AFRO,SOLTERO,ECUADOR,NINGUNA,TRABAJADOR GENERAL,SIN_DATO
ASESINATO,ZONA 1,ESMERALDAS,ESMERALDAS,VALLE HERMOSO,08D01C08S02,VALLE HERMOSO 2,08,ESMERALDAS,0801,ESMERALDAS,"0,91403","-79,69132",URBANO,HOSPITALES,PRIVADO,2026/02/26,20:00:00,ARMA DE FUEGO,PISTOLA,DELINCUENCIA COMÚN,ROBO A PERSONAS,HERIDA POR ARMA DE FUEGO,29,A,HOMBRE,MASCULINO,AFRO,NO DETERMINADO,COLOMBIA,NINGUNA,SIN_DATO,SIN_DATO
HOMICIDIO,ZONA 3,CHIMBORAZO,RIOBAMBA,TERMINAL TERRESTRE,06D01C10S01,TERMINAL TERRESTRE 1,06,CHIMBORAZO,0601,RIOBAMBA,"-1,66705","-78,66351",URBANO,TERRENO BALDÍO,PUBLICO,2026/02/26,21:00:00,ARMA CONTUNDENTE,ROCA,VIOLENCIA COMUNITARIA,RIÑAS,HERIDAS CONTUSAS,34,A,HOMBRE,MASCULINO,MESTIZO/A,NO DETERMINADO,VENEZUELA,NINGUNA,SIN_DATO,SIN_DATO
ASESINATO,ZONA 5,GUAYAS,MILAGRO,ROBERTO ASTUDILLO,09D17C15S01,ROBERTO ASTUDILLO 1,09,GUAYAS,0910,MILAGRO,"-2,12578","-79,48422",RURAL,FINCA,PRIVADO,2026/01/16,15:00:00,ARMA DE FUEGO,PISTOLA,DELINCUENCIA COMÚN,AMENAZA,HERIDA POR ARMA DE FUEGO,41,A,HOMBRE,MASCULINO,MESTIZO/A,SOLTERO,ECUADOR,NINGUNA,ESTADO PERSONAL,SIN_DATO
