amenity,n_vecinos_proximos,distrito,provincia,longitud_amenity,latitud_amenity
bar,3,MACHALA,EL ORO,-79.9674219,-3.2623463
bank,4,MACHALA,EL ORO,-79.9603396,-3.2589044
bank,4,MACHALA,EL ORO,-79.9601649,-3.2589626
bank,4,MACHALA,EL ORO,-79.9600663,-3.2590395
bank,4,MACHALA,EL ORO,-79.9594192,-3.2595871
bank,4,MACHALA,EL ORO,-79.9588616,-3.2590088
bank,4,MACHALA,EL ORO,-79.9627495,-3.2570587
restaurant,3,PORTOVIEJO,MANABÍ,-80.4512713,-1.0533756
restaurant,4,JIPIJAPA,MANABÍ,-80.810806,-1.5564264
hospital,4,PLAYAS,GUAYAS,-80.3894392,-2.6322911
hospital,5,PLAYAS,GUAYAS,-80.3894392,-2.6322911
hospital,3,PLAYAS,GUAYAS,-80.3894392,-2.6322911
hospital,3,MODELO,GUAYAS,-79.8908319,-2.1867859
restaurant,4,DURÁN,GUAYAS,-79.8548814,-2.1836351
restaurant,5,DURÁN,GUAYAS,-79.8548814,-2.1836351
restaurant,6,DURÁN,GUAYAS,-79.8548814,-2.1836351
restaurant,3,DURÁN,GUAYAS,-79.8548814,-2.1836351
restaurant,4,DURÁN,GUAYAS,-79.8554515,-2.1836666
restaurant,5,DURÁN,GUAYAS,-79.8554515,-2.1836666
restaurant,6,DURÁN,GUAYAS,-79.8554515,-2.1836666
restaurant,3,DURÁN,GUAYAS,-79.8554515,-2.1836666
restaurant,4,ESTEROS,GUAYAS,-79.906488,-2.2410877
police,3,SANTA ROSA,EL ORO,-79.967223,-3.4370603
police,8,SANTA ROSA,EL ORO,-79.967223,-3.4370603
restaurant,6,LAGO AGRIO,SUCUMBÍOS,-76.8894374,0.0872166
bank,3,ORELLANA LORETO,ORELLANA,-76.985891,-0.4716352
bar,3,ELOY ALFARO - DMQ,PICHINCHA,-78.5389853,-0.2623835
restaurant,4,SANTA ELENA,SANTA ELENA,-80.8565139,-2.2251875
police,3,SANTA ELENA,SANTA ELENA,-80.8590459,-2.2248659
police,4,HUAQUILLAS,EL ORO,-80.2242338,-3.4800488
police,7,HUAQUILLAS,EL ORO,-80.2242338,-3.4800488
police,3,HUAQUILLAS,EL ORO,-80.2242338,-3.4800488
bank,7,PASCUALES,GUAYAS,-79.9361319,-2.10065
bank,7,PASCUALES,GUAYAS,-79.9361587,-2.1004597
bar,4,SANTA ELENA,SANTA ELENA,-80.8575858,-2.2259255
bar,4,SANTA ELENA,SANTA ELENA,-80.8575027,-2.2259282
bar,4,SANTA ELENA,SANTA ELENA,-80.8571816,-2.2259531
bar,4,SANTA ELENA,SANTA ELENA,-80.8571004,-2.2254295
bar,4,SANTA ELENA,SANTA ELENA,-80.8571709,-2.2258057
bar,4,SANTA ELENA,SANTA ELENA,-80.8576127,-2.2257538
bank,4,SANTA ELENA,SANTA ELENA,-80.8561774,-2.2273553
restaurant,5,MACHALA,EL ORO,-79.960495,-3.2632293
police,5,ESTEROS,GUAYAS,-79.9199055,-2.2401976
police,3,ESTEROS,GUAYAS,-79.9199055,-2.2401976
bank,3,DURÁN,GUAYAS,-79.8254122,-2.1779009
bank,4,DURÁN,GUAYAS,-79.8254122,-2.1779009
bank,6,DURÁN,GUAYAS,-79.8254122,-2.1779009
bank,4,DURÁN,GUAYAS,-79.8247892,-2.1785488
bank,6,DURÁN,GUAYAS,-79.8247892,-2.1785488
bus_station,3,VENTANAS,LOS RÍOS,-79.460014,-1.442536
bar,6,LAGO AGRIO,SUCUMBÍOS,-76.8894335,0.0870319
restaurant,3,BABAHOYO,LOS RÍOS,-79.5269571,-1.7985887
restaurant,4,BABAHOYO,LOS RÍOS,-79.5269571,-1.7985887
restaurant,4,NUEVA PROSPERINA,GUAYAS,-79.9585836,-2.1123228
restaurant,3,NUEVA PROSPERINA,GUAYAS,-79.9585836,-2.1123228
bank,5,DURÁN,GUAYAS,-79.8431669,-2.1662839
bank,3,DURÁN,GUAYAS,-79.8431669,-2.1662839
police,3,PEDERNALES,MANABÍ,-80.0506581,0.0706535
restaurant,6,QUEVEDO,LOS RÍOS,-79.4688198,-1.0299951
bus_station,4,MACHALA,EL ORO,-79.9608619,-3.2594971
bank,4,ROCAFUERTE,MANABÍ,-80.2350128,-0.7858462
bank,3,ROCAFUERTE,MANABÍ,-80.2350128,-0.7858462
atm,4,ATACAMES,ESMERALDAS,-79.8479471,0.8698238
atm,4,ATACAMES,ESMERALDAS,-79.8478723,0.8699442
hospital,4,MACHALA,EL ORO,-79.9541791,-3.2611545
hospital,3,MACHALA,EL ORO,-79.9541791,-3.2611545
restaurant,4,DURÁN,GUAYAS,-79.853711,-2.1788212
restaurant,5,DURÁN,GUAYAS,-79.853711,-2.1788212
restaurant,3,DURÁN,GUAYAS,-79.853711,-2.1788212
atm,4,DURÁN,GUAYAS,-79.8539309,-2.1799107
atm,5,DURÁN,GUAYAS,-79.8539309,-2.1799107
atm,3,DURÁN,GUAYAS,-79.8539309,-2.1799107
restaurant,4,PASAJE,EL ORO,-79.8069366,-3.3294052
restaurant,3,PASAJE,EL ORO,-79.8069366,-3.3294052
restaurant,3,ESTEROS,GUAYAS,-79.9082648,-2.2457606
restaurant,3,ESTEROS,GUAYAS,-79.9080878,-2.2459428
bank,5,BUENA FE,LOS RÍOS,-79.4893397,-0.8936366
bank,6,BUENA FE,LOS RÍOS,-79.4893397,-0.8936366
bank,4,BUENA FE,LOS RÍOS,-79.4893397,-0.8936366
bank,3,BUENA FE,LOS RÍOS,-79.4893397,-0.8936366
bank,3,HUAQUILLAS,EL ORO,-80.2376979,-3.4823479
police,3,HUAQUILLAS,EL ORO,-80.2379432,-3.4813692
restaurant,4,HUAQUILLAS,EL ORO,-80.2153497,-3.4846771
nightclub,3,PORTETE,GUAYAS,-79.91508,-2.1963326
nightclub,5,PORTETE,GUAYAS,-79.91508,-2.1963326
hospital,4,SANTA ROSA,EL ORO,-79.9698091,-3.4580348
bank,4,9 DE OCTUBRE,GUAYAS,-79.8852868,-2.1903826
bank,3,9 DE OCTUBRE,GUAYAS,-79.8852868,-2.1903826
bank,7,9 DE OCTUBRE,GUAYAS,-79.886698,-2.1896344
bank,3,MODELO,GUAYAS,-79.886698,-2.1896344
bank,3,9 DE OCTUBRE,GUAYAS,-79.886698,-2.1896344
restaurant,4,MACHALA,EL ORO,-80.001018,-3.2668454
restaurant,4,MACHALA,EL ORO,-80.0022561,-3.2656878
restaurant,4,PASAJE,EL ORO,-79.8077388,-3.3285111
restaurant,3,PASAJE,EL ORO,-79.8077388,-3.3285111
hospital,6,YAGUACHI,GUAYAS,-79.6886486,-2.0941435
police,3,PORTOVIEJO,MANABÍ,-80.4481812,-1.0539452
police,4,PORTOVIEJO,MANABÍ,-80.4481812,-1.0539452
police,6,PORTOVIEJO,MANABÍ,-80.4481812,-1.0539452
bank,5,YAGUACHI,GUAYAS,-79.6953222,-2.0975045
hospital,3,DAULE,GUAYAS,-79.9804335,-1.8701338
atm,4,LIBERTAD SALINAS,SANTA ELENA,-80.9098423,-2.2243976
atm,5,LIBERTAD SALINAS,SANTA ELENA,-80.9098423,-2.2243976
bus_station,3,HUAQUILLAS,EL ORO,-80.237124,-3.4836933
bank,4,MACHALA,EL ORO,-79.9617657,-3.2574768
bank,4,MACHALA,EL ORO,-79.9597089,-3.2603684
bank,4,MACHALA,EL ORO,-79.9600341,-3.257027
bank,4,MACHALA,EL ORO,-79.959935,-3.2569175
bank,3,MACHALA,EL ORO,-79.959935,-3.2569175
hospital,3,BABAHOYO,LOS RÍOS,-79.5265411,-1.7987642
hospital,4,BABAHOYO,LOS RÍOS,-79.5265411,-1.7987642
bank,3,DURÁN,GUAYAS,-79.8418075,-2.1682407
bank,3,MACHALA,EL ORO,-79.9550632,-3.2609665
restaurant,4,MACHALA,EL ORO,-79.9517804,-3.2588113
restaurant,3,MACHALA,EL ORO,-79.9517804,-3.2588113
restaurant,3,MACHALA,EL ORO,-79.9544336,-3.2596665
bank,3,NARANJAL BALAO,GUAYAS,-79.6021829,-2.595571
restaurant,4,MACHALA,EL ORO,-79.9638194,-3.2596663
restaurant,3,ESMERALDAS,ESMERALDAS,-79.6871527,0.9122634
police,4,QUEVEDO,LOS RÍOS,-79.4687818,-1.026056
police,5,QUEVEDO,LOS RÍOS,-79.4687818,-1.026056
hospital,5,QUEVEDO,LOS RÍOS,-79.4680998,-1.0290291
hospital,3,QUEVEDO,LOS RÍOS,-79.4753184,-1.0371547
police,3,QUEVEDO,LOS RÍOS,-79.4673538,-1.0060423
police,5,QUEVEDO,LOS RÍOS,-79.4673538,-1.0060423
police,3,QUEVEDO,LOS RÍOS,-79.454962,-1.0394573
police,3,QUEVEDO,LOS RÍOS,-79.4535673,-1.0341367
police,3,MACHALA,EL ORO,-79.9854727,-3.2565708
bank,4,ESMERALDAS,ESMERALDAS,-79.6530748,0.9766045
bank,3,ESMERALDAS,ESMERALDAS,-79.6530748,0.9766045
bank,6,ESMERALDAS,ESMERALDAS,-79.6530748,0.9766045
bank,7,ESMERALDAS,ESMERALDAS,-79.6530748,0.9766045
bank,5,ESMERALDAS,ESMERALDAS,-79.6530748,0.9766045
restaurant,5,EL TRIUNFO BUCAY,GUAYAS,-79.404345,-2.3293427
restaurant,3,EL TRIUNFO BUCAY,GUAYAS,-79.4009852,-2.3322324
restaurant,5,EL TRIUNFO BUCAY,GUAYAS,-79.4009852,-2.3322324
atm,5,EL TRIUNFO BUCAY,GUAYAS,-79.4054219,-2.3299686
nightclub,5,EL TRIUNFO BUCAY,GUAYAS,-79.4030682,-2.3329339
bank,5,EL TRIUNFO BUCAY,GUAYAS,-79.4036943,-2.3305956
bank,5,EL TRIUNFO BUCAY,GUAYAS,-79.4037838,-2.3305443
bank,5,EL TRIUNFO BUCAY,GUAYAS,-79.4048924,-2.3303609
bank,5,EL TRIUNFO BUCAY,GUAYAS,-79.4050026,-2.3303261
restaurant,5,9 DE OCTUBRE,GUAYAS,-79.9058192,-2.1967142
restaurant,4,MODELO,GUAYAS,-79.8877202,-2.1517296
restaurant,3,MACHALA,EL ORO,-79.9605171,-3.2538822
restaurant,3,MACHALA,EL ORO,-79.9601205,-3.2533002
bar,4,MACHALA,EL ORO,-80.0020231,-3.2664773
nightclub,4,MACHALA,EL ORO,-80.002036,-3.2664387
restaurant,4,MACHALA,EL ORO,-80.0019813,-3.2664232
restaurant,3,HUAQUILLAS,EL ORO,-80.237396,-3.481765
bus_station,3,PLAYAS,GUAYAS,-80.3906776,-2.6361938
bus_station,4,PLAYAS,GUAYAS,-80.3906776,-2.6361938
bus_station,5,PLAYAS,GUAYAS,-80.3906776,-2.6361938
bus_station,8,PLAYAS,GUAYAS,-80.3906776,-2.6361938
bus_station,6,PLAYAS,GUAYAS,-80.3906776,-2.6361938
bus_station,7,PLAYAS,GUAYAS,-80.3906776,-2.6361938
bank,3,PLAYAS,GUAYAS,-80.3910582,-2.6361479
bank,4,PLAYAS,GUAYAS,-80.3910582,-2.6361479
bank,8,PLAYAS,GUAYAS,-80.3910582,-2.6361479
bank,6,PLAYAS,GUAYAS,-80.3910582,-2.6361479
bank,7,PLAYAS,GUAYAS,-80.3910582,-2.6361479
bank,5,PLAYAS,GUAYAS,-80.3910582,-2.6361479
bus_station,3,PLAYAS,GUAYAS,-80.3907798,-2.6349689
bus_station,5,PLAYAS,GUAYAS,-80.3907798,-2.6349689
bus_station,4,PLAYAS,GUAYAS,-80.3907798,-2.6349689
bus_station,8,PLAYAS,GUAYAS,-80.3907798,-2.6349689
bus_station,6,PLAYAS,GUAYAS,-80.3907798,-2.6349689
bus_station,7,PLAYAS,GUAYAS,-80.3907798,-2.6349689
bank,3,PLAYAS,GUAYAS,-80.3908089,-2.6361332
bank,4,PLAYAS,GUAYAS,-80.3908089,-2.6361332
bank,8,PLAYAS,GUAYAS,-80.3908089,-2.6361332
bank,6,PLAYAS,GUAYAS,-80.3908089,-2.6361332
bank,7,PLAYAS,GUAYAS,-80.3908089,-2.6361332
bank,5,PLAYAS,GUAYAS,-80.3908089,-2.6361332
bank,4,MILAGRO,GUAYAS,-79.5927719,-2.1286956
bank,4,MILAGRO,GUAYAS,-79.5926255,-2.1287092
bank,4,MILAGRO,GUAYAS,-79.5929328,-2.1286742
bank,4,MILAGRO,GUAYAS,-79.5917522,-2.1288232
police,3,MANTA,MANABÍ,-80.7162614,-0.9560854
bank,3,ESMERALDAS,ESMERALDAS,-79.6518014,0.9664008
bank,4,ESMERALDAS,ESMERALDAS,-79.6518014,0.9664008
bank,5,ESMERALDAS,ESMERALDAS,-79.6518014,0.9664008
police,6,PORTOVIEJO,MANABÍ,-80.4509207,-1.0769593
police,3,ESMERALDAS,ESMERALDAS,-79.6509799,0.9671986
police,4,ESMERALDAS,ESMERALDAS,-79.6509799,0.9671986
police,5,ESMERALDAS,ESMERALDAS,-79.6509799,0.9671986
police,3,ESMERALDAS,ESMERALDAS,-79.6865278,0.9098788
police,6,ESMERALDAS,ESMERALDAS,-79.6865278,0.9098788
restaurant,3,HUAQUILLAS,EL ORO,-80.2391263,-3.478594
police,3,ESMERALDAS,ESMERALDAS,-79.6540127,0.9813225
police,4,ESMERALDAS,ESMERALDAS,-79.6540127,0.9813225
police,5,ESMERALDAS,ESMERALDAS,-79.6540127,0.9813225
restaurant,3,HUAQUILLAS,EL ORO,-80.2391164,-3.4785932
bus_station,4,QUEVEDO,LOS RÍOS,-79.4701963,-1.0312281
bank,4,QUEVEDO,LOS RÍOS,-79.4713096,-1.0322784
bank,3,QUEVEDO,LOS RÍOS,-79.4713096,-1.0322784
restaurant,3,HUAQUILLAS,EL ORO,-80.238275,-3.4758931
bank,3,HUAQUILLAS,EL ORO,-80.2383659,-3.4794306
restaurant,3,HUAQUILLAS,EL ORO,-80.2398759,-3.4792249
restaurant,4,QUEVEDO,LOS RÍOS,-79.4705516,-1.0290073
restaurant,5,QUEVEDO,LOS RÍOS,-79.4705516,-1.0290073
restaurant,6,QUEVEDO,LOS RÍOS,-79.4705516,-1.0290073
bar,5,MANTA,MANABÍ,-80.7255379,-0.9468375
restaurant,5,MANTA,MANABÍ,-80.7132625,-0.9582564
restaurant,3,MANTA,MANABÍ,-80.7320813,-0.9493175
restaurant,5,MANTA,MANABÍ,-80.7238237,-0.9478849
bank,6,ESMERALDAS,ESMERALDAS,-79.6528287,0.9637091
bank,3,ESMERALDAS,ESMERALDAS,-79.6528287,0.9637091
bank,4,ESMERALDAS,ESMERALDAS,-79.6528287,0.9637091
restaurant,3,ELOY ALFARO - DMQ,PICHINCHA,-78.5404119,-0.2705331
restaurant,7,PORTETE,GUAYAS,-79.9300077,-2.2048458
restaurant,8,PORTETE,GUAYAS,-79.9300077,-2.2048458
police,3,PORTETE,GUAYAS,-79.9167085,-2.2028381
atm,3,NUEVA PROSPERINA,GUAYAS,-79.9637573,-2.08727
atm,5,NUEVA PROSPERINA,GUAYAS,-79.9637573,-2.08727
bank,4,ESMERALDAS,ESMERALDAS,-79.6527343,0.9663768
bank,3,ESMERALDAS,ESMERALDAS,-79.6527343,0.9663768
bank,5,ESMERALDAS,ESMERALDAS,-79.6527343,0.9663768
restaurant,3,ESMERALDAS,ESMERALDAS,-79.6542468,0.9683409
restaurant,5,ESMERALDAS,ESMERALDAS,-79.6542468,0.9683409
restaurant,4,ESMERALDAS,ESMERALDAS,-79.6542468,0.9683409
restaurant,17,MACHALA,EL ORO,-79.9608718,-3.2639631
restaurant,22,MACHALA,EL ORO,-79.9608718,-3.2639631
restaurant,5,MACHALA,EL ORO,-79.9608718,-3.2639631
hospital,14,MACHALA,EL ORO,-79.9610619,-3.2638628
hospital,17,MACHALA,EL ORO,-79.9610619,-3.2638628
hospital,3,MACHALA,EL ORO,-79.9610619,-3.2638628
hospital,5,MACHALA,EL ORO,-79.9610619,-3.2638628
restaurant,4,MACHALA,EL ORO,-79.963807,-3.2592959
bank,5,QUEVEDO,LOS RÍOS,-79.4682602,-1.0285172
bank,6,QUEVEDO,LOS RÍOS,-79.4682602,-1.0285172
hospital,4,QUEVEDO,LOS RÍOS,-79.4680763,-1.0263331
hospital,5,QUEVEDO,LOS RÍOS,-79.4680763,-1.0263331
hospital,5,QUEVEDO,LOS RÍOS,-79.4677979,-1.0279389
bank,4,QUEVEDO,LOS RÍOS,-79.4676658,-1.0269346
bank,5,QUEVEDO,LOS RÍOS,-79.4676658,-1.0269346
bar,17,MACHALA,EL ORO,-79.9602806,-3.2654175
bar,22,MACHALA,EL ORO,-79.9602806,-3.2654175
bar,5,MACHALA,EL ORO,-79.9602806,-3.2654175
restaurant,3,QUEVEDO,LOS RÍOS,-79.4695671,-1.0328227
restaurant,3,QUEVEDO,LOS RÍOS,-79.4680101,-1.0333133
nightclub,4,QUITUMBE,PICHINCHA,-78.5423327,-0.3026357
bar,4,QUITUMBE,PICHINCHA,-78.5426376,-0.3024654
restaurant,4,QUITUMBE,PICHINCHA,-78.5427068,-0.30297
nightclub,4,QUITUMBE,PICHINCHA,-78.5431255,-0.3048469
restaurant,4,LA DELICIA,PICHINCHA,-78.5096015,-0.0846694
restaurant,4,LA DELICIA,PICHINCHA,-78.5088464,-0.0838407
restaurant,4,LA DELICIA,PICHINCHA,-78.508239,-0.0839242
restaurant,4,LA DELICIA,PICHINCHA,-78.5082698,-0.0839176
restaurant,7,DURÁN,GUAYAS,-79.8102911,-2.1785261
restaurant,6,DURÁN,GUAYAS,-79.8102911,-2.1785261
restaurant,4,DURÁN,GUAYAS,-79.8102911,-2.1785261
restaurant,5,DURÁN,GUAYAS,-79.8102911,-2.1785261
restaurant,3,DURÁN,GUAYAS,-79.8102911,-2.1785261
restaurant,4,QUITUMBE,PICHINCHA,-78.5398624,-0.3045643
restaurant,4,QUITUMBE,PICHINCHA,-78.5421911,-0.3039728
restaurant,4,QUITUMBE,PICHINCHA,-78.5402882,-0.3042956
restaurant,3,QUITUMBE,PICHINCHA,-78.5495739,-0.3187025
restaurant,3,QUITUMBE,PICHINCHA,-78.5503012,-0.3186242
restaurant,3,QUITUMBE,PICHINCHA,-78.5514066,-0.3185156
restaurant,3,QUITUMBE,PICHINCHA,-78.5503556,-0.3161588
restaurant,4,QUITUMBE,PICHINCHA,-78.5435791,-0.3039307
restaurant,3,QUITUMBE,PICHINCHA,-78.5498188,-0.3185115
bank,3,QUITUMBE,PICHINCHA,-78.5504687,-0.3184839
restaurant,3,QUITUMBE,PICHINCHA,-78.5506634,-0.3184413
restaurant,3,QUITUMBE,PICHINCHA,-78.5511908,-0.318386
restaurant,3,QUITUMBE,PICHINCHA,-78.5521592,-0.3182998
restaurant,3,ELOY ALFARO - DMQ,PICHINCHA,-78.5384267,-0.2619243
restaurant,3,QUITUMBE,PICHINCHA,-78.5501011,-0.3190512
restaurant,3,QUITUMBE,PICHINCHA,-78.5481953,-0.3172204
restaurant,3,QUITUMBE,PICHINCHA,-78.5481019,-0.317501
restaurant,3,ELOY ALFARO - DMQ,PICHINCHA,-78.5426585,-0.2726694
restaurant,3,ELOY ALFARO - DMQ,PICHINCHA,-78.5381854,-0.2620515
social_facility,3,ELOY ALFARO - DMQ,PICHINCHA,-78.5381561,-0.2620433
restaurant,3,ELOY ALFARO - DMQ,PICHINCHA,-78.5385209,-0.2608766
restaurant,3,ELOY ALFARO - DMQ,PICHINCHA,-78.5427537,-0.2721753
restaurant,3,ELOY ALFARO - DMQ,PICHINCHA,-78.5407906,-0.2693983
restaurant,3,ELOY ALFARO - DMQ,PICHINCHA,-78.541319,-0.2699052
restaurant,3,ELOY ALFARO - DMQ,PICHINCHA,-78.5416476,-0.2701882
bar,3,ELOY ALFARO - DMQ,PICHINCHA,-78.5416878,-0.2702324
restaurant,3,ELOY ALFARO - DMQ,PICHINCHA,-78.5422431,-0.2707232
bar,3,ELOY ALFARO - DMQ,PICHINCHA,-78.5422337,-0.2707554
restaurant,3,ELOY ALFARO - DMQ,PICHINCHA,-78.5426843,-0.2711216
bar,3,ELOY ALFARO - DMQ,PICHINCHA,-78.5430853,-0.2714971
restaurant,3,ELOY ALFARO - DMQ,PICHINCHA,-78.5445296,-0.2700272
restaurant,3,ELOY ALFARO - DMQ,PICHINCHA,-78.5405405,-0.2689337
restaurant,3,ELOY ALFARO - DMQ,PICHINCHA,-78.5406505,-0.269037
restaurant,3,ELOY ALFARO - DMQ,PICHINCHA,-78.541152,-0.2694527
restaurant,3,ELOY ALFARO - DMQ,PICHINCHA,-78.542115,-0.2703968
bar,3,ELOY ALFARO - DMQ,PICHINCHA,-78.5421445,-0.2703646
restaurant,3,ELOY ALFARO - DMQ,PICHINCHA,-78.5434952,-0.2692975
restaurant,3,ELOY ALFARO - DMQ,PICHINCHA,-78.543276,-0.2720438
atm,3,MODELO,GUAYAS,-79.8977238,-2.1260359
atm,3,MODELO,GUAYAS,-79.8953513,-2.1254716
police,3,ESMERALDAS,ESMERALDAS,-79.6531361,0.9849066
atm,6,SUR - DMG,GUAYAS,-79.8943122,-2.2498925
atm,3,ESTEROS,GUAYAS,-79.8943122,-2.2498925
atm,6,SUR - DMG,GUAYAS,-79.8942737,-2.2504416
atm,3,ESTEROS,GUAYAS,-79.8942737,-2.2504416
restaurant,5,PASCUALES,GUAYAS,-79.9058301,-2.0911913
restaurant,3,PASCUALES,GUAYAS,-79.9058301,-2.0911913
restaurant,5,PASCUALES,GUAYAS,-79.9039752,-2.0908376
restaurant,4,PASCUALES,GUAYAS,-79.9039752,-2.0908376
atm,4,PASCUALES,GUAYAS,-79.9033088,-2.0920366
atm,5,PASCUALES,GUAYAS,-79.9033088,-2.0920366
atm,3,PASCUALES,GUAYAS,-79.9033088,-2.0920366
restaurant,5,9 DE OCTUBRE,GUAYAS,-79.8988291,-2.2038183
restaurant,6,9 DE OCTUBRE,GUAYAS,-79.8988291,-2.2038183
restaurant,3,9 DE OCTUBRE,GUAYAS,-79.8998381,-2.2071331
bank,3,9 DE OCTUBRE,GUAYAS,-79.8908931,-2.1944743
restaurant,3,9 DE OCTUBRE,GUAYAS,-79.8973445,-2.1982956
restaurant,3,9 DE OCTUBRE,GUAYAS,-79.9000898,-2.207281
restaurant,3,9 DE OCTUBRE,GUAYAS,-79.8918171,-2.1984169
restaurant,5,9 DE OCTUBRE,GUAYAS,-79.8918171,-2.1984169
restaurant,3,9 DE OCTUBRE,GUAYAS,-79.891298,-2.1968102
restaurant,5,9 DE OCTUBRE,GUAYAS,-79.891298,-2.1968102
bank,3,PUEBLO VIEJO,LOS RÍOS,-79.5640132,-1.6255227
bank,4,PUEBLO VIEJO,LOS RÍOS,-79.5640132,-1.6255227
restaurant,7,PASCUALES,GUAYAS,-79.9277369,-2.0735449
restaurant,9,PASCUALES,GUAYAS,-79.9277369,-2.0735449
restaurant,5,PASCUALES,GUAYAS,-79.9277369,-2.0735449
restaurant,6,PASCUALES,GUAYAS,-79.9277369,-2.0735449
restaurant,8,PASCUALES,GUAYAS,-79.9277369,-2.0735449
restaurant,4,PASCUALES,GUAYAS,-79.9277369,-2.0735449
restaurant,3,PASCUALES,GUAYAS,-79.9277369,-2.0735449
restaurant,3,PASCUALES,GUAYAS,-79.9300371,-2.0679448
restaurant,6,PASCUALES,GUAYAS,-79.9300371,-2.0679448
restaurant,5,PASCUALES,GUAYAS,-79.9300371,-2.0679448
restaurant,9,PASCUALES,GUAYAS,-79.9300371,-2.0679448
restaurant,3,FLORIDA,GUAYAS,-79.9187576,-2.1586648
restaurant,3,DURÁN,GUAYAS,-79.8517689,-2.1688891
restaurant,4,DURÁN,GUAYAS,-79.8517689,-2.1688891
bank,3,DURÁN,GUAYAS,-79.8522712,-2.1703923
bank,4,DURÁN,GUAYAS,-79.8522712,-2.1703923
bank,3,9 DE OCTUBRE,GUAYAS,-79.8882445,-2.1930985
restaurant,3,PASCUALES,GUAYAS,-79.9259196,-2.0762853
restaurant,6,PASCUALES,GUAYAS,-79.9259196,-2.0762853
restaurant,5,PASCUALES,GUAYAS,-79.9259196,-2.0762853
restaurant,4,PASCUALES,GUAYAS,-79.9259196,-2.0762853
restaurant,6,PASCUALES,GUAYAS,-79.9334451,-2.0682586
restaurant,5,PASCUALES,GUAYAS,-79.9334451,-2.0682586
restaurant,3,PASCUALES,GUAYAS,-79.9334451,-2.0682586
restaurant,4,PASCUALES,GUAYAS,-79.9334451,-2.0682586
restaurant,9,PASCUALES,GUAYAS,-79.9334451,-2.0682586
restaurant,6,PASCUALES,GUAYAS,-79.9339398,-2.0683356
restaurant,5,PASCUALES,GUAYAS,-79.9339398,-2.0683356
restaurant,3,PASCUALES,GUAYAS,-79.9339398,-2.0683356
restaurant,4,PASCUALES,GUAYAS,-79.9339398,-2.0683356
restaurant,9,PASCUALES,GUAYAS,-79.9339398,-2.0683356
restaurant,4,DURÁN,GUAYAS,-79.8530253,-2.182639
restaurant,3,DURÁN,GUAYAS,-79.8530253,-2.182639
restaurant,6,DURÁN,GUAYAS,-79.8530253,-2.182639
restaurant,5,DURÁN,GUAYAS,-79.8530253,-2.182639
bank,7,PASCUALES,GUAYAS,-79.937201,-2.1002817
restaurant,4,DURÁN,GUAYAS,-79.8529943,-2.1837322
restaurant,6,DURÁN,GUAYAS,-79.8529943,-2.1837322
restaurant,5,DURÁN,GUAYAS,-79.8529943,-2.1837322
restaurant,3,DURÁN,GUAYAS,-79.8529943,-2.1837322
bar,10,NUEVA PROSPERINA,GUAYAS,-79.9500561,-2.1038087
bar,13,NUEVA PROSPERINA,GUAYAS,-79.9500561,-2.1038087
bar,6,NUEVA PROSPERINA,GUAYAS,-79.9500561,-2.1038087
bar,16,NUEVA PROSPERINA,GUAYAS,-79.9500561,-2.1038087
bar,9,NUEVA PROSPERINA,GUAYAS,-79.9500561,-2.1038087
bar,14,NUEVA PROSPERINA,GUAYAS,-79.9500561,-2.1038087
bar,22,NUEVA PROSPERINA,GUAYAS,-79.9500561,-2.1038087
bar,18,NUEVA PROSPERINA,GUAYAS,-79.9500561,-2.1038087
bar,3,NUEVA PROSPERINA,GUAYAS,-79.9500561,-2.1038087
restaurant,3,NUEVA PROSPERINA,GUAYAS,-79.9541085,-2.1049672
restaurant,6,NUEVA PROSPERINA,GUAYAS,-79.9541085,-2.1049672
restaurant,8,NUEVA PROSPERINA,GUAYAS,-79.9541085,-2.1049672
restaurant,16,NUEVA PROSPERINA,GUAYAS,-79.9541085,-2.1049672
restaurant,4,NUEVA PROSPERINA,GUAYAS,-79.9541085,-2.1049672
restaurant,7,NUEVA PROSPERINA,GUAYAS,-79.9541085,-2.1049672
restaurant,3,9 DE OCTUBRE,GUAYAS,-79.8861327,-2.1928745
bank,3,9 DE OCTUBRE,GUAYAS,-79.8867652,-2.1927296
restaurant,3,9 DE OCTUBRE,GUAYAS,-79.886435,-2.1853544
restaurant,7,9 DE OCTUBRE,GUAYAS,-79.886435,-2.1853544
restaurant,5,9 DE OCTUBRE,GUAYAS,-79.886435,-2.1853544
restaurant,6,9 DE OCTUBRE,GUAYAS,-79.886435,-2.1853544
restaurant,3,DURÁN,GUAYAS,-79.8442229,-2.178362
restaurant,4,DURÁN,GUAYAS,-79.8442229,-2.178362
restaurant,5,DURÁN,GUAYAS,-79.8442229,-2.178362
restaurant,7,DURÁN,GUAYAS,-79.8442229,-2.178362
restaurant,10,DURÁN,GUAYAS,-79.8442229,-2.178362
restaurant,3,DURÁN,GUAYAS,-79.8444679,-2.1791722
restaurant,5,DURÁN,GUAYAS,-79.8444679,-2.1791722
restaurant,4,DURÁN,GUAYAS,-79.8444679,-2.1791722
restaurant,7,DURÁN,GUAYAS,-79.8444679,-2.1791722
restaurant,10,DURÁN,GUAYAS,-79.8444679,-2.1791722
restaurant,3,9 DE OCTUBRE,GUAYAS,-79.8877895,-2.1923451
restaurant,3,DURÁN,GUAYAS,-79.8028127,-2.1689196
restaurant,8,DURÁN,GUAYAS,-79.8028127,-2.1689196
restaurant,5,DURÁN,GUAYAS,-79.8028127,-2.1689196
restaurant,3,DURÁN,GUAYAS,-79.8001546,-2.1687573
restaurant,8,DURÁN,GUAYAS,-79.8001546,-2.1687573
restaurant,9,DURÁN,GUAYAS,-79.8001546,-2.1687573
restaurant,4,DURÁN,GUAYAS,-79.8001546,-2.1687573
restaurant,5,DURÁN,GUAYAS,-79.8001546,-2.1687573
restaurant,3,DURÁN,GUAYAS,-79.7993116,-2.1686932
restaurant,9,DURÁN,GUAYAS,-79.7993116,-2.1686932
restaurant,4,DURÁN,GUAYAS,-79.7993116,-2.1686932
restaurant,5,DURÁN,GUAYAS,-79.7993116,-2.1686932
police,3,DAULE,GUAYAS,-79.8784994,-2.0538343
police,4,DAULE,GUAYAS,-79.8784994,-2.0538343
restaurant,3,DAULE,GUAYAS,-79.8804671,-2.0527688
restaurant,4,DAULE,GUAYAS,-79.8804671,-2.0527688
restaurant,4,DURÁN,GUAYAS,-79.8561622,-2.1849687
restaurant,5,DURÁN,GUAYAS,-79.8561622,-2.1849687
restaurant,3,9 DE OCTUBRE,GUAYAS,-79.8869495,-2.1912751
restaurant,4,DURÁN,GUAYAS,-79.8544447,-2.1798697
restaurant,5,DURÁN,GUAYAS,-79.8544447,-2.1798697
restaurant,3,DURÁN,GUAYAS,-79.8544447,-2.1798697
restaurant,3,DURÁN,GUAYAS,-79.7977358,-2.1688747
restaurant,4,DURÁN,GUAYAS,-79.7977358,-2.1688747
restaurant,9,DURÁN,GUAYAS,-79.7977358,-2.1688747
restaurant,5,DURÁN,GUAYAS,-79.7977358,-2.1688747
restaurant,3,DURÁN,GUAYAS,-79.8040082,-2.169157
restaurant,8,DURÁN,GUAYAS,-79.8040082,-2.169157
restaurant,3,DURÁN,GUAYAS,-79.8035655,-2.1691589
restaurant,8,DURÁN,GUAYAS,-79.8035655,-2.1691589
restaurant,3,DURÁN,GUAYAS,-79.8035007,-2.1691589
restaurant,8,DURÁN,GUAYAS,-79.8035007,-2.1691589
restaurant,3,DURÁN,GUAYAS,-79.8000326,-2.1689819
restaurant,9,DURÁN,GUAYAS,-79.8000326,-2.1689819
restaurant,4,DURÁN,GUAYAS,-79.8000326,-2.1689819
restaurant,5,DURÁN,GUAYAS,-79.8000326,-2.1689819
restaurant,3,9 DE OCTUBRE,GUAYAS,-79.8868961,-2.1926234
restaurant,3,9 DE OCTUBRE,GUAYAS,-79.8863436,-2.1913691
restaurant,3,9 DE OCTUBRE,GUAYAS,-79.8856759,-2.1885144
restaurant,4,9 DE OCTUBRE,GUAYAS,-79.8856759,-2.1885144
restaurant,7,9 DE OCTUBRE,GUAYAS,-79.8856759,-2.1885144
restaurant,5,9 DE OCTUBRE,GUAYAS,-79.8856759,-2.1885144
restaurant,6,9 DE OCTUBRE,GUAYAS,-79.8856759,-2.1885144
restaurant,3,9 DE OCTUBRE,GUAYAS,-79.8871842,-2.1914621
bar,4,FLORIDA,GUAYAS,-79.9388409,-2.1339375
restaurant,3,9 DE OCTUBRE,GUAYAS,-79.8872945,-2.1923206
restaurant,3,9 DE OCTUBRE,GUAYAS,-79.8877305,-2.1958347
restaurant,3,9 DE OCTUBRE,GUAYAS,-79.8878218,-2.1962753
restaurant,3,9 DE OCTUBRE,GUAYAS,-79.8862964,-2.1924231
restaurant,3,SUR - DMG,GUAYAS,-79.8904508,-2.2489822
restaurant,4,SUR - DMG,GUAYAS,-79.8904508,-2.2489822
restaurant,5,SUR - DMG,GUAYAS,-79.8904508,-2.2489822
restaurant,6,SUR - DMG,GUAYAS,-79.8904508,-2.2489822
restaurant,4,SUR - DMG,GUAYAS,-79.8907056,-2.2509082
restaurant,3,SUR - DMG,GUAYAS,-79.8907056,-2.2509082
restaurant,6,SUR - DMG,GUAYAS,-79.8907056,-2.2509082
restaurant,4,SUR - DMG,GUAYAS,-79.8865074,-2.2505033
restaurant,6,SUR - DMG,GUAYAS,-79.8865074,-2.2505033
restaurant,3,SUR - DMG,GUAYAS,-79.8865074,-2.2505033
restaurant,5,SUR - DMG,GUAYAS,-79.8865074,-2.2505033
restaurant,6,SUR - DMG,GUAYAS,-79.8854993,-2.2453461
restaurant,7,SUR - DMG,GUAYAS,-79.8854993,-2.2453461
restaurant,3,SUR - DMG,GUAYAS,-79.8854993,-2.2453461
restaurant,4,SUR - DMG,GUAYAS,-79.8854993,-2.2453461
nightclub,4,PORTETE,GUAYAS,-79.927229,-2.2015684
nightclub,5,PORTETE,GUAYAS,-79.927229,-2.2015684
restaurant,6,SUR - DMG,GUAYAS,-79.8792746,-2.2546299
atm,3,PASCUALES,GUAYAS,-79.9369098,-2.0941601
bank,3,PASCUALES,GUAYAS,-79.9367049,-2.0958907
bank,7,PASCUALES,GUAYAS,-79.9363187,-2.0989752
bank,7,PASCUALES,GUAYAS,-79.9374455,-2.0996156
restaurant,5,DURÁN,GUAYAS,-79.8460843,-2.1833734
restaurant,4,DURÁN,GUAYAS,-79.8460843,-2.1833734
restaurant,3,DURÁN,GUAYAS,-79.8460843,-2.1833734
restaurant,7,DURÁN,GUAYAS,-79.8460843,-2.1833734
restaurant,6,DURÁN,GUAYAS,-79.8460843,-2.1833734
hospital,3,ESMERALDAS,ESMERALDAS,-79.6928987,0.9165387
restaurant,7,DURÁN,GUAYAS,-79.8321511,-2.1565733
restaurant,8,DURÁN,GUAYAS,-79.8321511,-2.1565733
restaurant,10,DURÁN,GUAYAS,-79.8321511,-2.1565733
restaurant,6,DURÁN,GUAYAS,-79.8321511,-2.1565733
restaurant,3,DURÁN,GUAYAS,-79.8321511,-2.1565733
restaurant,4,DURÁN,GUAYAS,-79.8321511,-2.1565733
restaurant,15,DURÁN,GUAYAS,-79.8321511,-2.1565733
restaurant,3,DURÁN,GUAYAS,-79.8365423,-2.1570761
restaurant,6,DURÁN,GUAYAS,-79.8365423,-2.1570761
restaurant,5,DURÁN,GUAYAS,-79.8365423,-2.1570761
restaurant,7,DURÁN,GUAYAS,-79.8365423,-2.1570761
restaurant,14,DURÁN,GUAYAS,-79.8365423,-2.1570761
restaurant,9,DURÁN,GUAYAS,-79.8365423,-2.1570761
atm,3,DURÁN,GUAYAS,-79.8443433,-2.1779678
atm,5,DURÁN,GUAYAS,-79.8443433,-2.1779678
atm,4,DURÁN,GUAYAS,-79.8443433,-2.1779678
atm,7,DURÁN,GUAYAS,-79.8443433,-2.1779678
atm,10,DURÁN,GUAYAS,-79.8443433,-2.1779678
restaurant,3,DURÁN,GUAYAS,-79.8443849,-2.1782255
restaurant,5,DURÁN,GUAYAS,-79.8443849,-2.1782255
restaurant,4,DURÁN,GUAYAS,-79.8443849,-2.1782255
restaurant,7,DURÁN,GUAYAS,-79.8443849,-2.1782255
restaurant,10,DURÁN,GUAYAS,-79.8443849,-2.1782255
restaurant,4,DURÁN,GUAYAS,-79.8324578,-2.1505315
restaurant,3,DURÁN,GUAYAS,-79.8324578,-2.1505315
restaurant,3,DURÁN,GUAYAS,-79.8284054,-2.1691339
restaurant,4,DURÁN,GUAYAS,-79.8284054,-2.1691339
restaurant,3,DURÁN,GUAYAS,-79.8487294,-2.1771255
restaurant,5,DURÁN,GUAYAS,-79.8487294,-2.1771255
restaurant,4,DURÁN,GUAYAS,-79.8487294,-2.1771255
restaurant,3,DURÁN,GUAYAS,-79.8472453,-2.1751264
restaurant,5,DURÁN,GUAYAS,-79.8472453,-2.1751264
restaurant,4,DURÁN,GUAYAS,-79.8472453,-2.1751264
restaurant,4,DURÁN,GUAYAS,-79.846302,-2.1702241
restaurant,7,DURÁN,GUAYAS,-79.8294687,-2.157451
restaurant,3,DURÁN,GUAYAS,-79.8294687,-2.157451
restaurant,8,DURÁN,GUAYAS,-79.8294687,-2.157451
restaurant,15,DURÁN,GUAYAS,-79.8294687,-2.157451
restaurant,5,DURÁN,GUAYAS,-79.8254927,-2.1555555
restaurant,3,DURÁN,GUAYAS,-79.8254927,-2.1555555
restaurant,7,DURÁN,GUAYAS,-79.8254927,-2.1555555
restaurant,8,DURÁN,GUAYAS,-79.8254927,-2.1555555
restaurant,10,DURÁN,GUAYAS,-79.8254927,-2.1555555
restaurant,5,DURÁN,GUAYAS,-79.8259666,-2.1528655
restaurant,8,DURÁN,GUAYAS,-79.8259666,-2.1528655
restaurant,10,DURÁN,GUAYAS,-79.8259666,-2.1528655
restaurant,4,FLORIDA,GUAYAS,-79.9380679,-2.1310901
restaurant,5,DURÁN,GUAYAS,-79.8306596,-2.1546428
restaurant,6,DURÁN,GUAYAS,-79.8306596,-2.1546428
restaurant,7,DURÁN,GUAYAS,-79.8306596,-2.1546428
restaurant,3,DURÁN,GUAYAS,-79.8306596,-2.1546428
restaurant,4,DURÁN,GUAYAS,-79.8306596,-2.1546428
restaurant,5,DURÁN,GUAYAS,-79.8311127,-2.1551591
restaurant,6,DURÁN,GUAYAS,-79.8311127,-2.1551591
restaurant,7,DURÁN,GUAYAS,-79.8311127,-2.1551591
restaurant,3,DURÁN,GUAYAS,-79.8311127,-2.1551591
restaurant,4,DURÁN,GUAYAS,-79.8311127,-2.1551591
restaurant,7,DURÁN,GUAYAS,-79.8325258,-2.1567275
restaurant,8,DURÁN,GUAYAS,-79.8325258,-2.1567275
restaurant,10,DURÁN,GUAYAS,-79.8325258,-2.1567275
restaurant,6,DURÁN,GUAYAS,-79.8325258,-2.1567275
restaurant,3,DURÁN,GUAYAS,-79.8325258,-2.1567275
restaurant,4,DURÁN,GUAYAS,-79.8325258,-2.1567275
restaurant,8,DURÁN,GUAYAS,-79.8328564,-2.1570821
restaurant,10,DURÁN,GUAYAS,-79.8328564,-2.1570821
restaurant,3,DURÁN,GUAYAS,-79.8328564,-2.1570821
restaurant,9,DURÁN,GUAYAS,-79.8328564,-2.1570821
restaurant,4,DURÁN,GUAYAS,-79.8328564,-2.1570821
restaurant,3,NUEVA PROSPERINA,GUAYAS,-79.951916,-2.1196574
restaurant,4,NUEVA PROSPERINA,GUAYAS,-79.951916,-2.1196574
restaurant,3,DURÁN,GUAYAS,-79.8289914,-2.1731543
restaurant,4,DURÁN,GUAYAS,-79.8289914,-2.1731543
restaurant,5,DURÁN,GUAYAS,-79.8289914,-2.1731543
restaurant,6,DURÁN,GUAYAS,-79.8289914,-2.1731543
restaurant,7,DURÁN,GUAYAS,-79.8289914,-2.1731543
restaurant,3,NUEVA PROSPERINA,GUAYAS,-79.9499132,-2.11934
restaurant,4,NUEVA PROSPERINA,GUAYAS,-79.9499132,-2.11934
restaurant,6,NUEVA PROSPERINA,GUAYAS,-79.9499132,-2.11934
restaurant,5,NUEVA PROSPERINA,GUAYAS,-79.9499132,-2.11934
restaurant,4,DURÁN,GUAYAS,-79.829339,-2.1739708
restaurant,5,DURÁN,GUAYAS,-79.829339,-2.1739708
restaurant,6,DURÁN,GUAYAS,-79.829339,-2.1739708
restaurant,9,DURÁN,GUAYAS,-79.829339,-2.1739708
restaurant,7,DURÁN,GUAYAS,-79.829339,-2.1739708
restaurant,4,DURÁN,GUAYAS,-79.8290674,-2.1735763
restaurant,5,DURÁN,GUAYAS,-79.8290674,-2.1735763
restaurant,6,DURÁN,GUAYAS,-79.8290674,-2.1735763
restaurant,7,DURÁN,GUAYAS,-79.8290674,-2.1735763
restaurant,4,SUR - DMG,GUAYAS,-79.8803325,-2.2483427
restaurant,3,SUR - DMG,GUAYAS,-79.8803325,-2.2483427
restaurant,5,SUR - DMG,GUAYAS,-79.8803325,-2.2483427
restaurant,7,SUR - DMG,GUAYAS,-79.8803325,-2.2483427
restaurant,3,SUR - DMG,GUAYAS,-79.8811269,-2.251932
restaurant,4,SUR - DMG,GUAYAS,-79.8811269,-2.251932
restaurant,6,SUR - DMG,GUAYAS,-79.8811269,-2.251932
restaurant,3,SUR - DMG,GUAYAS,-79.8808355,-2.2515113
restaurant,4,SUR - DMG,GUAYAS,-79.8808355,-2.2515113
restaurant,6,SUR - DMG,GUAYAS,-79.8808355,-2.2515113
restaurant,5,SUR - DMG,GUAYAS,-79.8808355,-2.2515113
restaurant,3,SUR - DMG,GUAYAS,-79.8877903,-2.2507234
restaurant,4,SUR - DMG,GUAYAS,-79.8877903,-2.2507234
restaurant,5,SUR - DMG,GUAYAS,-79.8877903,-2.2507234
restaurant,6,SUR - DMG,GUAYAS,-79.8877903,-2.2507234
restaurant,3,SUR - DMG,GUAYAS,-79.8772188,-2.2548459
restaurant,6,SUR - DMG,GUAYAS,-79.8772188,-2.2548459
restaurant,9,DURÁN,GUAYAS,-79.8330871,-2.1743127
restaurant,3,SUR - DMG,GUAYAS,-79.8840533,-2.2596364
restaurant,9,SUR - DMG,GUAYAS,-79.8840533,-2.2596364
restaurant,4,SUR - DMG,GUAYAS,-79.8840533,-2.2596364
restaurant,3,DURÁN,GUAYAS,-79.8427937,-2.1624025
restaurant,4,DURÁN,GUAYAS,-79.8427937,-2.1624025
restaurant,5,DURÁN,GUAYAS,-79.8427937,-2.1624025
restaurant,8,DURÁN,GUAYAS,-79.8427937,-2.1624025
restaurant,9,DURÁN,GUAYAS,-79.8427937,-2.1624025
restaurant,10,DURÁN,GUAYAS,-79.8427937,-2.1624025
restaurant,3,9 DE OCTUBRE,GUAYAS,-79.8941625,-2.2079979
restaurant,3,DURÁN,GUAYAS,-79.841491,-2.1609761
restaurant,4,DURÁN,GUAYAS,-79.841491,-2.1609761
restaurant,8,DURÁN,GUAYAS,-79.841491,-2.1609761
restaurant,9,DURÁN,GUAYAS,-79.841491,-2.1609761
restaurant,10,DURÁN,GUAYAS,-79.841491,-2.1609761
restaurant,3,DURÁN,GUAYAS,-79.8399215,-2.1591497
restaurant,4,DURÁN,GUAYAS,-79.8399215,-2.1591497
restaurant,3,DURÁN,GUAYAS,-79.8390886,-2.1581622
restaurant,5,DURÁN,GUAYAS,-79.8390886,-2.1581622
restaurant,7,DURÁN,GUAYAS,-79.8390886,-2.1581622
restaurant,5,9 DE OCTUBRE,GUAYAS,-79.9110153,-2.218682
restaurant,3,9 DE OCTUBRE,GUAYAS,-79.9110153,-2.218682
restaurant,4,9 DE OCTUBRE,GUAYAS,-79.9110153,-2.218682
restaurant,6,9 DE OCTUBRE,GUAYAS,-79.9110153,-2.218682
restaurant,9,9 DE OCTUBRE,GUAYAS,-79.9110153,-2.218682
restaurant,7,9 DE OCTUBRE,GUAYAS,-79.9110153,-2.218682
restaurant,3,DURÁN,GUAYAS,-79.8426564,-2.1622786
restaurant,4,DURÁN,GUAYAS,-79.8426564,-2.1622786
restaurant,5,DURÁN,GUAYAS,-79.8426564,-2.1622786
restaurant,8,DURÁN,GUAYAS,-79.8426564,-2.1622786
restaurant,9,DURÁN,GUAYAS,-79.8426564,-2.1622786
restaurant,10,DURÁN,GUAYAS,-79.8426564,-2.1622786
bank,4,DURÁN,GUAYAS,-79.8433824,-2.1635075
bank,5,DURÁN,GUAYAS,-79.8433824,-2.1635075
bank,3,DURÁN,GUAYAS,-79.8433824,-2.1635075
bank,8,DURÁN,GUAYAS,-79.8433824,-2.1635075
bank,9,DURÁN,GUAYAS,-79.8433824,-2.1635075
bank,10,DURÁN,GUAYAS,-79.8433824,-2.1635075
restaurant,4,DURÁN,GUAYAS,-79.8440537,-2.1642806
restaurant,5,DURÁN,GUAYAS,-79.8440537,-2.1642806
restaurant,3,DURÁN,GUAYAS,-79.8440537,-2.1642806
restaurant,8,DURÁN,GUAYAS,-79.8440537,-2.1642806
restaurant,10,DURÁN,GUAYAS,-79.8440537,-2.1642806
restaurant,3,9 DE OCTUBRE,GUAYAS,-79.9084359,-2.2145486
restaurant,4,9 DE OCTUBRE,GUAYAS,-79.9084359,-2.2145486
nightclub,7,SUR - DMG,GUAYAS,-79.878553,-2.2774132
nightclub,4,SUR - DMG,GUAYAS,-79.878553,-2.2774132
nightclub,6,SUR - DMG,GUAYAS,-79.878553,-2.2774132
nightclub,3,SUR - DMG,GUAYAS,-79.878553,-2.2774132
nightclub,5,SUR - DMG,GUAYAS,-79.878553,-2.2774132
nightclub,9,SUR - DMG,GUAYAS,-79.878553,-2.2774132
nightclub,10,SUR - DMG,GUAYAS,-79.878553,-2.2774132
nightclub,8,SUR - DMG,GUAYAS,-79.878553,-2.2774132
restaurant,4,SUR - DMG,GUAYAS,-79.8767883,-2.271677
restaurant,7,SUR - DMG,GUAYAS,-79.8767883,-2.271677
restaurant,5,SUR - DMG,GUAYAS,-79.8767883,-2.271677
restaurant,6,SUR - DMG,GUAYAS,-79.8767883,-2.271677
restaurant,3,SUR - DMG,GUAYAS,-79.8936823,-2.2550119
restaurant,4,SUR - DMG,GUAYAS,-79.8936823,-2.2550119
restaurant,5,DURÁN,GUAYAS,-79.8351256,-2.1633804
restaurant,3,DURÁN,GUAYAS,-79.8351256,-2.1633804
restaurant,6,DURÁN,GUAYAS,-79.8351256,-2.1633804
restaurant,8,DURÁN,GUAYAS,-79.8351256,-2.1633804
restaurant,9,DURÁN,GUAYAS,-79.8351256,-2.1633804
restaurant,12,DURÁN,GUAYAS,-79.8351256,-2.1633804
restaurant,4,DURÁN,GUAYAS,-79.8351256,-2.1633804
restaurant,5,DURÁN,GUAYAS,-79.837755,-2.1624901
restaurant,6,DURÁN,GUAYAS,-79.837755,-2.1624901
restaurant,3,DURÁN,GUAYAS,-79.837755,-2.1624901
restaurant,8,DURÁN,GUAYAS,-79.837755,-2.1624901
restaurant,3,9 DE OCTUBRE,GUAYAS,-79.9042671,-2.2210179
restaurant,6,9 DE OCTUBRE,GUAYAS,-79.9042671,-2.2210179
restaurant,9,9 DE OCTUBRE,GUAYAS,-79.9042671,-2.2210179
restaurant,4,9 DE OCTUBRE,GUAYAS,-79.9042671,-2.2210179
restaurant,3,9 DE OCTUBRE,GUAYAS,-79.9043305,-2.2216627
restaurant,9,9 DE OCTUBRE,GUAYAS,-79.9043305,-2.2216627
restaurant,4,9 DE OCTUBRE,GUAYAS,-79.9043305,-2.2216627
restaurant,6,9 DE OCTUBRE,GUAYAS,-79.9043305,-2.2216627
restaurant,3,ESTEROS,GUAYAS,-79.9063823,-2.2295919
restaurant,4,ESTEROS,GUAYAS,-79.9063823,-2.2295919
restaurant,5,ESTEROS,GUAYAS,-79.9063823,-2.2295919
restaurant,5,ESTEROS,GUAYAS,-79.9056361,-2.2252351
restaurant,3,ESTEROS,GUAYAS,-79.9056361,-2.2252351
restaurant,5,ESTEROS,GUAYAS,-79.9057119,-2.2252293
restaurant,3,ESTEROS,GUAYAS,-79.9057119,-2.2252293
restaurant,3,ESTEROS,GUAYAS,-79.911008,-2.2297724
restaurant,5,ESTEROS,GUAYAS,-79.911008,-2.2297724
restaurant,4,ESTEROS,GUAYAS,-79.911008,-2.2297724
restaurant,6,ESTEROS,GUAYAS,-79.911008,-2.2297724
restaurant,3,ESTEROS,GUAYAS,-79.9115762,-2.2301452
restaurant,4,ESTEROS,GUAYAS,-79.9115762,-2.2301452
restaurant,6,ESTEROS,GUAYAS,-79.9115762,-2.2301452
restaurant,5,ESTEROS,GUAYAS,-79.9115762,-2.2301452
restaurant,5,DURÁN,GUAYAS,-79.8423357,-2.1668212
restaurant,3,DURÁN,GUAYAS,-79.8423357,-2.1668212
restaurant,5,DURÁN,GUAYAS,-79.8428806,-2.1664102
restaurant,3,DURÁN,GUAYAS,-79.8428806,-2.1664102
restaurant,9,9 DE OCTUBRE,GUAYAS,-79.9125909,-2.2186949
restaurant,7,9 DE OCTUBRE,GUAYAS,-79.9125909,-2.2186949
restaurant,5,9 DE OCTUBRE,GUAYAS,-79.9125909,-2.2186949
restaurant,4,9 DE OCTUBRE,GUAYAS,-79.9125909,-2.2186949
restaurant,3,9 DE OCTUBRE,GUAYAS,-79.9125909,-2.2186949
restaurant,5,9 DE OCTUBRE,GUAYAS,-79.9110277,-2.2189217
restaurant,3,9 DE OCTUBRE,GUAYAS,-79.9110277,-2.2189217
restaurant,4,9 DE OCTUBRE,GUAYAS,-79.9110277,-2.2189217
restaurant,6,9 DE OCTUBRE,GUAYAS,-79.9110277,-2.2189217
restaurant,9,9 DE OCTUBRE,GUAYAS,-79.9110277,-2.2189217
restaurant,7,9 DE OCTUBRE,GUAYAS,-79.9110277,-2.2189217
restaurant,5,9 DE OCTUBRE,GUAYAS,-79.9107801,-2.2189363
restaurant,3,9 DE OCTUBRE,GUAYAS,-79.9107801,-2.2189363
restaurant,4,9 DE OCTUBRE,GUAYAS,-79.9107801,-2.2189363
restaurant,6,9 DE OCTUBRE,GUAYAS,-79.9107801,-2.2189363
restaurant,9,9 DE OCTUBRE,GUAYAS,-79.9107801,-2.2189363
restaurant,5,9 DE OCTUBRE,GUAYAS,-79.910734,-2.2189363
restaurant,3,9 DE OCTUBRE,GUAYAS,-79.910734,-2.2189363
restaurant,4,9 DE OCTUBRE,GUAYAS,-79.910734,-2.2189363
restaurant,6,9 DE OCTUBRE,GUAYAS,-79.910734,-2.2189363
restaurant,9,9 DE OCTUBRE,GUAYAS,-79.910734,-2.2189363
restaurant,3,DURÁN,GUAYAS,-79.842352,-2.1623115
restaurant,4,DURÁN,GUAYAS,-79.842352,-2.1623115
restaurant,5,DURÁN,GUAYAS,-79.842352,-2.1623115
restaurant,8,DURÁN,GUAYAS,-79.842352,-2.1623115
restaurant,9,DURÁN,GUAYAS,-79.842352,-2.1623115
restaurant,10,DURÁN,GUAYAS,-79.842352,-2.1623115
bank,3,DURÁN,GUAYAS,-79.8423111,-2.162259
bank,4,DURÁN,GUAYAS,-79.8423111,-2.162259
bank,5,DURÁN,GUAYAS,-79.8423111,-2.162259
bank,8,DURÁN,GUAYAS,-79.8423111,-2.162259
bank,9,DURÁN,GUAYAS,-79.8423111,-2.162259
bank,10,DURÁN,GUAYAS,-79.8423111,-2.162259
restaurant,3,ESTEROS,GUAYAS,-79.9008378,-2.2299482
restaurant,5,9 DE OCTUBRE,GUAYAS,-79.9037248,-2.2096584
restaurant,3,ESTEROS,GUAYAS,-79.9030242,-2.2296918
restaurant,4,ESTEROS,GUAYAS,-79.9030242,-2.2296918
restaurant,3,ESTEROS,GUAYAS,-79.9071083,-2.2293071
restaurant,6,ESTEROS,GUAYAS,-79.9071083,-2.2293071
restaurant,4,ESTEROS,GUAYAS,-79.9071083,-2.2293071
restaurant,5,ESTEROS,GUAYAS,-79.9071083,-2.2293071
hospital,3,ESTEROS,GUAYAS,-79.9073515,-2.2293026
hospital,6,ESTEROS,GUAYAS,-79.9073515,-2.2293026
hospital,4,ESTEROS,GUAYAS,-79.9073515,-2.2293026
hospital,5,ESTEROS,GUAYAS,-79.9073515,-2.2293026
restaurant,3,9 DE OCTUBRE,GUAYAS,-79.9045635,-2.2221453
restaurant,5,ESTEROS,GUAYAS,-79.9045635,-2.2221453
restaurant,9,9 DE OCTUBRE,GUAYAS,-79.9045635,-2.2221453
restaurant,4,9 DE OCTUBRE,GUAYAS,-79.9045635,-2.2221453
restaurant,3,ESTEROS,GUAYAS,-79.9122218,-2.2303905
restaurant,6,ESTEROS,GUAYAS,-79.9122218,-2.2303905
restaurant,4,ESTEROS,GUAYAS,-79.9122218,-2.2303905
restaurant,5,ESTEROS,GUAYAS,-79.9122218,-2.2303905
restaurant,3,DURÁN,GUAYAS,-79.8415721,-2.1615269
restaurant,4,DURÁN,GUAYAS,-79.8415721,-2.1615269
restaurant,8,DURÁN,GUAYAS,-79.8415721,-2.1615269
restaurant,9,DURÁN,GUAYAS,-79.8415721,-2.1615269
restaurant,10,DURÁN,GUAYAS,-79.8415721,-2.1615269
restaurant,3,DURÁN,GUAYAS,-79.841516,-2.1614617
restaurant,4,DURÁN,GUAYAS,-79.841516,-2.1614617
restaurant,8,DURÁN,GUAYAS,-79.841516,-2.1614617
restaurant,9,DURÁN,GUAYAS,-79.841516,-2.1614617
restaurant,10,DURÁN,GUAYAS,-79.841516,-2.1614617
restaurant,3,DURÁN,GUAYAS,-79.8403274,-2.1598578
restaurant,4,DURÁN,GUAYAS,-79.8403274,-2.1598578
restaurant,9,DURÁN,GUAYAS,-79.8403274,-2.1598578
restaurant,7,ESTEROS,GUAYAS,-79.9074053,-2.2299634
restaurant,3,ESTEROS,GUAYAS,-79.9074053,-2.2299634
restaurant,6,ESTEROS,GUAYAS,-79.9074053,-2.2299634
restaurant,4,ESTEROS,GUAYAS,-79.9074053,-2.2299634
restaurant,5,ESTEROS,GUAYAS,-79.9074053,-2.2299634
restaurant,7,ESTEROS,GUAYAS,-79.9055177,-2.2320374
restaurant,3,ESTEROS,GUAYAS,-79.9055177,-2.2320374
restaurant,4,ESTEROS,GUAYAS,-79.9055177,-2.2320374
restaurant,9,ESTEROS,GUAYAS,-79.9055177,-2.2320374
bar,4,DURÁN,GUAYAS,-79.8396285,-2.1590469
bar,3,DURÁN,GUAYAS,-79.8396285,-2.1590469
bar,7,DURÁN,GUAYAS,-79.8396285,-2.1590469
restaurant,3,ESTEROS,GUAYAS,-79.909794,-2.2295908
restaurant,5,ESTEROS,GUAYAS,-79.909794,-2.2295908
restaurant,6,ESTEROS,GUAYAS,-79.909794,-2.2295908
restaurant,4,ESTEROS,GUAYAS,-79.909794,-2.2295908
restaurant,3,PORTETE,GUAYAS,-79.9205142,-2.204126
restaurant,3,PORTETE,GUAYAS,-79.9210119,-2.2039827
restaurant,3,SUR - DMG,GUAYAS,-79.887236,-2.259238
restaurant,6,SUR - DMG,GUAYAS,-79.887236,-2.259238
restaurant,4,SUR - DMG,GUAYAS,-79.887236,-2.259238
bar,3,DURÁN,GUAYAS,-79.8424743,-2.1598158
bar,4,DURÁN,GUAYAS,-79.8424743,-2.1598158
bar,5,DURÁN,GUAYAS,-79.8424743,-2.1598158
bar,9,DURÁN,GUAYAS,-79.8424743,-2.1598158
restaurant,3,PORTETE,GUAYAS,-79.9292248,-2.2253118
bank,5,PORTETE,GUAYAS,-79.9260792,-2.2211187
bank,3,PORTETE,GUAYAS,-79.9260792,-2.2211187
restaurant,3,NUEVA PROSPERINA,GUAYAS,-79.9513797,-2.103911
restaurant,6,NUEVA PROSPERINA,GUAYAS,-79.9513797,-2.103911
restaurant,10,NUEVA PROSPERINA,GUAYAS,-79.9513797,-2.103911
restaurant,13,NUEVA PROSPERINA,GUAYAS,-79.9513797,-2.103911
restaurant,19,NUEVA PROSPERINA,GUAYAS,-79.9513797,-2.103911
restaurant,16,NUEVA PROSPERINA,GUAYAS,-79.9513797,-2.103911
restaurant,14,NUEVA PROSPERINA,GUAYAS,-79.9513797,-2.103911
restaurant,22,NUEVA PROSPERINA,GUAYAS,-79.9513797,-2.103911
restaurant,18,NUEVA PROSPERINA,GUAYAS,-79.9513797,-2.103911
restaurant,7,NUEVA PROSPERINA,GUAYAS,-79.9513797,-2.103911
bank,3,MODELO,GUAYAS,-79.8909815,-2.188547
restaurant,3,PORTETE,GUAYAS,-79.9305565,-2.2225857
bank,7,9 DE OCTUBRE,GUAYAS,-79.88705,-2.1889906
bank,3,MODELO,GUAYAS,-79.88705,-2.1889906
bank,3,9 DE OCTUBRE,GUAYAS,-79.88705,-2.1889906
restaurant,3,NUEVA PROSPERINA,GUAYAS,-79.953021,-2.1043946
restaurant,6,NUEVA PROSPERINA,GUAYAS,-79.953021,-2.1043946
restaurant,8,NUEVA PROSPERINA,GUAYAS,-79.953021,-2.1043946
restaurant,19,NUEVA PROSPERINA,GUAYAS,-79.953021,-2.1043946
restaurant,16,NUEVA PROSPERINA,GUAYAS,-79.953021,-2.1043946
restaurant,22,NUEVA PROSPERINA,GUAYAS,-79.953021,-2.1043946
restaurant,18,NUEVA PROSPERINA,GUAYAS,-79.953021,-2.1043946
restaurant,4,NUEVA PROSPERINA,GUAYAS,-79.953021,-2.1043946
restaurant,7,NUEVA PROSPERINA,GUAYAS,-79.953021,-2.1043946
restaurant,3,NUEVA PROSPERINA,GUAYAS,-79.9545289,-2.1048301
restaurant,6,NUEVA PROSPERINA,GUAYAS,-79.9545289,-2.1048301
restaurant,8,NUEVA PROSPERINA,GUAYAS,-79.9545289,-2.1048301
restaurant,12,NUEVA PROSPERINA,GUAYAS,-79.9545289,-2.1048301
restaurant,15,NUEVA PROSPERINA,GUAYAS,-79.9545289,-2.1048301
restaurant,16,NUEVA PROSPERINA,GUAYAS,-79.9545289,-2.1048301
restaurant,4,NUEVA PROSPERINA,GUAYAS,-79.9545289,-2.1048301
restaurant,7,NUEVA PROSPERINA,GUAYAS,-79.9545289,-2.1048301
restaurant,5,NUEVA PROSPERINA,GUAYAS,-79.9550552,-2.1049779
restaurant,3,NUEVA PROSPERINA,GUAYAS,-79.9550552,-2.1049779
restaurant,6,NUEVA PROSPERINA,GUAYAS,-79.9550552,-2.1049779
restaurant,8,NUEVA PROSPERINA,GUAYAS,-79.9550552,-2.1049779
restaurant,12,NUEVA PROSPERINA,GUAYAS,-79.9550552,-2.1049779
restaurant,15,NUEVA PROSPERINA,GUAYAS,-79.9550552,-2.1049779
restaurant,16,NUEVA PROSPERINA,GUAYAS,-79.9550552,-2.1049779
restaurant,4,NUEVA PROSPERINA,GUAYAS,-79.9550552,-2.1049779
restaurant,7,NUEVA PROSPERINA,GUAYAS,-79.9550552,-2.1049779
restaurant,3,SUR - DMG,GUAYAS,-79.894001,-2.2759527
restaurant,3,PORTETE,GUAYAS,-79.9149129,-2.1975878
restaurant,5,PORTETE,GUAYAS,-79.9149129,-2.1975878
restaurant,3,PORTETE,GUAYAS,-79.9157112,-2.1996427
restaurant,5,PORTETE,GUAYAS,-79.9157112,-2.1996427
nightclub,3,PORTETE,GUAYAS,-79.9160308,-2.2004391
restaurant,3,PORTETE,GUAYAS,-79.9163437,-2.2012557
restaurant,3,NUEVA PROSPERINA,GUAYAS,-79.9668734,-2.1190344
restaurant,4,NUEVA PROSPERINA,GUAYAS,-79.9668734,-2.1190344
restaurant,8,NUEVA PROSPERINA,GUAYAS,-79.9668734,-2.1190344
restaurant,10,NUEVA PROSPERINA,GUAYAS,-79.9668734,-2.1190344
restaurant,7,NUEVA PROSPERINA,GUAYAS,-79.9668734,-2.1190344
restaurant,12,NUEVA PROSPERINA,GUAYAS,-79.9668734,-2.1190344
restaurant,11,NUEVA PROSPERINA,GUAYAS,-79.9668734,-2.1190344
restaurant,13,NUEVA PROSPERINA,GUAYAS,-79.9668734,-2.1190344
restaurant,3,PORTETE,GUAYAS,-79.9134673,-2.2025776
restaurant,5,SUR - DMG,GUAYAS,-79.8966298,-2.2701361
restaurant,4,SUR - DMG,GUAYAS,-79.8966298,-2.2701361
restaurant,3,SUR - DMG,GUAYAS,-79.8966298,-2.2701361
restaurant,7,SUR - DMG,GUAYAS,-79.8966298,-2.2701361
restaurant,8,SUR - DMG,GUAYAS,-79.8966298,-2.2701361
restaurant,5,ESTEROS,GUAYAS,-79.918047,-2.2390568
restaurant,3,ESTEROS,GUAYAS,-79.918047,-2.2390568
restaurant,3,PORTETE,GUAYAS,-79.9205375,-2.2008056
restaurant,3,PORTETE,GUAYAS,-79.9211551,-2.2006641
restaurant,3,PORTETE,GUAYAS,-79.9246461,-2.1947947
restaurant,3,PORTETE,GUAYAS,-79.9245908,-2.1946358
bank,3,PONCE ENRÍQUEZ,AZUAY,-79.7466586,-3.0617836
bank,5,PORTETE,GUAYAS,-79.9319572,-2.2122913
bank,4,PORTETE,GUAYAS,-79.9319572,-2.2122913
bank,3,PORTETE,GUAYAS,-79.9319572,-2.2122913
restaurant,3,SUR - DMG,GUAYAS,-79.8810965,-2.2602678
restaurant,6,SUR - DMG,GUAYAS,-79.8810965,-2.2602678
restaurant,7,SUR - DMG,GUAYAS,-79.8810965,-2.2602678
restaurant,4,SUR - DMG,GUAYAS,-79.8810965,-2.2602678
restaurant,4,SUR - DMG,GUAYAS,-79.8805573,-2.2784106
restaurant,3,SUR - DMG,GUAYAS,-79.8805573,-2.2784106
restaurant,5,SUR - DMG,GUAYAS,-79.8805573,-2.2784106
restaurant,6,SUR - DMG,GUAYAS,-79.8805573,-2.2784106
restaurant,7,SUR - DMG,GUAYAS,-79.8805573,-2.2784106
restaurant,9,SUR - DMG,GUAYAS,-79.8805573,-2.2784106
restaurant,7,SUR - DMG,GUAYAS,-79.8804755,-2.2777298
restaurant,4,SUR - DMG,GUAYAS,-79.8804755,-2.2777298
restaurant,3,SUR - DMG,GUAYAS,-79.8804755,-2.2777298
restaurant,5,SUR - DMG,GUAYAS,-79.8804755,-2.2777298
restaurant,6,SUR - DMG,GUAYAS,-79.8804755,-2.2777298
restaurant,9,SUR - DMG,GUAYAS,-79.8804755,-2.2777298
restaurant,3,9 DE OCTUBRE,GUAYAS,-79.902549,-2.207753
restaurant,7,SUR - DMG,GUAYAS,-79.879924,-2.2768735
restaurant,4,SUR - DMG,GUAYAS,-79.879924,-2.2768735
restaurant,6,SUR - DMG,GUAYAS,-79.879924,-2.2768735
restaurant,3,SUR - DMG,GUAYAS,-79.879924,-2.2768735
restaurant,5,SUR - DMG,GUAYAS,-79.879924,-2.2768735
restaurant,9,SUR - DMG,GUAYAS,-79.879924,-2.2768735
restaurant,8,SUR - DMG,GUAYAS,-79.879924,-2.2768735
restaurant,3,SUR - DMG,GUAYAS,-79.889952,-2.2505053
restaurant,4,SUR - DMG,GUAYAS,-79.889952,-2.2505053
restaurant,6,SUR - DMG,GUAYAS,-79.889952,-2.2505053
restaurant,3,SUR - DMG,GUAYAS,-79.8901753,-2.2480878
restaurant,4,SUR - DMG,GUAYAS,-79.8901753,-2.2480878
restaurant,5,SUR - DMG,GUAYAS,-79.8901753,-2.2480878
restaurant,6,SUR - DMG,GUAYAS,-79.8901753,-2.2480878
restaurant,7,SUR - DMG,GUAYAS,-79.8775712,-2.2734469
restaurant,4,SUR - DMG,GUAYAS,-79.8775712,-2.2734469
restaurant,5,SUR - DMG,GUAYAS,-79.8775712,-2.2734469
restaurant,4,PORTETE,GUAYAS,-79.9284941,-2.1987947
restaurant,3,SUR - DMG,GUAYAS,-79.8893893,-2.2757128
restaurant,5,SUR - DMG,GUAYAS,-79.8893893,-2.2757128
restaurant,3,SUR - DMG,GUAYAS,-79.8939903,-2.2653077
restaurant,3,SUR - DMG,GUAYAS,-79.889863,-2.2508576
restaurant,4,SUR - DMG,GUAYAS,-79.889863,-2.2508576
restaurant,6,SUR - DMG,GUAYAS,-79.889863,-2.2508576
restaurant,3,SUR - DMG,GUAYAS,-79.8873823,-2.2507099
restaurant,4,SUR - DMG,GUAYAS,-79.8873823,-2.2507099
restaurant,5,SUR - DMG,GUAYAS,-79.8873823,-2.2507099
restaurant,6,SUR - DMG,GUAYAS,-79.8873823,-2.2507099
restaurant,3,SUR - DMG,GUAYAS,-79.8777483,-2.2647094
restaurant,5,SUR - DMG,GUAYAS,-79.8777483,-2.2647094
restaurant,4,SUR - DMG,GUAYAS,-79.8777483,-2.2647094
bank,3,SUR - DMG,GUAYAS,-79.884961,-2.2598775
bank,9,SUR - DMG,GUAYAS,-79.884961,-2.2598775
bank,4,SUR - DMG,GUAYAS,-79.884961,-2.2598775
restaurant,5,SUR - DMG,GUAYAS,-79.8839544,-2.2623736
restaurant,3,SUR - DMG,GUAYAS,-79.8839544,-2.2623736
restaurant,4,SUR - DMG,GUAYAS,-79.8839544,-2.2623736
bank,3,PORTETE,GUAYAS,-79.9208497,-2.1922723
restaurant,4,PORTETE,GUAYAS,-79.9260748,-2.1994161
restaurant,4,PORTETE,GUAYAS,-79.9232598,-2.1997835
restaurant,3,9 DE OCTUBRE,GUAYAS,-79.8980674,-2.1958533
bar,4,PORTETE,GUAYAS,-79.9240135,-2.1995932
nightclub,4,PORTETE,GUAYAS,-79.9254351,-2.1987288
restaurant,3,PORTETE,GUAYAS,-79.9269291,-2.1936042
atm,3,NARANJAL BALAO,GUAYAS,-79.8161722,-2.9100319
atm,7,NARANJAL BALAO,GUAYAS,-79.8161722,-2.9100319
restaurant,3,9 DE OCTUBRE,GUAYAS,-79.9044408,-2.2209576
restaurant,6,9 DE OCTUBRE,GUAYAS,-79.9044408,-2.2209576
restaurant,9,9 DE OCTUBRE,GUAYAS,-79.9044408,-2.2209576
restaurant,4,9 DE OCTUBRE,GUAYAS,-79.9044408,-2.2209576
restaurant,3,9 DE OCTUBRE,GUAYAS,-79.9067331,-2.2152258
restaurant,4,9 DE OCTUBRE,GUAYAS,-79.9067331,-2.2152258
restaurant,3,9 DE OCTUBRE,GUAYAS,-79.9098464,-2.2141127
restaurant,8,9 DE OCTUBRE,GUAYAS,-79.9098464,-2.2141127
restaurant,6,9 DE OCTUBRE,GUAYAS,-79.9098464,-2.2141127
restaurant,4,9 DE OCTUBRE,GUAYAS,-79.9098464,-2.2141127
restaurant,3,9 DE OCTUBRE,GUAYAS,-79.9121325,-2.2103123
restaurant,5,9 DE OCTUBRE,GUAYAS,-79.9119746,-2.2091244
restaurant,3,9 DE OCTUBRE,GUAYAS,-79.9119746,-2.2091244
bar,4,PORTETE,GUAYAS,-79.92632,-2.2013091
bar,5,PORTETE,GUAYAS,-79.92632,-2.2013091
restaurant,5,PORTETE,GUAYAS,-79.9334147,-2.2133088
restaurant,3,PORTETE,GUAYAS,-79.9334147,-2.2133088
restaurant,7,PORTETE,GUAYAS,-79.9276142,-2.206417
restaurant,6,PORTETE,GUAYAS,-79.9276142,-2.206417
restaurant,5,PORTETE,GUAYAS,-79.9280149,-2.207954
restaurant,7,PORTETE,GUAYAS,-79.9280149,-2.207954
restaurant,6,PORTETE,GUAYAS,-79.9280149,-2.207954
restaurant,5,PORTETE,GUAYAS,-79.9282781,-2.2086042
restaurant,7,PORTETE,GUAYAS,-79.9282781,-2.2086042
restaurant,6,PORTETE,GUAYAS,-79.9282781,-2.2086042
restaurant,5,PORTETE,GUAYAS,-79.9302398,-2.2103672
restaurant,4,PORTETE,GUAYAS,-79.9302398,-2.2103672
restaurant,5,9 DE OCTUBRE,GUAYAS,-79.8957177,-2.2048502
restaurant,6,9 DE OCTUBRE,GUAYAS,-79.8957177,-2.2048502
restaurant,3,9 DE OCTUBRE,GUAYAS,-79.8957177,-2.2048502
restaurant,4,PORTETE,GUAYAS,-79.9429439,-2.2248344
restaurant,4,PORTETE,GUAYAS,-79.9436085,-2.2268804
restaurant,3,PORTETE,GUAYAS,-79.9436085,-2.2268804
restaurant,9,PORTETE,GUAYAS,-79.9436085,-2.2268804
restaurant,3,ESTEROS,GUAYAS,-79.8998615,-2.232532
restaurant,3,9 DE OCTUBRE,GUAYAS,-79.9049207,-2.2047028
restaurant,5,9 DE OCTUBRE,GUAYAS,-79.9057706,-2.2044852
restaurant,5,9 DE OCTUBRE,GUAYAS,-79.9065222,-2.2042702
restaurant,3,9 DE OCTUBRE,GUAYAS,-79.908053,-2.2038193
restaurant,5,9 DE OCTUBRE,GUAYAS,-79.908053,-2.2038193
restaurant,6,ESTEROS,GUAYAS,-79.9038704,-2.2345305
restaurant,6,ESTEROS,GUAYAS,-79.9052377,-2.2359838
restaurant,4,ESTEROS,GUAYAS,-79.9052377,-2.2359838
restaurant,3,9 DE OCTUBRE,GUAYAS,-79.9082628,-2.2037774
restaurant,5,9 DE OCTUBRE,GUAYAS,-79.9082628,-2.2037774
restaurant,4,9 DE OCTUBRE,GUAYAS,-79.8941353,-2.1996456
restaurant,3,9 DE OCTUBRE,GUAYAS,-79.901587,-2.2221633
restaurant,6,9 DE OCTUBRE,GUAYAS,-79.901587,-2.2221633
bar,3,ESTEROS,GUAYAS,-79.8947626,-2.2510147
restaurant,3,ESTEROS,GUAYAS,-79.8942501,-2.2541188
restaurant,4,PORTETE,GUAYAS,-79.9419282,-2.228029
restaurant,3,PORTETE,GUAYAS,-79.9419282,-2.228029
bar,3,PORTETE,GUAYAS,-79.9465653,-2.2226768
restaurant,7,PORTETE,GUAYAS,-79.9276609,-2.2066187
restaurant,6,PORTETE,GUAYAS,-79.9276609,-2.2066187
restaurant,3,9 DE OCTUBRE,GUAYAS,-79.913091,-2.2098921
restaurant,6,9 DE OCTUBRE,GUAYAS,-79.913091,-2.2098921
restaurant,3,9 DE OCTUBRE,GUAYAS,-79.9114684,-2.2100904
restaurant,5,9 DE OCTUBRE,GUAYAS,-79.9114684,-2.2100904
restaurant,3,9 DE OCTUBRE,GUAYAS,-79.9114105,-2.2100952
restaurant,5,9 DE OCTUBRE,GUAYAS,-79.9114105,-2.2100952
restaurant,3,MODELO,GUAYAS,-79.900029,-2.1251896
bus_station,3,HUAQUILLAS,EL ORO,-80.241004,-3.4797287
bus_station,3,PASAJE,EL ORO,-79.8121365,-3.3297274
bus_station,4,PASAJE,EL ORO,-79.8121365,-3.3297274
hospital,4,QUEVEDO,LOS RÍOS,-79.4680722,-1.0280228
hospital,5,QUEVEDO,LOS RÍOS,-79.4680722,-1.0280228
police,3,QUEVEDO,LOS RÍOS,-79.4704522,-0.983375
police,4,QUEVEDO,LOS RÍOS,-79.4704522,-0.983375
police,5,QUEVEDO,LOS RÍOS,-79.4704522,-0.983375
bus_station,3,HUAQUILLAS,EL ORO,-80.2389955,-3.4824213
restaurant,4,MACHALA,EL ORO,-79.9620901,-3.2596249
hospital,3,DAULE,GUAYAS,-79.9771948,-1.8692107
bar,4,SANTA ELENA,SANTA ELENA,-80.8571793,-2.2261265
bar,3,DAULE,GUAYAS,-79.9796526,-1.8622007
bar,5,DAULE,GUAYAS,-79.9796526,-1.8622007
bank,3,ESMERALDAS,ESMERALDAS,-79.6519593,0.9668355
bank,4,ESMERALDAS,ESMERALDAS,-79.6519593,0.9668355
bank,5,ESMERALDAS,ESMERALDAS,-79.6519593,0.9668355
restaurant,4,NUEVA PROSPERINA,GUAYAS,-79.9511545,-2.1113234
restaurant,3,NUEVA PROSPERINA,GUAYAS,-79.9511545,-2.1113234
restaurant,7,NUEVA PROSPERINA,GUAYAS,-79.9511545,-2.1113234
restaurant,5,NUEVA PROSPERINA,GUAYAS,-79.9511545,-2.1113234
restaurant,6,NUEVA PROSPERINA,GUAYAS,-79.9511545,-2.1113234
restaurant,4,MACHALA,EL ORO,-79.9589397,-3.2600403
atm,3,ESMERALDAS,ESMERALDAS,-79.6525704,0.9843647
bank,3,ORELLANA LORETO,ORELLANA,-76.9852182,-0.4710482
restaurant,4,MACHALA,EL ORO,-79.9602296,-3.2603064
restaurant,3,ORELLANA LORETO,ORELLANA,-76.9853111,-0.4716935
bank,3,PONCE ENRÍQUEZ,AZUAY,-79.7463556,-3.0611519
bank,3,PONCE ENRÍQUEZ,AZUAY,-79.7461834,-3.0625582
restaurant,3,PORTETE,GUAYAS,-79.9229652,-2.2142408
restaurant,4,PORTETE,GUAYAS,-79.9229652,-2.2142408
restaurant,17,MACHALA,EL ORO,-79.9602302,-3.2664439
restaurant,22,MACHALA,EL ORO,-79.9602302,-3.2664439
restaurant,5,MACHALA,EL ORO,-79.9602302,-3.2664439
hospital,3,PONCE ENRÍQUEZ,AZUAY,-79.7452365,-3.0610511
restaurant,3,FLORIDA,GUAYAS,-79.9459852,-2.1366043
restaurant,3,9 DE OCTUBRE,GUAYAS,-79.8883511,-2.1874491
restaurant,3,MODELO,GUAYAS,-79.8883511,-2.1874491
restaurant,7,9 DE OCTUBRE,GUAYAS,-79.8883511,-2.1874491
restaurant,5,9 DE OCTUBRE,GUAYAS,-79.8883511,-2.1874491
restaurant,6,9 DE OCTUBRE,GUAYAS,-79.8883511,-2.1874491
restaurant,3,PORTETE,GUAYAS,-79.9229352,-2.2142361
restaurant,4,PORTETE,GUAYAS,-79.9229352,-2.2142361
police,4,SUR - DMG,GUAYAS,-79.8893647,-2.2778927
police,3,MODELO,GUAYAS,-79.8927035,-2.1858527
atm,5,BUENA FE,LOS RÍOS,-79.3704845,-0.5717934
bank,4,LIBERTAD SALINAS,SANTA ELENA,-80.9082213,-2.2217706
atm,3,FLORIDA,GUAYAS,-79.9197415,-2.1579339
atm,5,SAN LORENZO,ESMERALDAS,-78.8343365,1.2866447
nightclub,3,QUEVEDO,LOS RÍOS,-79.4626306,-1.0248565
restaurant,3,NARANJAL BALAO,GUAYAS,-79.6243076,-2.6833261
police,3,ESMERALDAS,ESMERALDAS,-79.6490126,0.9658411
police,4,ESMERALDAS,ESMERALDAS,-79.6490126,0.9658411
police,8,ESMERALDAS,ESMERALDAS,-79.6490126,0.9658411
restaurant,4,ESMERALDAS,ESMERALDAS,-79.6532518,0.969419
restaurant,3,ESMERALDAS,ESMERALDAS,-79.6532518,0.969419
restaurant,5,ESMERALDAS,ESMERALDAS,-79.6532518,0.969419
restaurant,6,ESMERALDAS,ESMERALDAS,-79.6532518,0.969419
restaurant,3,NARANJAL BALAO,GUAYAS,-79.6168777,-2.6751004
restaurant,4,NARANJAL BALAO,GUAYAS,-79.6168777,-2.6751004
restaurant,3,NARANJAL BALAO,GUAYAS,-79.6243773,-2.6831684
bar,17,MACHALA,EL ORO,-79.9582921,-3.264492
bar,22,MACHALA,EL ORO,-79.9582921,-3.264492
bar,6,MACHALA,EL ORO,-79.9582921,-3.264492
restaurant,3,PASCUALES,GUAYAS,-79.9377017,-2.0723229
restaurant,4,PASCUALES,GUAYAS,-79.9377017,-2.0723229
restaurant,6,PASCUALES,GUAYAS,-79.9377017,-2.0723229
restaurant,5,PASCUALES,GUAYAS,-79.9377017,-2.0723229
restaurant,7,PASCUALES,GUAYAS,-79.9377017,-2.0723229
hospital,3,NARANJAL BALAO,GUAYAS,-79.6161916,-2.6775875
hospital,4,NARANJAL BALAO,GUAYAS,-79.6161916,-2.6775875
hospital,3,QUEVEDO,LOS RÍOS,-79.472848,-1.0162921
bus_station,3,NARANJAL BALAO,GUAYAS,-79.6178373,-2.6769671
bus_station,4,NARANJAL BALAO,GUAYAS,-79.6178373,-2.6769671
bank,3,BABAHOYO,LOS RÍOS,-79.5337059,-1.7982166
bank,5,BABAHOYO,LOS RÍOS,-79.5337059,-1.7982166
nightclub,17,MACHALA,EL ORO,-79.9599514,-3.2660537
nightclub,22,MACHALA,EL ORO,-79.9599514,-3.2660537
nightclub,5,MACHALA,EL ORO,-79.9599514,-3.2660537
bus_station,4,PORTETE,GUAYAS,-79.9385993,-2.2056749
bus_station,3,PORTETE,GUAYAS,-79.9385993,-2.2056749
bus_station,3,PORTETE,GUAYAS,-79.9292207,-2.2254976
bank,4,ESMERALDAS,ESMERALDAS,-79.652814,0.9663372
bank,3,ESMERALDAS,ESMERALDAS,-79.652814,0.9663372
bank,5,ESMERALDAS,ESMERALDAS,-79.652814,0.9663372
restaurant,3,MACHALA,EL ORO,-79.9600306,-3.2561038
restaurant,4,MACHALA,EL ORO,-79.9600306,-3.2561038
hospital,5,NARANJAL BALAO,GUAYAS,-79.6226194,-2.6762818
restaurant,5,BABAHOYO,LOS RÍOS,-79.5293911,-1.8032777
restaurant,3,BABAHOYO,LOS RÍOS,-79.5293911,-1.8032777
restaurant,4,BABAHOYO,LOS RÍOS,-79.5293911,-1.8032777
restaurant,5,NARANJAL BALAO,GUAYAS,-79.6226492,-2.6767842
restaurant,3,PASAJE,EL ORO,-79.8127003,-3.3296033
restaurant,4,PASAJE,EL ORO,-79.8127003,-3.3296033
atm,3,QUITUMBE,PICHINCHA,-78.5492975,-0.3193079
restaurant,4,SANTA ROSA,EL ORO,-79.9662058,-3.4554296
restaurant,3,SANTA ROSA,EL ORO,-79.9662058,-3.4554296
hospital,4,MILAGRO,GUAYAS,-79.5882214,-2.1263548
hospital,5,MILAGRO,GUAYAS,-79.5882214,-2.1263548
bus_station,5,PROGRESO,GUAYAS,-80.2445204,-2.7111319
bus_station,3,PROGRESO,GUAYAS,-80.2445204,-2.7111319
bus_station,4,PROGRESO,GUAYAS,-80.2445204,-2.7111319
restaurant,3,VINCES,LOS RÍOS,-79.7526862,-1.555885
restaurant,4,VINCES,LOS RÍOS,-79.7526862,-1.555885
bar,3,DURÁN,GUAYAS,-79.8210277,-2.1496267
bar,4,DURÁN,GUAYAS,-79.8210277,-2.1496267
atm,4,QUEVEDO,LOS RÍOS,-79.4710872,-1.0324188
atm,3,QUEVEDO,LOS RÍOS,-79.4710872,-1.0324188
police,4,PASCUALES,GUAYAS,-79.9234687,-2.0880886
restaurant,3,LA JOYA DE LOS SACHAS,ORELLANA,-76.8552684,-0.2939642
bus_station,3,NUEVA PROSPERINA,GUAYAS,-79.9728459,-2.1204713
bus_station,6,NUEVA PROSPERINA,GUAYAS,-79.9728459,-2.1204713
bus_station,8,NUEVA PROSPERINA,GUAYAS,-79.9728459,-2.1204713
bus_station,14,NUEVA PROSPERINA,GUAYAS,-79.9728459,-2.1204713
bus_station,4,NUEVA PROSPERINA,GUAYAS,-79.9728459,-2.1204713
bar,3,SAMBORONDÓN,GUAYAS,-79.7237149,-1.9593104
police,3,SAMBORONDÓN,GUAYAS,-79.7255564,-1.9593173
restaurant,3,SAMBORONDÓN,GUAYAS,-79.724501,-1.9638079
restaurant,4,SAMBORONDÓN,GUAYAS,-79.724501,-1.9638079
restaurant,3,SAMBORONDÓN,GUAYAS,-79.7240214,-1.9617686
restaurant,4,SAMBORONDÓN,GUAYAS,-79.7240214,-1.9617686
restaurant,3,SAMBORONDÓN,GUAYAS,-79.7233739,-1.9632729
restaurant,4,SAMBORONDÓN,GUAYAS,-79.7233739,-1.9632729
restaurant,3,SAMBORONDÓN,GUAYAS,-79.7239873,-1.9596393
bar,3,9 DE OCTUBRE,GUAYAS,-79.8945882,-2.1956715
restaurant,4,JIPIJAPA,MANABÍ,-80.8108031,-1.5588047
hospital,6,PORTETE,GUAYAS,-79.9264717,-2.2082447
restaurant,4,MACHALA,EL ORO,-79.9601809,-3.2602667
restaurant,4,MACHALA,EL ORO,-79.9612491,-3.2604657
restaurant,4,9 DE OCTUBRE,GUAYAS,-79.9069275,-2.2194167
restaurant,3,9 DE OCTUBRE,GUAYAS,-79.9069275,-2.2194167
restaurant,9,9 DE OCTUBRE,GUAYAS,-79.9069275,-2.2194167
restaurant,5,9 DE OCTUBRE,GUAYAS,-79.9069275,-2.2194167
restaurant,3,VENTANAS,LOS RÍOS,-79.4591105,-1.4425953
bus_station,3,HUAQUILLAS,EL ORO,-80.2397495,-3.4798286
bank,4,MILAGRO,GUAYAS,-79.5912723,-2.1288761
hospital,3,SALITRE,GUAYAS,-79.8136445,-1.8301972
hospital,4,SALITRE,GUAYAS,-79.8136445,-1.8301972
restaurant,3,HUAQUILLAS,EL ORO,-80.2228166,-3.4829129
restaurant,4,HUAQUILLAS,EL ORO,-80.2228166,-3.4829129
restaurant,7,HUAQUILLAS,EL ORO,-80.2228166,-3.4829129
restaurant,3,HUAQUILLAS,EL ORO,-80.2370258,-3.482633
bus_station,3,HUAQUILLAS,EL ORO,-80.2397329,-3.4799802
restaurant,4,ESMERALDAS,ESMERALDAS,-79.6556613,0.9815912
restaurant,5,ESMERALDAS,ESMERALDAS,-79.6556613,0.9815912
restaurant,3,ESMERALDAS,ESMERALDAS,-79.6556613,0.9815912
bank,3,ESMERALDAS,ESMERALDAS,-79.6537837,0.9732293
bank,4,ESMERALDAS,ESMERALDAS,-79.6537837,0.9732293
bank,6,ESMERALDAS,ESMERALDAS,-79.6537837,0.9732293
bank,5,ESMERALDAS,ESMERALDAS,-79.6537837,0.9732293
restaurant,3,ESMERALDAS,ESMERALDAS,-79.6533224,0.9724516
restaurant,4,ESMERALDAS,ESMERALDAS,-79.6533224,0.9724516
restaurant,6,ESMERALDAS,ESMERALDAS,-79.6533224,0.9724516
restaurant,5,ESMERALDAS,ESMERALDAS,-79.6533224,0.9724516
restaurant,3,9 DE OCTUBRE,GUAYAS,-79.9045147,-2.1951693
restaurant,5,9 DE OCTUBRE,GUAYAS,-79.9045147,-2.1951693
restaurant,5,PUEBLO VIEJO,LOS RÍOS,-79.530577,-1.5495717
atm,3,ORELLANA LORETO,ORELLANA,-76.9837187,-0.4739916
restaurant,3,BABAHOYO,LOS RÍOS,-79.5389915,-1.801798
restaurant,4,BABAHOYO,LOS RÍOS,-79.5389915,-1.801798
bus_station,3,FLORIDA,GUAYAS,-79.9252293,-2.1274324
restaurant,5,PUEBLO VIEJO,LOS RÍOS,-79.530598,-1.5467958
restaurant,3,PUEBLO VIEJO,LOS RÍOS,-79.530598,-1.5467958
atm,3,PORTETE,GUAYAS,-79.9418,-2.2156565
atm,4,PORTETE,GUAYAS,-79.9418,-2.2156565
atm,5,PORTETE,GUAYAS,-79.9418,-2.2156565
atm,7,PORTETE,GUAYAS,-79.9418,-2.2156565
restaurant,4,ESMERALDAS,ESMERALDAS,-79.6518032,0.9647087
restaurant,3,ESMERALDAS,ESMERALDAS,-79.6518032,0.9647087
restaurant,6,ESMERALDAS,ESMERALDAS,-79.6518032,0.9647087
restaurant,6,DURÁN,GUAYAS,-79.8315837,-2.1672551
restaurant,3,DURÁN,GUAYAS,-79.8315837,-2.1672551
bank,3,DURÁN,GUAYAS,-79.8262362,-2.1776852
bank,4,DURÁN,GUAYAS,-79.8262362,-2.1776852
bank,6,DURÁN,GUAYAS,-79.8262362,-2.1776852
bank,3,DURÁN,GUAYAS,-79.825707,-2.1770976
bank,4,DURÁN,GUAYAS,-79.825707,-2.1770976
bank,6,DURÁN,GUAYAS,-79.825707,-2.1770976
restaurant,4,ESMERALDAS,ESMERALDAS,-79.654279,0.9655124
restaurant,3,ESMERALDAS,ESMERALDAS,-79.654279,0.9655124
restaurant,5,9 DE OCTUBRE,GUAYAS,-79.9055764,-2.1963969
restaurant,4,PASCUALES,GUAYAS,-79.9241595,-2.0680908
restaurant,3,PASCUALES,GUAYAS,-79.9241595,-2.0680908
bus_station,7,NARANJAL BALAO,GUAYAS,-79.8151302,-2.9087947
hospital,3,SUCRE,MANABÍ,-80.427693,-0.621729
restaurant,5,QUEVEDO,LOS RÍOS,-79.4694656,-1.0294241
restaurant,6,QUEVEDO,LOS RÍOS,-79.4694656,-1.0294241
restaurant,4,MACHALA,EL ORO,-79.9643985,-3.260076
nightclub,3,NUEVA PROSPERINA,GUAYAS,-79.949317,-2.1203266
nightclub,4,NUEVA PROSPERINA,GUAYAS,-79.949317,-2.1203266
atm,4,DURÁN,GUAYAS,-79.8309419,-2.1758412
atm,5,DURÁN,GUAYAS,-79.8309419,-2.1758412
atm,6,DURÁN,GUAYAS,-79.8309419,-2.1758412
atm,9,DURÁN,GUAYAS,-79.8309419,-2.1758412
atm,7,DURÁN,GUAYAS,-79.8309419,-2.1758412
police,3,PORTOVIEJO,MANABÍ,-80.3868827,-1.0164549
bank,4,PASCUALES,GUAYAS,-79.9046847,-2.093562
bank,5,PASCUALES,GUAYAS,-79.9046847,-2.093562
restaurant,5,DURÁN,GUAYAS,-79.8447552,-2.163942
restaurant,3,DURÁN,GUAYAS,-79.8447552,-2.163942
restaurant,8,DURÁN,GUAYAS,-79.8447552,-2.163942
restaurant,10,DURÁN,GUAYAS,-79.8447552,-2.163942
nightclub,3,PONCE ENRÍQUEZ,AZUAY,-79.7446413,-3.0593255
atm,3,LA JOYA DE LOS SACHAS,ORELLANA,-76.855907,-0.2957761
restaurant,3,SAMBORONDÓN,GUAYAS,-79.7243816,-1.9609408
restaurant,3,MANTA,MANABÍ,-80.7306795,-0.948758
restaurant,3,MANTA,MANABÍ,-80.7287614,-0.9526397
restaurant,4,MANTA,MANABÍ,-80.7287614,-0.9526397
police,3,HUAQUILLAS,EL ORO,-80.2251117,-3.4831511
police,4,HUAQUILLAS,EL ORO,-80.2251117,-3.4831511
police,7,HUAQUILLAS,EL ORO,-80.2251117,-3.4831511
restaurant,3,DAULE,GUAYAS,-79.9806239,-1.866408
atm,3,MODELO,GUAYAS,-79.8900294,-2.1888617
atm,4,DURÁN,GUAYAS,-79.8540373,-2.1701448
police,3,DURÁN,GUAYAS,-79.8514479,-2.1707569
police,4,DURÁN,GUAYAS,-79.8514479,-2.1707569
bank,4,DURÁN,GUAYAS,-79.8541418,-2.1704463
restaurant,3,QUITUMBE,PICHINCHA,-78.5493062,-0.3158979
bank,4,9 DE OCTUBRE,GUAYAS,-79.8869738,-2.1889707
bank,7,9 DE OCTUBRE,GUAYAS,-79.8869738,-2.1889707
bank,3,MODELO,GUAYAS,-79.8869738,-2.1889707
bank,3,9 DE OCTUBRE,GUAYAS,-79.8869738,-2.1889707
restaurant,3,ORELLANA LORETO,ORELLANA,-76.9839513,-0.4733903
restaurant,3,9 DE OCTUBRE,GUAYAS,-79.8857553,-2.2016888
bus_station,6,SUR - DMG,GUAYAS,-79.8774791,-2.2825669
bus_station,3,SUR - DMG,GUAYAS,-79.8774791,-2.2825669
bus_station,4,SUR - DMG,GUAYAS,-79.8774791,-2.2825669
bus_station,5,SUR - DMG,GUAYAS,-79.8774791,-2.2825669
bus_station,7,SUR - DMG,GUAYAS,-79.8774791,-2.2825669
bus_station,8,SUR - DMG,GUAYAS,-79.8774791,-2.2825669
bus_station,10,SUR - DMG,GUAYAS,-79.8774791,-2.2825669
bus_station,11,SUR - DMG,GUAYAS,-79.8774791,-2.2825669
bus_station,5,MANTA,MANABÍ,-80.7187497,-0.9524406
bank,4,SANTA ELENA,SANTA ELENA,-80.8568898,-2.2268543
police,3,ESTEROS,GUAYAS,-79.9184678,-2.2275984
police,4,ESTEROS,GUAYAS,-79.9184678,-2.2275984
police,6,ESTEROS,GUAYAS,-79.9184678,-2.2275984
police,7,ESTEROS,GUAYAS,-79.9184678,-2.2275984
police,8,ESTEROS,GUAYAS,-79.9184678,-2.2275984
police,3,MACHALA,EL ORO,-79.9906294,-3.2569312
police,6,MACHALA,EL ORO,-79.9906294,-3.2569312
restaurant,4,9 DE OCTUBRE,GUAYAS,-79.8839776,-2.190379
atm,3,SUR - DMG,GUAYAS,-79.8891424,-2.2584689
atm,4,SUR - DMG,GUAYAS,-79.8891424,-2.2584689
atm,6,SUR - DMG,GUAYAS,-79.8891424,-2.2584689
atm,4,PORTETE,GUAYAS,-79.9255919,-2.1995129
hospital,3,ESMERALDAS,ESMERALDAS,-79.6525655,0.9644822
hospital,6,ESMERALDAS,ESMERALDAS,-79.6525655,0.9644822
hospital,4,ESMERALDAS,ESMERALDAS,-79.6525655,0.9644822
restaurant,3,SUR - DMG,GUAYAS,-79.8850061,-2.2577205
restaurant,4,SUR - DMG,GUAYAS,-79.8850061,-2.2577205
restaurant,9,SUR - DMG,GUAYAS,-79.8850061,-2.2577205
bus_station,3,FLORIDA,GUAYAS,-79.9179256,-2.1208604
bus_station,5,FLORIDA,GUAYAS,-79.9179256,-2.1208604
restaurant,4,9 DE OCTUBRE,GUAYAS,-79.9058209,-2.1906868
restaurant,3,9 DE OCTUBRE,GUAYAS,-79.9058209,-2.1906868
restaurant,6,SUR - DMG,GUAYAS,-79.8840185,-2.2469213
restaurant,3,SUR - DMG,GUAYAS,-79.8840185,-2.2469213
restaurant,7,SUR - DMG,GUAYAS,-79.8840185,-2.2469213
restaurant,4,SUR - DMG,GUAYAS,-79.8840185,-2.2469213
restaurant,6,SUR - DMG,GUAYAS,-79.8840253,-2.2469019
restaurant,3,SUR - DMG,GUAYAS,-79.8840253,-2.2469019
restaurant,7,SUR - DMG,GUAYAS,-79.8840253,-2.2469019
restaurant,4,SUR - DMG,GUAYAS,-79.8840253,-2.2469019
restaurant,3,9 DE OCTUBRE,GUAYAS,-79.8921578,-2.2057576
restaurant,4,VENTANAS,LOS RÍOS,-79.4644227,-1.4439757
restaurant,3,VENTANAS,LOS RÍOS,-79.4644227,-1.4439757
atm,3,SUR - DMG,GUAYAS,-79.8891222,-2.2584982
atm,4,SUR - DMG,GUAYAS,-79.8891222,-2.2584982
atm,6,SUR - DMG,GUAYAS,-79.8891222,-2.2584982
bank,3,MACHALA,EL ORO,-79.962865,-3.2615987
bank,14,MACHALA,EL ORO,-79.962865,-3.2615987
bank,19,MACHALA,EL ORO,-79.962865,-3.2615987
bank,4,MACHALA,EL ORO,-79.962865,-3.2615987
bank,3,BABAHOYO,LOS RÍOS,-79.5335649,-1.7992906
hospital,3,PORTOVIEJO,MANABÍ,-80.4463658,-1.0597264
restaurant,4,PASAJE,EL ORO,-79.8140959,-3.3320775
restaurant,3,SUR - DMG,GUAYAS,-79.8840092,-2.2607876
restaurant,4,SUR - DMG,GUAYAS,-79.8840092,-2.2607876
nightclub,4,QUEVEDO,LOS RÍOS,-79.4732622,-1.0277326
nightclub,6,QUEVEDO,LOS RÍOS,-79.4732622,-1.0277326
restaurant,6,PLAYAS,GUAYAS,-80.3900249,-2.6296003
bank,4,PASAJE,EL ORO,-79.8074173,-3.3271249
bank,4,MILAGRO,GUAYAS,-79.5933169,-2.12863
bank,3,PASAJE,EL ORO,-79.8085612,-3.3290175
bank,4,PASAJE,EL ORO,-79.8085612,-3.3290175
bank,3,PASAJE,EL ORO,-79.8086055,-3.3297084
bank,4,PASAJE,EL ORO,-79.8086055,-3.3297084
bar,4,MACHALA,EL ORO,-79.9594973,-3.2566875
bar,3,MACHALA,EL ORO,-79.9594973,-3.2566875
restaurant,4,MILAGRO,GUAYAS,-79.5927141,-2.1262175
bank,3,9 DE OCTUBRE,GUAYAS,-79.8877558,-2.1955915
atm,3,ESTEROS,GUAYAS,-79.9314408,-2.2324893
atm,4,PORTETE,GUAYAS,-79.9314408,-2.2324893
atm,8,ESTEROS,GUAYAS,-79.9314408,-2.2324893
atm,6,ESTEROS,GUAYAS,-79.9314408,-2.2324893
atm,9,ESTEROS,GUAYAS,-79.9314408,-2.2324893
restaurant,4,SANTA ELENA,SANTA ELENA,-80.8573854,-2.2278118
bank,3,MACHALA,EL ORO,-79.9553666,-3.2598443
restaurant,3,NARANJAL BALAO,GUAYAS,-79.6201545,-2.6749222
nightclub,3,NARANJAL BALAO,GUAYAS,-79.6187383,-2.6725976
restaurant,3,NARANJAL BALAO,GUAYAS,-79.6222529,-2.6725356
restaurant,3,NARANJAL BALAO,GUAYAS,-79.6156006,-2.6738985
police,5,MANTA,MANABÍ,-80.6952725,-1.0014981
restaurant,3,PONCE ENRÍQUEZ,AZUAY,-79.7456423,-3.0619346
restaurant,3,MACHALA,EL ORO,-79.9575072,-3.2542815
restaurant,4,MACHALA,EL ORO,-79.9593547,-3.2577895
restaurant,4,MACHALA,EL ORO,-79.9587126,-3.2570541
restaurant,3,MACHALA,EL ORO,-79.9591391,-3.2549347
restaurant,3,MACHALA,EL ORO,-79.9558586,-3.2547397
bar,3,9 DE OCTUBRE,GUAYAS,-79.9042071,-2.2210417
bar,6,9 DE OCTUBRE,GUAYAS,-79.9042071,-2.2210417
bar,4,9 DE OCTUBRE,GUAYAS,-79.9042071,-2.2210417
restaurant,3,SUR - DMG,GUAYAS,-79.8943042,-2.2765721
restaurant,4,MACHALA,EL ORO,-80.0009547,-3.2698908
restaurant,3,MACHALA,EL ORO,-79.9623567,-3.2621264
restaurant,14,MACHALA,EL ORO,-79.9623567,-3.2621264
restaurant,19,MACHALA,EL ORO,-79.9623567,-3.2621264
restaurant,4,MACHALA,EL ORO,-79.9623567,-3.2621264
restaurant,3,BABAHOYO,LOS RÍOS,-79.5351217,-1.8008456
police,6,SUR - DMG,GUAYAS,-79.8778272,-2.259579
police,7,SUR - DMG,GUAYAS,-79.8778272,-2.259579
police,8,SUR - DMG,GUAYAS,-79.8778272,-2.259579
police,4,SUR - DMG,GUAYAS,-79.8778272,-2.259579
restaurant,4,DURÁN,GUAYAS,-79.8436967,-2.1634618
restaurant,5,DURÁN,GUAYAS,-79.8436967,-2.1634618
restaurant,3,DURÁN,GUAYAS,-79.8436967,-2.1634618
restaurant,8,DURÁN,GUAYAS,-79.8436967,-2.1634618
restaurant,10,DURÁN,GUAYAS,-79.8436967,-2.1634618
restaurant,4,BABAHOYO,LOS RÍOS,-79.532349,-1.8061858
restaurant,5,BABAHOYO,LOS RÍOS,-79.532349,-1.8061858
hospital,4,MACHALA,EL ORO,-79.9614789,-3.2588023
restaurant,4,MACHALA,EL ORO,-79.9608049,-3.2597632
restaurant,4,MACHALA,EL ORO,-79.9610822,-3.2588933
bank,4,MACHALA,EL ORO,-79.9611855,-3.2598549
restaurant,3,QUEVEDO,LOS RÍOS,-79.4671135,-1.0053242
restaurant,4,MACHALA,EL ORO,-79.9534811,-3.2606874
restaurant,3,MACHALA,EL ORO,-79.9534811,-3.2606874
restaurant,3,MACHALA,EL ORO,-79.9512796,-3.2581682
restaurant,3,MODELO,GUAYAS,-79.8931172,-2.1257885
atm,3,9 DE OCTUBRE,GUAYAS,-79.8876601,-2.1883347
atm,7,9 DE OCTUBRE,GUAYAS,-79.8876601,-2.1883347
atm,5,9 DE OCTUBRE,GUAYAS,-79.8876601,-2.1883347
atm,3,MODELO,GUAYAS,-79.8876601,-2.1883347
restaurant,3,ELOY ALFARO - DMQ,PICHINCHA,-78.5422562,-0.2731093
hospital,5,ESTEROS,GUAYAS,-79.9247671,-2.2486687
hospital,7,ESTEROS,GUAYAS,-79.9247671,-2.2486687
hospital,6,ESTEROS,GUAYAS,-79.9247671,-2.2486687
hospital,4,ESTEROS,GUAYAS,-79.9247671,-2.2486687
restaurant,3,PORTOVIEJO,MANABÍ,-80.482097,-1.0517452
hospital,6,MACHALA,EL ORO,-79.9967962,-3.2692408
hospital,5,MACHALA,EL ORO,-79.9967962,-3.2692408
hospital,4,MACHALA,EL ORO,-79.9967962,-3.2692408
restaurant,6,MACHALA,EL ORO,-79.9564167,-3.2666483
nightclub,3,9 DE OCTUBRE,GUAYAS,-79.8876726,-2.1916419
restaurant,5,MANTA,MANABÍ,-80.7062028,-0.9830146
restaurant,6,MANTA,MANABÍ,-80.7062028,-0.9830146
restaurant,3,MANTA,MANABÍ,-80.7062028,-0.9830146
restaurant,4,MANTA,MANABÍ,-80.7062028,-0.9830146
bank,3,VENTANAS,LOS RÍOS,-79.3131736,-1.2060241
bank,4,VENTANAS,LOS RÍOS,-79.3131736,-1.2060241
restaurant,6,LAGO AGRIO,SUCUMBÍOS,-76.8891354,0.0863578
bus_station,3,PORTETE,GUAYAS,-79.9136788,-2.1943038
bus_station,4,PORTETE,GUAYAS,-79.9136788,-2.1943038
police,7,PORTETE,GUAYAS,-79.9200859,-2.215414
police,4,PORTETE,GUAYAS,-79.9200859,-2.215414
police,3,SUR - DMG,GUAYAS,-79.8842046,-2.2514574
police,4,SUR - DMG,GUAYAS,-79.8842046,-2.2514574
police,6,SUR - DMG,GUAYAS,-79.8842046,-2.2514574
police,5,SUR - DMG,GUAYAS,-79.8842046,-2.2514574
restaurant,3,ESTEROS,GUAYAS,-79.8946903,-2.2513792
restaurant,6,SUR - DMG,GUAYAS,-79.8754702,-2.279988
restaurant,4,SUR - DMG,GUAYAS,-79.8754702,-2.279988
restaurant,3,SUR - DMG,GUAYAS,-79.8754702,-2.279988
restaurant,7,SUR - DMG,GUAYAS,-79.8754702,-2.279988
restaurant,5,SUR - DMG,GUAYAS,-79.8754702,-2.279988
restaurant,10,SUR - DMG,GUAYAS,-79.8754702,-2.279988
restaurant,8,SUR - DMG,GUAYAS,-79.8754702,-2.279988
restaurant,6,SUR - DMG,GUAYAS,-79.875862,-2.2804997
restaurant,3,SUR - DMG,GUAYAS,-79.875862,-2.2804997
restaurant,4,SUR - DMG,GUAYAS,-79.875862,-2.2804997
restaurant,7,SUR - DMG,GUAYAS,-79.875862,-2.2804997
restaurant,5,SUR - DMG,GUAYAS,-79.875862,-2.2804997
restaurant,10,SUR - DMG,GUAYAS,-79.875862,-2.2804997
restaurant,8,SUR - DMG,GUAYAS,-79.875862,-2.2804997
restaurant,17,MACHALA,EL ORO,-79.961149,-3.2655985
restaurant,22,MACHALA,EL ORO,-79.961149,-3.2655985
restaurant,5,MACHALA,EL ORO,-79.961149,-3.2655985
restaurant,3,HUAQUILLAS,EL ORO,-80.2389345,-3.4822465
restaurant,3,HUAQUILLAS,EL ORO,-80.2388509,-3.4821821
restaurant,3,MODELO,GUAYAS,-79.8996203,-2.1272477
restaurant,3,MODELO,GUAYAS,-79.8999557,-2.1266951
restaurant,3,MODELO,GUAYAS,-79.8999831,-2.1265692
restaurant,3,MODELO,GUAYAS,-79.9000207,-2.1264432
restaurant,3,ORELLANA LORETO,ORELLANA,-76.9844982,-0.4733439
restaurant,3,MODELO,GUAYAS,-79.900048,-2.1240136
restaurant,3,MODELO,GUAYAS,-79.9000819,-2.1238153
bank,3,EL TRIUNFO BUCAY,GUAYAS,-79.4012632,-2.3322197
bank,5,EL TRIUNFO BUCAY,GUAYAS,-79.4012632,-2.3322197
bar,3,QUEVEDO,LOS RÍOS,-79.4687676,-1.0337425
restaurant,4,QUEVEDO,LOS RÍOS,-79.4692519,-1.0284444
restaurant,5,QUEVEDO,LOS RÍOS,-79.4692519,-1.0284444
restaurant,6,QUEVEDO,LOS RÍOS,-79.4692519,-1.0284444
restaurant,3,QUEVEDO,LOS RÍOS,-79.4687173,-1.0336964
bar,3,QUEVEDO,LOS RÍOS,-79.4685522,-1.0338511
nightclub,3,QUEVEDO,LOS RÍOS,-79.4689945,-1.0336643
nightclub,17,MACHALA,EL ORO,-79.95811,-3.2654441
nightclub,22,MACHALA,EL ORO,-79.95811,-3.2654441
nightclub,6,MACHALA,EL ORO,-79.95811,-3.2654441
nightclub,5,MACHALA,EL ORO,-79.95811,-3.2654441
restaurant,5,9 DE OCTUBRE,GUAYAS,-79.8987983,-2.2059951
restaurant,3,9 DE OCTUBRE,GUAYAS,-79.8987983,-2.2059951
bank,4,ESMERALDAS,ESMERALDAS,-79.6512351,0.9640538
bank,3,ESMERALDAS,ESMERALDAS,-79.6512351,0.9640538
bank,6,ESMERALDAS,ESMERALDAS,-79.6512351,0.9640538
bar,3,VENTANAS,LOS RÍOS,-79.3123704,-1.205332
bar,4,VENTANAS,LOS RÍOS,-79.3123704,-1.205332
bar,5,PORTOVIEJO,MANABÍ,-80.4441588,-1.0535186
bar,3,PORTOVIEJO,MANABÍ,-80.4441588,-1.0535186
restaurant,3,PORTOVIEJO,MANABÍ,-80.4437829,-1.0556794
restaurant,3,PORTOVIEJO,MANABÍ,-80.4449187,-1.0552734
restaurant,3,PORTOVIEJO,MANABÍ,-80.4447555,-1.0499463
restaurant,5,PORTOVIEJO,MANABÍ,-80.4447555,-1.0499463
restaurant,4,PORTOVIEJO,MANABÍ,-80.4447555,-1.0499463
bar,3,PORTOVIEJO,MANABÍ,-80.444402,-1.0493282
bar,5,PORTOVIEJO,MANABÍ,-80.444402,-1.0493282
bar,4,PORTOVIEJO,MANABÍ,-80.444402,-1.0493282
restaurant,3,PORTOVIEJO,MANABÍ,-80.4500619,-1.0534952
restaurant,3,PORTOVIEJO,MANABÍ,-80.4491597,-1.0537414
restaurant,4,PORTOVIEJO,MANABÍ,-80.4491597,-1.0537414
restaurant,6,PORTOVIEJO,MANABÍ,-80.4491597,-1.0537414
restaurant,3,PORTOVIEJO,MANABÍ,-80.4501196,-1.0527547
restaurant,4,PORTOVIEJO,MANABÍ,-80.4501196,-1.0527547
bar,3,PORTOVIEJO,MANABÍ,-80.4486835,-1.0500576
bar,4,PORTOVIEJO,MANABÍ,-80.4486835,-1.0500576
bar,6,PORTOVIEJO,MANABÍ,-80.4486835,-1.0500576
bar,5,PORTOVIEJO,MANABÍ,-80.4486835,-1.0500576
restaurant,3,PORTOVIEJO,MANABÍ,-80.4480764,-1.0496327
restaurant,4,PORTOVIEJO,MANABÍ,-80.4480764,-1.0496327
restaurant,6,PORTOVIEJO,MANABÍ,-80.4480764,-1.0496327
restaurant,5,PORTOVIEJO,MANABÍ,-80.4480764,-1.0496327
bar,3,PORTOVIEJO,MANABÍ,-80.4443042,-1.054253
restaurant,3,PORTOVIEJO,MANABÍ,-80.4482496,-1.0549127
restaurant,4,PORTOVIEJO,MANABÍ,-80.4482496,-1.0549127
restaurant,3,PORTOVIEJO,MANABÍ,-80.4478415,-1.0557369
bank,4,PLAYAS,GUAYAS,-80.386452,-2.6343783
bank,5,PLAYAS,GUAYAS,-80.386452,-2.6343783
nightclub,3,9 DE OCTUBRE,GUAYAS,-79.8882851,-2.2005839
restaurant,6,BABAHOYO,LOS RÍOS,-79.5354181,-1.8022559
restaurant,3,BABAHOYO,LOS RÍOS,-79.5354181,-1.8022559
restaurant,4,BABAHOYO,LOS RÍOS,-79.5354181,-1.8022559
restaurant,3,PORTOVIEJO,MANABÍ,-80.4460994,-1.0592865
restaurant,3,PORTOVIEJO,MANABÍ,-80.4523701,-1.065548
restaurant,3,PORTOVIEJO,MANABÍ,-80.4528152,-1.0659565
restaurant,3,PORTOVIEJO,MANABÍ,-80.4526312,-1.0660749
restaurant,3,PORTOVIEJO,MANABÍ,-80.450876,-1.0676271
restaurant,6,PORTOVIEJO,MANABÍ,-80.450876,-1.0676271
restaurant,3,PORTOVIEJO,MANABÍ,-80.4516809,-1.0681393
restaurant,6,PORTOVIEJO,MANABÍ,-80.4516809,-1.0681393
hospital,3,PORTOVIEJO,MANABÍ,-80.4503556,-1.0677978
hospital,6,PORTOVIEJO,MANABÍ,-80.4503556,-1.0677978
restaurant,6,PORTOVIEJO,MANABÍ,-80.4487133,-1.0691014
restaurant,3,PORTOVIEJO,MANABÍ,-80.4487133,-1.0691014
restaurant,3,PORTOVIEJO,MANABÍ,-80.446101,-1.0716825
bar,3,PORTOVIEJO,MANABÍ,-80.4455163,-1.0724709
restaurant,3,PORTOVIEJO,MANABÍ,-80.4449369,-1.0722564
restaurant,3,PORTOVIEJO,MANABÍ,-80.4496214,-1.0521216
restaurant,4,PORTOVIEJO,MANABÍ,-80.4496214,-1.0521216
restaurant,6,PORTOVIEJO,MANABÍ,-80.4496214,-1.0521216
police,5,PORTOVIEJO,MANABÍ,-80.4439513,-1.0536953
police,3,PORTOVIEJO,MANABÍ,-80.4439513,-1.0536953
restaurant,3,PORTOVIEJO,MANABÍ,-80.4503461,-1.0524054
restaurant,3,PORTOVIEJO,MANABÍ,-80.4491579,-1.0506569
restaurant,4,PORTOVIEJO,MANABÍ,-80.4491579,-1.0506569
restaurant,6,PORTOVIEJO,MANABÍ,-80.4491579,-1.0506569
restaurant,5,PORTOVIEJO,MANABÍ,-80.4491579,-1.0506569
restaurant,3,PORTOVIEJO,MANABÍ,-80.4498097,-1.0506837
restaurant,4,PORTOVIEJO,MANABÍ,-80.4498097,-1.0506837
restaurant,6,PORTOVIEJO,MANABÍ,-80.4498097,-1.0506837
restaurant,5,PORTOVIEJO,MANABÍ,-80.4498097,-1.0506837
police,3,PORTOVIEJO,MANABÍ,-80.4546507,-1.0650903
bar,5,PORTOVIEJO,MANABÍ,-80.4434317,-1.0537662
bar,3,PORTOVIEJO,MANABÍ,-80.4434317,-1.0537662
bar,3,PORTOVIEJO,MANABÍ,-80.4455973,-1.0563749
restaurant,3,PORTOVIEJO,MANABÍ,-80.4531069,-1.0520182
restaurant,3,PLAYAS,GUAYAS,-80.3921151,-2.6358618
restaurant,4,PLAYAS,GUAYAS,-80.3921151,-2.6358618
restaurant,6,PLAYAS,GUAYAS,-80.3921151,-2.6358618
restaurant,8,PLAYAS,GUAYAS,-80.3921151,-2.6358618
restaurant,7,PLAYAS,GUAYAS,-80.3921151,-2.6358618
restaurant,5,PLAYAS,GUAYAS,-80.3921151,-2.6358618
restaurant,5,DURÁN,GUAYAS,-79.84393,-2.1649723
restaurant,4,DURÁN,GUAYAS,-79.84393,-2.1649723
restaurant,3,DURÁN,GUAYAS,-79.84393,-2.1649723
restaurant,8,DURÁN,GUAYAS,-79.84393,-2.1649723
restaurant,10,DURÁN,GUAYAS,-79.84393,-2.1649723
bank,4,ESMERALDAS,ESMERALDAS,-79.6520591,0.9646492
bank,3,ESMERALDAS,ESMERALDAS,-79.6520591,0.9646492
bank,6,ESMERALDAS,ESMERALDAS,-79.6520591,0.9646492
police,3,PORTOVIEJO,MANABÍ,-80.4835169,-1.0579761
bar,17,MACHALA,EL ORO,-79.958706,-3.2657511
bar,22,MACHALA,EL ORO,-79.958706,-3.2657511
bar,6,MACHALA,EL ORO,-79.958706,-3.2657511
bar,5,MACHALA,EL ORO,-79.958706,-3.2657511
hospital,3,SUR - DMG,GUAYAS,-79.893828,-2.276702
bar,3,PASAJE,EL ORO,-79.8114214,-3.3288373
bar,4,PASAJE,EL ORO,-79.8114214,-3.3288373
police,3,NUEVA PROSPERINA,GUAYAS,-79.9688076,-2.1200371
police,4,NUEVA PROSPERINA,GUAYAS,-79.9688076,-2.1200371
police,8,NUEVA PROSPERINA,GUAYAS,-79.9688076,-2.1200371
police,14,NUEVA PROSPERINA,GUAYAS,-79.9688076,-2.1200371
police,10,NUEVA PROSPERINA,GUAYAS,-79.9688076,-2.1200371
police,7,NUEVA PROSPERINA,GUAYAS,-79.9688076,-2.1200371
police,9,NUEVA PROSPERINA,GUAYAS,-79.9688076,-2.1200371
police,13,NUEVA PROSPERINA,GUAYAS,-79.9688076,-2.1200371
restaurant,3,DURÁN,GUAYAS,-79.8559663,-2.1787855
restaurant,4,DURÁN,GUAYAS,-79.8559663,-2.1787855
restaurant,4,DURÁN,GUAYAS,-79.8532668,-2.1798165
restaurant,5,DURÁN,GUAYAS,-79.8532668,-2.1798165
restaurant,3,DURÁN,GUAYAS,-79.8532668,-2.1798165
restaurant,4,DURÁN,GUAYAS,-79.8534003,-2.1798682
restaurant,5,DURÁN,GUAYAS,-79.8534003,-2.1798682
restaurant,3,DURÁN,GUAYAS,-79.8534003,-2.1798682
restaurant,4,DURÁN,GUAYAS,-79.8533124,-2.1798075
restaurant,5,DURÁN,GUAYAS,-79.8533124,-2.1798075
restaurant,3,DURÁN,GUAYAS,-79.8533124,-2.1798075
police,3,MACHALA,EL ORO,-79.9943568,-3.2602254
police,4,MACHALA,EL ORO,-79.9943568,-3.2602254
police,7,MACHALA,EL ORO,-79.9943568,-3.2602254
police,6,MACHALA,EL ORO,-79.9943568,-3.2602254
bank,4,LIBERTAD SALINAS,SANTA ELENA,-80.909613,-2.2246015
bank,5,LIBERTAD SALINAS,SANTA ELENA,-80.909613,-2.2246015
restaurant,5,ESTEROS,GUAYAS,-79.9227144,-2.2409458
restaurant,5,ESTEROS,GUAYAS,-79.9212181,-2.2408081
restaurant,3,ESTEROS,GUAYAS,-79.9212181,-2.2408081
restaurant,5,ESTEROS,GUAYAS,-79.9205705,-2.2411844
restaurant,3,ESTEROS,GUAYAS,-79.9205705,-2.2411844
restaurant,5,ESTEROS,GUAYAS,-79.9165128,-2.2411578
restaurant,3,ESTEROS,GUAYAS,-79.9165128,-2.2411578
restaurant,3,ESTEROS,GUAYAS,-79.9160724,-2.2439559
restaurant,7,PORTETE,GUAYAS,-79.9200158,-2.2154227
restaurant,4,PORTETE,GUAYAS,-79.9200158,-2.2154227
restaurant,3,PORTETE,GUAYAS,-79.9182,-2.2184824
restaurant,4,PORTETE,GUAYAS,-79.9210897,-2.2149844
restaurant,7,PORTETE,GUAYAS,-79.9210897,-2.2149844
restaurant,4,PORTETE,GUAYAS,-79.9228218,-2.2132764
restaurant,3,PORTETE,GUAYAS,-79.9228218,-2.2132764
restaurant,4,PORTETE,GUAYAS,-79.9229144,-2.2131862
restaurant,3,PORTETE,GUAYAS,-79.9229144,-2.2131862
restaurant,3,PORTETE,GUAYAS,-79.9244913,-2.2114349
restaurant,4,PORTETE,GUAYAS,-79.9244913,-2.2114349
restaurant,4,PORTETE,GUAYAS,-79.9202378,-2.2136618
restaurant,3,PORTETE,GUAYAS,-79.9252668,-2.2120545
restaurant,4,PORTETE,GUAYAS,-79.9252668,-2.2120545
restaurant,3,PORTETE,GUAYAS,-79.917898,-2.2181867
restaurant,3,LIBERTAD SALINAS,SANTA ELENA,-80.9060618,-2.2265008
restaurant,4,LIBERTAD SALINAS,SANTA ELENA,-80.9060618,-2.2265008
bank,4,PORTETE,GUAYAS,-79.9112217,-2.1947072
bar,5,MILAGRO,GUAYAS,-79.5887949,-2.128326
bar,4,MILAGRO,GUAYAS,-79.5887949,-2.128326
restaurant,4,DURÁN,GUAYAS,-79.8300067,-2.1747822
restaurant,5,DURÁN,GUAYAS,-79.8300067,-2.1747822
restaurant,6,DURÁN,GUAYAS,-79.8300067,-2.1747822
restaurant,9,DURÁN,GUAYAS,-79.8300067,-2.1747822
restaurant,7,DURÁN,GUAYAS,-79.8300067,-2.1747822
restaurant,4,DURÁN,GUAYAS,-79.8290971,-2.1734475
restaurant,5,DURÁN,GUAYAS,-79.8290971,-2.1734475
restaurant,6,DURÁN,GUAYAS,-79.8290971,-2.1734475
restaurant,7,DURÁN,GUAYAS,-79.8290971,-2.1734475
restaurant,3,DURÁN,GUAYAS,-79.8279088,-2.1716001
restaurant,4,DURÁN,GUAYAS,-79.8279088,-2.1716001
restaurant,6,DURÁN,GUAYAS,-79.8279088,-2.1716001
restaurant,3,DURÁN,GUAYAS,-79.82803,-2.1716592
restaurant,4,DURÁN,GUAYAS,-79.82803,-2.1716592
restaurant,6,DURÁN,GUAYAS,-79.82803,-2.1716592
restaurant,3,DURÁN,GUAYAS,-79.8269467,-2.1702771
restaurant,6,DURÁN,GUAYAS,-79.8269467,-2.1702771
restaurant,4,DURÁN,GUAYAS,-79.8269467,-2.1702771
restaurant,5,DURÁN,GUAYAS,-79.8269467,-2.1702771
restaurant,3,DURÁN,GUAYAS,-79.8269283,-2.1703008
restaurant,6,DURÁN,GUAYAS,-79.8269283,-2.1703008
restaurant,4,DURÁN,GUAYAS,-79.8269283,-2.1703008
restaurant,5,DURÁN,GUAYAS,-79.8269283,-2.1703008
restaurant,4,DURÁN,GUAYAS,-79.8298606,-2.1745888
restaurant,5,DURÁN,GUAYAS,-79.8298606,-2.1745888
restaurant,6,DURÁN,GUAYAS,-79.8298606,-2.1745888
restaurant,9,DURÁN,GUAYAS,-79.8298606,-2.1745888
restaurant,7,DURÁN,GUAYAS,-79.8298606,-2.1745888
bar,4,DURÁN,GUAYAS,-79.8295223,-2.1740802
bar,5,DURÁN,GUAYAS,-79.8295223,-2.1740802
bar,6,DURÁN,GUAYAS,-79.8295223,-2.1740802
bar,9,DURÁN,GUAYAS,-79.8295223,-2.1740802
bar,7,DURÁN,GUAYAS,-79.8295223,-2.1740802
bar,3,DURÁN,GUAYAS,-79.8283673,-2.1733465
bar,4,DURÁN,GUAYAS,-79.8283673,-2.1733465
bar,5,DURÁN,GUAYAS,-79.8283673,-2.1733465
bar,6,DURÁN,GUAYAS,-79.8283673,-2.1733465
bar,7,DURÁN,GUAYAS,-79.8283673,-2.1733465
restaurant,3,DURÁN,GUAYAS,-79.8265649,-2.1705893
restaurant,4,DURÁN,GUAYAS,-79.8265649,-2.1705893
restaurant,5,DURÁN,GUAYAS,-79.8265649,-2.1705893
restaurant,6,DURÁN,GUAYAS,-79.8265649,-2.1705893
restaurant,6,PLAYAS,GUAYAS,-80.3951443,-2.6357661
restaurant,5,PLAYAS,GUAYAS,-80.3951443,-2.6357661
restaurant,4,PLAYAS,GUAYAS,-80.3951443,-2.6357661
bank,3,NARANJAL BALAO,GUAYAS,-79.6153455,-2.6727319
restaurant,6,LAGO AGRIO,SUCUMBÍOS,-76.889107,0.0865141
bank,3,NARANJAL BALAO,GUAYAS,-79.6151542,-2.6727643
bank,3,MACHALA,EL ORO,-79.9577285,-3.2558748
restaurant,3,MODELO,GUAYAS,-79.891571,-2.1884599
restaurant,3,NARANJAL BALAO,GUAYAS,-79.6221446,-2.6726758
restaurant,3,9 DE OCTUBRE,GUAYAS,-79.8859834,-2.1974373
restaurant,4,9 DE OCTUBRE,GUAYAS,-79.883468,-2.1882116
restaurant,7,9 DE OCTUBRE,GUAYAS,-79.883468,-2.1882116
restaurant,3,MANTA,MANABÍ,-80.715745,-0.959745
restaurant,5,MANTA,MANABÍ,-80.715745,-0.959745
restaurant,6,9 DE OCTUBRE,GUAYAS,-79.8945831,-2.2006692
restaurant,4,9 DE OCTUBRE,GUAYAS,-79.8945831,-2.2006692
restaurant,3,VINCES,LOS RÍOS,-79.7522883,-1.5586913
restaurant,4,VINCES,LOS RÍOS,-79.7522883,-1.5586913
bank,3,VINCES,LOS RÍOS,-79.7535493,-1.5564814
bank,4,VINCES,LOS RÍOS,-79.7535493,-1.5564814
nightclub,5,PROGRESO,GUAYAS,-80.244662,-2.711203
nightclub,3,PROGRESO,GUAYAS,-80.244662,-2.711203
nightclub,4,PROGRESO,GUAYAS,-80.244662,-2.711203
police,5,PROGRESO,GUAYAS,-80.2441205,-2.7117501
police,3,PROGRESO,GUAYAS,-80.2441205,-2.7117501
hospital,3,ESMERALDAS,ESMERALDAS,-79.6916251,0.9143844
restaurant,3,9 DE OCTUBRE,GUAYAS,-79.8872943,-2.1926916
hospital,6,MACHALA,EL ORO,-79.9728965,-3.2513423
restaurant,3,DAULE,GUAYAS,-79.8795074,-2.0543804
restaurant,4,DAULE,GUAYAS,-79.8795074,-2.0543804
restaurant,4,HUAQUILLAS,EL ORO,-80.2137594,-3.483246
restaurant,3,DAULE,GUAYAS,-79.8810894,-2.0519991
restaurant,4,DAULE,GUAYAS,-79.8810894,-2.0519991
restaurant,3,DAULE,GUAYAS,-79.8810617,-2.0524517
restaurant,4,DAULE,GUAYAS,-79.8810617,-2.0524517
restaurant,3,DAULE,GUAYAS,-79.8814714,-2.052227
restaurant,4,DAULE,GUAYAS,-79.8814714,-2.052227
restaurant,3,DAULE,GUAYAS,-79.880273,-2.0528304
restaurant,4,DAULE,GUAYAS,-79.880273,-2.0528304
restaurant,3,DAULE,GUAYAS,-79.8789883,-2.0529474
restaurant,4,DAULE,GUAYAS,-79.8789883,-2.0529474
restaurant,3,DAULE,GUAYAS,-79.8793087,-2.0533384
restaurant,4,DAULE,GUAYAS,-79.8793087,-2.0533384
restaurant,3,DAULE,GUAYAS,-79.882134,-2.0528708
restaurant,4,DAULE,GUAYAS,-79.882134,-2.0528708
restaurant,3,DAULE,GUAYAS,-79.8815578,-2.0531756
restaurant,4,DAULE,GUAYAS,-79.8815578,-2.0531756
restaurant,3,DAULE,GUAYAS,-79.8796472,-2.0546903
restaurant,4,DAULE,GUAYAS,-79.8796472,-2.0546903
restaurant,3,DAULE,GUAYAS,-79.8778144,-2.0552404
restaurant,4,DAULE,GUAYAS,-79.8778144,-2.0552404
restaurant,4,MACHALA,EL ORO,-79.9601385,-3.2577661
restaurant,3,9 DE OCTUBRE,GUAYAS,-79.8978338,-2.1959094
bank,4,PASAJE,EL ORO,-79.8074887,-3.3270229
police,7,NARANJAL BALAO,GUAYAS,-79.8128958,-2.9104968
police,3,NARANJAL BALAO,GUAYAS,-79.8128958,-2.9104968
police,7,NARANJAL BALAO,GUAYAS,-79.8123817,-2.9104385
police,3,NARANJAL BALAO,GUAYAS,-79.8123817,-2.9104385
atm,3,BABAHOYO,LOS RÍOS,-79.2855044,-1.7912669
police,3,PORTOVIEJO,MANABÍ,-80.4449414,-1.0499857
police,5,PORTOVIEJO,MANABÍ,-80.4449414,-1.0499857
police,4,PORTOVIEJO,MANABÍ,-80.4449414,-1.0499857
bar,17,MACHALA,EL ORO,-79.9588398,-3.2656201
bar,22,MACHALA,EL ORO,-79.9588398,-3.2656201
bar,6,MACHALA,EL ORO,-79.9588398,-3.2656201
bar,5,MACHALA,EL ORO,-79.9588398,-3.2656201
restaurant,5,BUENA FE,LOS RÍOS,-79.4903798,-0.8927699
restaurant,6,BUENA FE,LOS RÍOS,-79.4903798,-0.8927699
restaurant,4,BUENA FE,LOS RÍOS,-79.4903798,-0.8927699
atm,4,JIPIJAPA,MANABÍ,-80.8105085,-1.5586734
atm,4,JIPIJAPA,MANABÍ,-80.8105025,-1.558656
restaurant,3,ORELLANA LORETO,ORELLANA,-76.985277,-0.4715392
restaurant,3,9 DE OCTUBRE,GUAYAS,-79.8970378,-2.2071498
restaurant,3,PORTETE,GUAYAS,-79.9347428,-2.206037
restaurant,4,PORTETE,GUAYAS,-79.9347428,-2.206037
restaurant,7,PORTETE,GUAYAS,-79.9347428,-2.206037
bar,5,PORTETE,GUAYAS,-79.9290391,-2.2109453
bar,4,PORTETE,GUAYAS,-79.9290391,-2.2109453
bar,3,PORTETE,GUAYAS,-79.9290391,-2.2109453
police,3,PASCUALES,GUAYAS,-79.9328128,-2.0846633
police,4,PASCUALES,GUAYAS,-79.9328128,-2.0846633
police,5,PASCUALES,GUAYAS,-79.9328128,-2.0846633
bank,3,NARANJAL BALAO,GUAYAS,-79.619517,-2.673793
restaurant,3,BABAHOYO,LOS RÍOS,-79.5394251,-1.8023734
restaurant,4,BABAHOYO,LOS RÍOS,-79.5394251,-1.8023734
atm,4,JIPIJAPA,MANABÍ,-80.810619,-1.5589766
restaurant,4,BABAHOYO,LOS RÍOS,-79.5344293,-1.8079259
restaurant,5,BABAHOYO,LOS RÍOS,-79.5344293,-1.8079259
social_facility,4,NUEVA PROSPERINA,GUAYAS,-79.9631428,-2.0937249
social_facility,7,NUEVA PROSPERINA,GUAYAS,-79.9631428,-2.0937249
social_facility,3,NUEVA PROSPERINA,GUAYAS,-79.9631428,-2.0937249
social_facility,5,NUEVA PROSPERINA,GUAYAS,-79.9631428,-2.0937249
social_facility,6,NUEVA PROSPERINA,GUAYAS,-79.9631428,-2.0937249
social_facility,9,NUEVA PROSPERINA,GUAYAS,-79.9631428,-2.0937249
social_facility,10,NUEVA PROSPERINA,GUAYAS,-79.9631428,-2.0937249
social_facility,8,NUEVA PROSPERINA,GUAYAS,-79.9631428,-2.0937249
social_facility,6,9 DE OCTUBRE,GUAYAS,-79.8965176,-2.2017782
social_facility,4,9 DE OCTUBRE,GUAYAS,-79.8965176,-2.2017782
social_facility,3,9 DE OCTUBRE,GUAYAS,-79.8965176,-2.2017782
social_facility,3,PORTETE,GUAYAS,-79.9410242,-2.2085759
social_facility,3,NUEVA PROSPERINA,GUAYAS,-79.9977438,-2.1271178
social_facility,4,NUEVA PROSPERINA,GUAYAS,-79.9977438,-2.1271178
social_facility,5,ESTEROS,GUAYAS,-79.9198848,-2.240813
social_facility,3,ESTEROS,GUAYAS,-79.9198848,-2.240813
social_facility,4,ESTEROS,GUAYAS,-79.9079755,-2.2374376
social_facility,3,ESTEROS,GUAYAS,-79.9079755,-2.2374376
social_facility,4,NUEVA PROSPERINA,GUAYAS,-79.9676637,-2.1321649
social_facility,4,FLORIDA,GUAYAS,-79.9225026,-2.1233411
social_facility,3,FLORIDA,GUAYAS,-79.9225026,-2.1233411
social_facility,3,SUR - DMG,GUAYAS,-79.8747436,-2.2670982
social_facility,4,SUR - DMG,GUAYAS,-79.8747436,-2.2670982
social_facility,5,SUR - DMG,GUAYAS,-79.8747436,-2.2670982
social_facility,7,SUR - DMG,GUAYAS,-79.8747436,-2.2670982
social_facility,3,9 DE OCTUBRE,GUAYAS,-79.8762668,-2.1791528
social_facility,3,NUEVA PROSPERINA,GUAYAS,-79.9617058,-2.1332773
social_facility,5,NUEVA PROSPERINA,GUAYAS,-79.9617058,-2.1332773
social_facility,3,NUEVA PROSPERINA,GUAYAS,-79.9548853,-2.127441
hospital,4,DURÁN,GUAYAS,-79.8526575,-2.1689124
restaurant,3,ORELLANA LORETO,ORELLANA,-76.9834383,-0.4706459
restaurant,4,MACHALA,EL ORO,-79.9612906,-3.2567311
bank,5,PASCUALES,GUAYAS,-79.9341911,-2.069897
bank,6,PASCUALES,GUAYAS,-79.9341911,-2.069897
bank,3,PASCUALES,GUAYAS,-79.9341911,-2.069897
bank,4,PASCUALES,GUAYAS,-79.9341911,-2.069897
bank,9,PASCUALES,GUAYAS,-79.9341911,-2.069897
bank,4,ESTEROS,GUAYAS,-79.9190122,-2.2366344
police,5,PUEBLO VIEJO,LOS RÍOS,-79.5324782,-1.5491822
police,6,PUEBLO VIEJO,LOS RÍOS,-79.5324782,-1.5491822
police,3,PUEBLO VIEJO,LOS RÍOS,-79.5324782,-1.5491822
police,4,PUEBLO VIEJO,LOS RÍOS,-79.5324782,-1.5491822
police,7,PUEBLO VIEJO,LOS RÍOS,-79.5324782,-1.5491822
nightclub,5,PUEBLO VIEJO,LOS RÍOS,-79.5332444,-1.5498359
nightclub,6,PUEBLO VIEJO,LOS RÍOS,-79.5332444,-1.5498359
nightclub,3,PUEBLO VIEJO,LOS RÍOS,-79.5332444,-1.5498359
nightclub,4,PUEBLO VIEJO,LOS RÍOS,-79.5332444,-1.5498359
nightclub,7,PUEBLO VIEJO,LOS RÍOS,-79.5332444,-1.5498359
atm,5,PUEBLO VIEJO,LOS RÍOS,-79.5348898,-1.5506497
atm,6,PUEBLO VIEJO,LOS RÍOS,-79.5348898,-1.5506497
atm,3,PUEBLO VIEJO,LOS RÍOS,-79.5348898,-1.5506497
atm,4,PUEBLO VIEJO,LOS RÍOS,-79.5348898,-1.5506497
atm,7,PUEBLO VIEJO,LOS RÍOS,-79.5348898,-1.5506497
atm,5,PUEBLO VIEJO,LOS RÍOS,-79.5352773,-1.5514453
atm,6,PUEBLO VIEJO,LOS RÍOS,-79.5352773,-1.5514453
atm,3,PUEBLO VIEJO,LOS RÍOS,-79.5352773,-1.5514453
atm,4,PUEBLO VIEJO,LOS RÍOS,-79.5352773,-1.5514453
bar,5,PUEBLO VIEJO,LOS RÍOS,-79.5357615,-1.5506414
bar,6,PUEBLO VIEJO,LOS RÍOS,-79.5357615,-1.5506414
bar,3,PUEBLO VIEJO,LOS RÍOS,-79.5357615,-1.5506414
bar,4,PUEBLO VIEJO,LOS RÍOS,-79.5357615,-1.5506414
restaurant,5,PUEBLO VIEJO,LOS RÍOS,-79.530683,-1.5489225
hospital,3,PUEBLO VIEJO,LOS RÍOS,-79.5311992,-1.5519539
restaurant,5,PUEBLO VIEJO,LOS RÍOS,-79.5341663,-1.550097
restaurant,6,PUEBLO VIEJO,LOS RÍOS,-79.5341663,-1.550097
restaurant,3,PUEBLO VIEJO,LOS RÍOS,-79.5341663,-1.550097
restaurant,4,PUEBLO VIEJO,LOS RÍOS,-79.5341663,-1.550097
restaurant,7,PUEBLO VIEJO,LOS RÍOS,-79.5341663,-1.550097
restaurant,4,MACHALA,EL ORO,-80.0016555,-3.2653873
restaurant,3,LA JOYA DE LOS SACHAS,ORELLANA,-76.8561016,-0.2956725
restaurant,5,MACHALA,EL ORO,-79.9609898,-3.263497
restaurant,3,LA JOYA DE LOS SACHAS,ORELLANA,-76.8577554,-0.2936373
restaurant,3,LA JOYA DE LOS SACHAS,ORELLANA,-76.8560896,-0.2936713
bank,3,MANTA,MANABÍ,-80.7117806,-0.9637053
restaurant,3,9 DE OCTUBRE,GUAYAS,-79.8884204,-2.1864233
restaurant,3,MODELO,GUAYAS,-79.8884204,-2.1864233
restaurant,5,9 DE OCTUBRE,GUAYAS,-79.8884204,-2.1864233
restaurant,6,9 DE OCTUBRE,GUAYAS,-79.8884204,-2.1864233
restaurant,6,LAGO AGRIO,SUCUMBÍOS,-76.8896508,0.0883093
bank,4,MILAGRO,GUAYAS,-79.5926566,-2.1254174
restaurant,3,LIBERTAD SALINAS,SANTA ELENA,-80.9051431,-2.2278264
restaurant,3,SANTA ROSA,EL ORO,-79.9644423,-3.4530074
restaurant,3,SANTA ROSA,EL ORO,-79.9622981,-3.4525481
bank,5,SAN LORENZO,ESMERALDAS,-78.8349052,1.2857752
restaurant,4,ESMERALDAS,ESMERALDAS,-79.6509613,0.9648869
restaurant,3,ESMERALDAS,ESMERALDAS,-79.6509613,0.9648869
restaurant,6,ESMERALDAS,ESMERALDAS,-79.6509613,0.9648869
bar,7,ESTEROS,GUAYAS,-79.9284506,-2.2376598
bar,8,ESTEROS,GUAYAS,-79.9284506,-2.2376598
bar,6,ESTEROS,GUAYAS,-79.9284506,-2.2376598
bar,5,ESTEROS,GUAYAS,-79.9284506,-2.2376598
bar,4,ESTEROS,GUAYAS,-79.9284506,-2.2376598
bar,3,ESTEROS,GUAYAS,-79.9284506,-2.2376598
nightclub,4,9 DE OCTUBRE,GUAYAS,-79.885197,-2.1888192
nightclub,7,9 DE OCTUBRE,GUAYAS,-79.885197,-2.1888192
nightclub,3,9 DE OCTUBRE,GUAYAS,-79.8857052,-2.1880913
nightclub,4,9 DE OCTUBRE,GUAYAS,-79.8857052,-2.1880913
nightclub,7,9 DE OCTUBRE,GUAYAS,-79.8857052,-2.1880913
nightclub,5,9 DE OCTUBRE,GUAYAS,-79.8857052,-2.1880913
nightclub,6,9 DE OCTUBRE,GUAYAS,-79.8857052,-2.1880913
hospital,3,NUEVA PROSPERINA,GUAYAS,-79.96376,-2.1307368
hospital,4,NUEVA PROSPERINA,GUAYAS,-79.96376,-2.1307368
hospital,5,NUEVA PROSPERINA,GUAYAS,-79.96376,-2.1307368
atm,6,PASCUALES,GUAYAS,-79.9409928,-2.0703011
atm,5,PASCUALES,GUAYAS,-79.9409928,-2.0703011
restaurant,6,MACHALA,EL ORO,-79.956729,-3.2665172
restaurant,3,SUR - DMG,GUAYAS,-79.8829864,-2.2513575
restaurant,6,SUR - DMG,GUAYAS,-79.8829864,-2.2513575
restaurant,5,SUR - DMG,GUAYAS,-79.8829864,-2.2513575
bus_station,3,PORTOVIEJO,MANABÍ,-80.4574316,-1.0627497
restaurant,4,SANTA ROSA,EL ORO,-79.9662615,-3.4566732
restaurant,3,SANTA ROSA,EL ORO,-79.9662615,-3.4566732
restaurant,5,NUEVA PROSPERINA,GUAYAS,-79.9589739,-2.1080353
restaurant,4,NUEVA PROSPERINA,GUAYAS,-79.9589739,-2.1080353
restaurant,3,NUEVA PROSPERINA,GUAYAS,-79.9589739,-2.1080353
restaurant,7,NUEVA PROSPERINA,GUAYAS,-79.9589739,-2.1080353
restaurant,4,MACHALA,EL ORO,-79.9712488,-3.2677612
bar,5,PORTOVIEJO,MANABÍ,-80.4452021,-1.0781689
bank,3,HUAQUILLAS,EL ORO,-80.2390564,-3.4815602
bank,3,HUAQUILLAS,EL ORO,-80.2386478,-3.4816392
bus_station,3,HUAQUILLAS,EL ORO,-80.241333,-3.4797259
atm,3,9 DE OCTUBRE,GUAYAS,-79.8863309,-2.1917238
bank,3,MACHALA,EL ORO,-79.953907,-3.2574699
bank,3,BUENA FE,LOS RÍOS,-79.3541576,-0.9503137
restaurant,3,PUEBLO VIEJO,LOS RÍOS,-79.5592066,-1.6232538
bank,3,PLAYAS,GUAYAS,-80.3915524,-2.6359196
bank,4,PLAYAS,GUAYAS,-80.3915524,-2.6359196
bank,8,PLAYAS,GUAYAS,-80.3915524,-2.6359196
bank,6,PLAYAS,GUAYAS,-80.3915524,-2.6359196
bank,7,PLAYAS,GUAYAS,-80.3915524,-2.6359196
bank,5,PLAYAS,GUAYAS,-80.3915524,-2.6359196
restaurant,4,JIPIJAPA,MANABÍ,-80.8095353,-1.5595781
atm,3,NARANJAL BALAO,GUAYAS,-79.8166548,-2.9101097
atm,7,NARANJAL BALAO,GUAYAS,-79.8166548,-2.9101097
atm,3,NARANJAL BALAO,GUAYAS,-79.8167058,-2.9101338
atm,7,NARANJAL BALAO,GUAYAS,-79.8167058,-2.9101338
restaurant,7,NARANJAL BALAO,GUAYAS,-79.8160211,-2.9086511
atm,3,SUR - DMG,GUAYAS,-79.8963433,-2.263832
restaurant,4,LIBERTAD SALINAS,SANTA ELENA,-80.9105665,-2.2236306
restaurant,5,LIBERTAD SALINAS,SANTA ELENA,-80.9105665,-2.2236306
restaurant,3,9 DE OCTUBRE,GUAYAS,-79.8982207,-2.1955852
restaurant,3,9 DE OCTUBRE,GUAYAS,-79.898315,-2.19712
restaurant,5,9 DE OCTUBRE,GUAYAS,-79.9021727,-2.1972534
restaurant,5,9 DE OCTUBRE,GUAYAS,-79.9024001,-2.1971921
restaurant,5,9 DE OCTUBRE,GUAYAS,-79.9026852,-2.1971056
restaurant,5,9 DE OCTUBRE,GUAYAS,-79.9027357,-2.1967017
restaurant,5,9 DE OCTUBRE,GUAYAS,-79.9027862,-2.1969469
bar,5,9 DE OCTUBRE,GUAYAS,-79.9030244,-2.1970515
restaurant,5,9 DE OCTUBRE,GUAYAS,-79.9031543,-2.1969686
restaurant,4,FLORIDA,GUAYAS,-79.904743,-2.1871638
hospital,4,DURÁN,GUAYAS,-79.8440911,-2.1641849
hospital,5,DURÁN,GUAYAS,-79.8440911,-2.1641849
hospital,3,DURÁN,GUAYAS,-79.8440911,-2.1641849
hospital,8,DURÁN,GUAYAS,-79.8440911,-2.1641849
hospital,10,DURÁN,GUAYAS,-79.8440911,-2.1641849
nightclub,3,ELOY ALFARO - DMQ,PICHINCHA,-78.538656,-0.2617794
bar,4,9 DE OCTUBRE,GUAYAS,-79.8836425,-2.1885918
bar,7,9 DE OCTUBRE,GUAYAS,-79.8836425,-2.1885918
restaurant,3,LIBERTAD SALINAS,SANTA ELENA,-80.9046383,-2.2275916
restaurant,3,SUCRE,MANABÍ,-80.4260758,-0.6207576
restaurant,5,PASCUALES,GUAYAS,-79.9040082,-2.092495
restaurant,4,PASCUALES,GUAYAS,-79.9040082,-2.092495
bar,3,9 DE OCTUBRE,GUAYAS,-79.8769533,-2.180856
bar,3,9 DE OCTUBRE,GUAYAS,-79.8790993,-2.1811872
bar,3,9 DE OCTUBRE,GUAYAS,-79.8764829,-2.1778069
restaurant,3,ORELLANA LORETO,ORELLANA,-76.9857969,-0.4729527
restaurant,3,SAMBORONDÓN,GUAYAS,-79.7246839,-1.9613366
restaurant,4,SAMBORONDÓN,GUAYAS,-79.7246839,-1.9613366
police,3,YAGUACHI,GUAYAS,-79.6904102,-2.0977242
social_facility,5,MANTA,MANABÍ,-80.7250685,-0.9472757
social_facility,5,MANTA,MANABÍ,-80.7060012,-0.9815026
social_facility,6,MANTA,MANABÍ,-80.7060012,-0.9815026
social_facility,3,MANTA,MANABÍ,-80.7060012,-0.9815026
social_facility,4,MANTA,MANABÍ,-80.7060012,-0.9815026
bank,3,SAMBORONDÓN,GUAYAS,-79.7241608,-1.9610187
bank,4,SAMBORONDÓN,GUAYAS,-79.7241608,-1.9610187
atm,5,MACHALA,EL ORO,-79.9519957,-3.2517759
atm,3,9 DE OCTUBRE,GUAYAS,-79.8875723,-2.1911286
bank,7,PASCUALES,GUAYAS,-79.9360139,-2.1010613
restaurant,3,MACHALA,EL ORO,-79.9606637,-3.2562106
restaurant,4,MACHALA,EL ORO,-79.9606637,-3.2562106
bar,3,PEDERNALES,MANABÍ,-80.0531961,0.0712427
bar,3,PEDERNALES,MANABÍ,-80.0582174,0.0622111
restaurant,3,MANTA,MANABÍ,-80.7067083,-0.996123
atm,3,PEDERNALES,MANABÍ,-80.0519434,0.0705522
restaurant,4,MANTA,MANABÍ,-80.6370722,-0.9583383
restaurant,3,9 DE OCTUBRE,GUAYAS,-79.915499,-2.2131464
restaurant,5,9 DE OCTUBRE,GUAYAS,-79.915499,-2.2131464
atm,5,MANTA,MANABÍ,-80.7265841,-0.9482154
restaurant,3,MANTA,MANABÍ,-80.7305376,-0.9523828
restaurant,4,MANTA,MANABÍ,-80.7305376,-0.9523828
restaurant,3,MANTA,MANABÍ,-80.7149575,-0.9539237
restaurant,3,ROCAFUERTE,MANABÍ,-80.2326079,-0.788198
restaurant,3,9 DE OCTUBRE,GUAYAS,-79.8855219,-2.1885986
restaurant,4,9 DE OCTUBRE,GUAYAS,-79.8855219,-2.1885986
restaurant,7,9 DE OCTUBRE,GUAYAS,-79.8855219,-2.1885986
restaurant,5,9 DE OCTUBRE,GUAYAS,-79.8855219,-2.1885986
restaurant,4,9 DE OCTUBRE,GUAYAS,-79.8848697,-2.1886656
restaurant,7,9 DE OCTUBRE,GUAYAS,-79.8848697,-2.1886656
restaurant,3,SUR - DMG,GUAYAS,-79.8843726,-2.2514
restaurant,4,SUR - DMG,GUAYAS,-79.8843726,-2.2514
restaurant,6,SUR - DMG,GUAYAS,-79.8843726,-2.2514
restaurant,5,SUR - DMG,GUAYAS,-79.8843726,-2.2514
restaurant,3,BABAHOYO,LOS RÍOS,-79.5365569,-1.8012074
restaurant,4,BABAHOYO,LOS RÍOS,-79.5365569,-1.8012074
restaurant,3,9 DE OCTUBRE,GUAYAS,-79.8761855,-2.1782751
bank,4,MACHALA,EL ORO,-79.960658,-3.2575138
bank,3,ESMERALDAS,ESMERALDAS,-79.6513241,0.9633236
bank,6,ESMERALDAS,ESMERALDAS,-79.6513241,0.9633236
bank,4,ESMERALDAS,ESMERALDAS,-79.6513241,0.9633236
bank,3,MANTA,MANABÍ,-80.7293561,-0.9497351
restaurant,3,9 DE OCTUBRE,GUAYAS,-79.876387,-2.1782408
restaurant,3,MANTA,MANABÍ,-80.7100098,-0.96143
restaurant,5,MANTA,MANABÍ,-80.7254147,-0.947344
restaurant,5,MANTA,MANABÍ,-80.726639,-0.9485163
bank,3,ESMERALDAS,ESMERALDAS,-79.6543096,0.9751057
bank,6,ESMERALDAS,ESMERALDAS,-79.6543096,0.9751057
bank,7,ESMERALDAS,ESMERALDAS,-79.6543096,0.9751057
bank,4,ESMERALDAS,ESMERALDAS,-79.6543096,0.9751057
bank,5,ESMERALDAS,ESMERALDAS,-79.6543096,0.9751057
bank,5,MANTA,MANABÍ,-80.7238115,-0.9471417
restaurant,3,MANTA,MANABÍ,-80.7319073,-0.9488215
restaurant,3,MANTA,MANABÍ,-80.7315661,-0.9492595
bus_station,3,HUAQUILLAS,EL ORO,-80.2391776,-3.482419
restaurant,3,CEIBOS,GUAYAS,-80.0798301,-2.2358053
restaurant,3,BABAHOYO,LOS RÍOS,-79.5346932,-1.799439
bank,3,BABAHOYO,LOS RÍOS,-79.5333228,-1.7980564
bank,5,BABAHOYO,LOS RÍOS,-79.5333228,-1.7980564
restaurant,3,9 DE OCTUBRE,GUAYAS,-79.9013965,-2.1927406
restaurant,3,MODELO,GUAYAS,-79.890727,-2.18954
restaurant,3,PORTETE,GUAYAS,-79.9349739,-2.2059429
restaurant,4,PORTETE,GUAYAS,-79.9349739,-2.2059429
restaurant,7,PORTETE,GUAYAS,-79.9349739,-2.2059429
atm,3,PORTETE,GUAYAS,-79.9351864,-2.2067886
atm,4,PORTETE,GUAYAS,-79.9351864,-2.2067886
atm,7,PORTETE,GUAYAS,-79.9351864,-2.2067886
restaurant,3,PORTETE,GUAYAS,-79.9346679,-2.2050865
restaurant,4,PORTETE,GUAYAS,-79.9346679,-2.2050865
restaurant,3,PORTETE,GUAYAS,-79.9183423,-2.2001814
restaurant,3,PORTETE,GUAYAS,-79.9183611,-2.2002645
restaurant,3,PORTETE,GUAYAS,-79.9170466,-2.2013793
restaurant,3,PORTETE,GUAYAS,-79.9178057,-2.200289
restaurant,3,PORTETE,GUAYAS,-79.9175493,-2.2003668
hospital,5,NUEVA PROSPERINA,GUAYAS,-79.9556439,-2.1053573
hospital,3,NUEVA PROSPERINA,GUAYAS,-79.9556439,-2.1053573
hospital,8,NUEVA PROSPERINA,GUAYAS,-79.9556439,-2.1053573
hospital,12,NUEVA PROSPERINA,GUAYAS,-79.9556439,-2.1053573
hospital,15,NUEVA PROSPERINA,GUAYAS,-79.9556439,-2.1053573
hospital,4,NUEVA PROSPERINA,GUAYAS,-79.9556439,-2.1053573
hospital,7,NUEVA PROSPERINA,GUAYAS,-79.9556439,-2.1053573
police,3,PUEBLO VIEJO,LOS RÍOS,-79.5632506,-1.6255986
police,4,PUEBLO VIEJO,LOS RÍOS,-79.5632506,-1.6255986
atm,3,PUEBLO VIEJO,LOS RÍOS,-79.5629011,-1.6248693
atm,4,PUEBLO VIEJO,LOS RÍOS,-79.5629011,-1.6248693
atm,3,PUEBLO VIEJO,LOS RÍOS,-79.562357,-1.6244738
atm,4,PUEBLO VIEJO,LOS RÍOS,-79.562357,-1.6244738
bar,3,PUEBLO VIEJO,LOS RÍOS,-79.5638424,-1.6253395
bar,4,PUEBLO VIEJO,LOS RÍOS,-79.5638424,-1.6253395
restaurant,3,PUEBLO VIEJO,LOS RÍOS,-79.5630094,-1.6260674
restaurant,4,PUEBLO VIEJO,LOS RÍOS,-79.5630094,-1.6260674
restaurant,3,ORELLANA LORETO,ORELLANA,-76.9849491,-0.4710819
restaurant,3,PASCUALES,GUAYAS,-79.8981588,-2.0894749
bar,3,PUEBLO VIEJO,LOS RÍOS,-79.5632631,-1.6249257
bar,4,PUEBLO VIEJO,LOS RÍOS,-79.5632631,-1.6249257
restaurant,3,PORTETE,GUAYAS,-79.9358116,-2.2094976
restaurant,7,PORTETE,GUAYAS,-79.9358116,-2.2094976
restaurant,4,VENTANAS,LOS RÍOS,-79.4650209,-1.4441641
restaurant,3,VENTANAS,LOS RÍOS,-79.4650209,-1.4441641
restaurant,5,VENTANAS,LOS RÍOS,-79.4650209,-1.4441641
restaurant,4,PUEBLO VIEJO,LOS RÍOS,-79.4688263,-1.5718844
restaurant,4,PUEBLO VIEJO,LOS RÍOS,-79.4690043,-1.5717082
restaurant,3,PUEBLO VIEJO,LOS RÍOS,-79.4690043,-1.5717082
atm,4,MODELO,GUAYAS,-79.8862396,-2.1536545
atm,4,MODELO,GUAYAS,-79.886239,-2.1536401
bus_station,4,FLORIDA,GUAYAS,-79.926218,-2.1485896
bus_station,3,FLORIDA,GUAYAS,-79.926218,-2.1485896
bank,3,PUEBLO VIEJO,LOS RÍOS,-79.4715574,-1.5719435
hospital,3,ESTEROS,GUAYAS,-79.9059656,-2.2493295
restaurant,3,PROGRESO,GUAYAS,-80.2474924,-2.7145569
restaurant,5,PROGRESO,GUAYAS,-80.2474924,-2.7145569
hospital,9,NUEVA PROSPERINA,GUAYAS,-79.948751,-2.1003467
hospital,6,NUEVA PROSPERINA,GUAYAS,-79.948751,-2.1003467
hospital,3,NUEVA PROSPERINA,GUAYAS,-79.948751,-2.1003467
bar,10,NUEVA PROSPERINA,GUAYAS,-79.9483409,-2.10181
bar,6,NUEVA PROSPERINA,GUAYAS,-79.9483409,-2.10181
bar,9,NUEVA PROSPERINA,GUAYAS,-79.9483409,-2.10181
bar,14,NUEVA PROSPERINA,GUAYAS,-79.9483409,-2.10181
bar,4,PASCUALES,GUAYAS,-79.9483409,-2.10181
restaurant,3,MACHALA,EL ORO,-79.9622119,-3.2625983
restaurant,14,MACHALA,EL ORO,-79.9622119,-3.2625983
restaurant,19,MACHALA,EL ORO,-79.9622119,-3.2625983
restaurant,4,MACHALA,EL ORO,-79.9622119,-3.2625983
bank,3,HUAQUILLAS,EL ORO,-80.2366931,-3.4826956
restaurant,3,SUR - DMG,GUAYAS,-79.8817338,-2.2526017
restaurant,6,SUR - DMG,GUAYAS,-79.8817338,-2.2526017
restaurant,3,SUR - DMG,GUAYAS,-79.8831252,-2.2549308
restaurant,4,SUR - DMG,GUAYAS,-79.8831252,-2.2549308
atm,3,SUR - DMG,GUAYAS,-79.8848947,-2.251292
atm,4,SUR - DMG,GUAYAS,-79.8848947,-2.251292
atm,6,SUR - DMG,GUAYAS,-79.8848947,-2.251292
atm,5,SUR - DMG,GUAYAS,-79.8848947,-2.251292
atm,3,SUR - DMG,GUAYAS,-79.8847663,-2.2513433
atm,4,SUR - DMG,GUAYAS,-79.8847663,-2.2513433
atm,6,SUR - DMG,GUAYAS,-79.8847663,-2.2513433
atm,5,SUR - DMG,GUAYAS,-79.8847663,-2.2513433
atm,3,SUR - DMG,GUAYAS,-79.8847266,-2.2513433
atm,4,SUR - DMG,GUAYAS,-79.8847266,-2.2513433
atm,6,SUR - DMG,GUAYAS,-79.8847266,-2.2513433
atm,5,SUR - DMG,GUAYAS,-79.8847266,-2.2513433
atm,3,ESTEROS,GUAYAS,-79.8941312,-2.2509915
atm,6,SUR - DMG,GUAYAS,-79.8941312,-2.2509915
atm,3,ESTEROS,GUAYAS,-79.8940856,-2.2509701
atm,6,SUR - DMG,GUAYAS,-79.8940856,-2.2509701
atm,3,ESTEROS,GUAYAS,-79.89404,-2.2509701
atm,6,SUR - DMG,GUAYAS,-79.89404,-2.2509701
restaurant,3,SUR - DMG,GUAYAS,-79.8879049,-2.2507347
restaurant,4,SUR - DMG,GUAYAS,-79.8879049,-2.2507347
restaurant,5,SUR - DMG,GUAYAS,-79.8879049,-2.2507347
restaurant,6,SUR - DMG,GUAYAS,-79.8879049,-2.2507347
hospital,4,ESTEROS,GUAYAS,-79.9215212,-2.2364865
restaurant,3,BABAHOYO,LOS RÍOS,-79.5364376,-1.8006707
restaurant,4,BABAHOYO,LOS RÍOS,-79.5364376,-1.8006707
restaurant,5,PUEBLO VIEJO,LOS RÍOS,-79.5357133,-1.5507065
restaurant,6,PUEBLO VIEJO,LOS RÍOS,-79.5357133,-1.5507065
restaurant,3,PUEBLO VIEJO,LOS RÍOS,-79.5357133,-1.5507065
restaurant,4,PUEBLO VIEJO,LOS RÍOS,-79.5357133,-1.5507065
restaurant,3,LA JOYA DE LOS SACHAS,ORELLANA,-76.8550706,-0.2947798
restaurant,3,LA JOYA DE LOS SACHAS,ORELLANA,-76.8564212,-0.2963483
restaurant,4,BABAHOYO,LOS RÍOS,-79.5306391,-1.8043028
